                   t                divB                mass
    0.0000000000e+00    7.0278713513e-13    3.3935825559e-03
    1.0002711454e+00    7.0471900363e-13    3.3934144935e-03
    2.0000383393e+00    7.0840188328e-13    3.3932485202e-03
    3.0003172116e+00    7.1323527410e-13    3.3930849146e-03
    4.0000971320e+00    7.1202573735e-13    3.3929222718e-03
    5.0003178894e+00    7.1121529406e-13    3.3927588068e-03
    6.0001083569e+00    7.1485884365e-13    3.3925930199e-03
    7.0000352125e+00    7.1679577322e-13    3.3924242605e-03
    8.0002016131e+00    7.1924088384e-13    3.3922534530e-03
    9.0001552484e+00    7.1704346118e-13    3.3920826009e-03
    1.0000210431e+01    7.1828970599e-13    3.3919135779e-03
    1.1000366496e+01    7.1858117533e-13    3.3917477639e-03
    1.2000205340e+01    7.2594516631e-13    3.3915860115e-03
    1.3000086347e+01    7.2262351350e-13    3.3914284410e-03
    1.4000025933e+01    7.1841129383e-13    3.3912746384e-03
    1.5000297398e+01    7.2145275802e-13    3.3911236645e-03
    1.6000081314e+01    7.2145873375e-13    3.3909744459e-03
    1.7000087977e+01    7.2329053924e-13    3.3908257308e-03
    1.8000315540e+01    7.2820539513e-13    3.3906768595e-03
    1.9000025700e+01    7.2905260745e-13    3.3905276039e-03
    2.0000161713e+01    7.2958347189e-13    3.3903774841e-03
    2.1000233295e+01    7.2696658949e-13    3.3902262483e-03
    2.2000281684e+01    7.2517283355e-13    3.3900736548e-03
    2.3000018888e+01    7.2708555532e-13    3.3899205423e-03
    2.4000233814e+01    7.2453154004e-13    3.3897684410e-03
    2.5000189967e+01    7.2389640520e-13    3.3896183933e-03
    2.6000214328e+01    7.2457587021e-13    3.3894696803e-03
    2.7000287598e+01    7.2713134893e-13    3.3893203387e-03
    2.8000062644e+01    7.2064853438e-13    3.3891684448e-03
    2.9000196687e+01    7.2001577763e-13    3.3890128193e-03
    3.0000219331e+01    7.2041157834e-13    3.3888536441e-03
    3.1000132134e+01    7.1819122838e-13    3.3886917637e-03
    3.2000298808e+01    7.2074225579e-13    3.3885283383e-03
    3.3000308119e+01    7.2139507392e-13    3.3883654270e-03
    3.4000245995e+01    7.1801610288e-13    3.3882052385e-03
    3.5000091035e+01    7.2196508550e-13    3.3880492000e-03
    3.6000136899e+01    7.2298632574e-13    3.3878973922e-03
    3.7000263967e+01    7.2339956584e-13    3.3877493138e-03
    3.8000306004e+01    7.1926118913e-13    3.3876047988e-03
    3.9000090332e+01    7.2112677579e-13    3.3874645657e-03
    4.0000319023e+01    7.2264516028e-13    3.3873289857e-03
    4.1000225465e+01    7.2515954060e-13    3.3871971437e-03
    4.2000161038e+01    7.2723811939e-13    3.3870673786e-03
    4.3000160805e+01    7.2765166437e-13    3.3869391155e-03
    4.4000149757e+01    7.2828131130e-13    3.3868130774e-03
    4.5000012357e+01    7.2990360034e-13    3.3866906162e-03
    4.6000125349e+01    7.3053062526e-13    3.3865725103e-03
    4.7000200760e+01    7.2928956348e-13    3.3864584702e-03
    4.8000205032e+01    7.2618346383e-13    3.3863478091e-03
    4.9000038978e+01    7.2855137776e-13    3.3862389829e-03
    5.0000134829e+01    7.2267449014e-13    3.3861287978e-03
    5.1000119941e+01    7.1943594878e-13    3.3860137548e-03
    5.2000139660e+01    7.1769823057e-13    3.3858918857e-03
    5.3000263643e+01    7.1480615965e-13    3.3857625743e-03
    5.4000107746e+01    7.1178731787e-13    3.3856252108e-03
    5.5000017180e+01    7.1119724492e-13    3.3854788060e-03
    5.6000324380e+01    7.1225190048e-13    3.3853222084e-03
    5.7000319415e+01    7.1286453487e-13    3.3851559642e-03
    5.8000005611e+01    7.1313429644e-13    3.3849823797e-03
    5.9000020125e+01    7.1159707011e-13    3.3848046923e-03
    6.0000267780e+01    7.1433767453e-13    3.3846254317e-03
    6.1000026920e+01    7.1673784522e-13    3.3844468314e-03
    6.2000085532e+01    7.1948442537e-13    3.3842700430e-03
    6.3000020636e+01    7.2042035901e-13    3.3840963787e-03
    6.4000214408e+01    7.2105354260e-13    3.3839268459e-03
    6.5000188282e+01    7.1771701144e-13    3.3837611776e-03
    6.6000101083e+01    7.1377058985e-13    3.3835978741e-03
    6.7000252101e+01    7.1223122933e-13    3.3834356697e-03
    6.8000194977e+01    7.1640893610e-13    3.3832753730e-03
    6.9000192606e+01    7.1782000134e-13    3.3831174064e-03
    7.0000266470e+01    7.1746048184e-13    3.3829608669e-03
    7.1000066799e+01    7.1705230282e-13    3.3828052833e-03
    7.2000326626e+01    7.2090713719e-13    3.3826506511e-03
    7.3000223629e+01    7.2177544750e-13    3.3824968432e-03
    7.4000024216e+01    7.1706236400e-13    3.3823434788e-03
    7.5000090718e+01    7.1436938249e-13    3.3821906685e-03
    7.6000062283e+01    7.1007173426e-13    3.3820394992e-03
    7.7000248817e+01    7.0964440851e-13    3.3818914613e-03
    7.8000000789e+01    7.1223799776e-13    3.3817478980e-03
    7.9000251185e+01    7.0846548213e-13    3.3816093394e-03
    8.0000194028e+01    7.0967873848e-13    3.3814757215e-03
    8.1000165076e+01    7.0943775797e-13    3.3813461788e-03
    8.2000019843e+01    7.1140609062e-13    3.3812194192e-03
    8.3000361993e+01    7.0968068973e-13    3.3810940419e-03
    8.4000120342e+01    7.1156365480e-13    3.3809689984e-03
    8.5000023218e+01    7.1221330213e-13    3.3808434832e-03
    8.6000351770e+01    7.1392876379e-13    3.3807174741e-03
    8.7000009670e+01    7.1685967696e-13    3.3805911156e-03
    8.8000022058e+01    7.2008687663e-13    3.3804641574e-03
    8.9000205010e+01    7.1714523154e-13    3.3803367101e-03
    9.0000189846e+01    7.1324984757e-13    3.3802085399e-03
    9.1000051300e+01    7.1486762432e-13    3.3800793611e-03
    9.2000002424e+01    7.1492689381e-13    3.3799484895e-03
    9.3000275751e+01    7.2016029275e-13    3.3798158889e-03
    9.4000272705e+01    7.1963717238e-13    3.3796819655e-03
    9.5000250445e+01    7.2048962871e-13    3.3795470884e-03
    9.6000044463e+01    7.1946942507e-13    3.3794120525e-03
    9.7000137449e+01    7.1828635227e-13    3.3792783030e-03
    9.8000265480e+01    7.2136214643e-13    3.3791476813e-03
    9.9000010236e+01    7.2092811322e-13    3.3790210910e-03
    1.0000025227e+02    7.1810726327e-13    3.3788977134e-03
    1.0100016662e+02    7.1763890010e-13    3.3787752733e-03
    1.0200014894e+02    7.1736255302e-13    3.3786509849e-03
    1.0300014566e+02    7.1774621935e-13    3.3785219191e-03
    1.0400008352e+02    7.1816738644e-13    3.3783847752e-03
    1.0500017916e+02    7.1916484571e-13    3.3782369218e-03
    1.0600006563e+02    7.1829409633e-13    3.3780783065e-03
    1.0700030649e+02    7.1458017946e-13    3.3779106010e-03
    1.0800032135e+02    7.1173579244e-13    3.3777370018e-03
    1.0900027718e+02    7.1686918935e-13    3.3775603139e-03
    1.1000025155e+02    7.1525354679e-13    3.3773828858e-03
    1.1100000099e+02    7.1802183470e-13    3.3772065371e-03
    1.1200010616e+02    7.1905155073e-13    3.3770327913e-03
    1.1300004693e+02    7.1294910975e-13    3.3768629506e-03
    1.1400018078e+02    7.1499268783e-13    3.3766975281e-03
    1.1500033064e+02    7.1130364952e-13    3.3765357640e-03
    1.1600015688e+02    7.1128608818e-13    3.3763751299e-03
    1.1700007880e+02    7.1119840348e-13    3.3762134259e-03
    1.1800035676e+02    7.1169170618e-13    3.3760494482e-03
    1.1900013354e+02    7.1051936530e-13    3.3758830818e-03
    1.2000016665e+02    7.0979264323e-13    3.3757148685e-03
    1.2100006843e+02    7.1036064256e-13    3.3755461726e-03
    1.2200032555e+02    7.1422297708e-13    3.3753785382e-03
    1.2300010978e+02    7.1661820864e-13    3.3752137377e-03
    1.2400009083e+02    7.1173310946e-13    3.3750523580e-03
    1.2500035577e+02    7.1373223541e-13    3.3748953008e-03
    1.2600023737e+02    7.1573758101e-13    3.3747444942e-03
    1.2700004234e+02    7.1561184675e-13    3.3746001561e-03
    1.2800020497e+02    7.1092254422e-13    3.3744607979e-03
    1.2900018009e+02    7.1368070997e-13    3.3743246386e-03
    1.3000004162e+02    7.0907079930e-13    3.3741894848e-03
    1.3100029801e+02    7.0831304001e-13    3.3740533770e-03
    1.3200035864e+02    7.0709057617e-13    3.3739158227e-03
    1.3300007091e+02    7.0639495229e-13    3.3737777929e-03
    1.3400013527e+02    7.0755528073e-13    3.3736410040e-03
    1.3500006327e+02    7.0481693244e-13    3.3735069741e-03
    1.3600013053e+02    6.9975323207e-13    3.3733762282e-03
    1.3700024057e+02    6.9955170359e-13    3.3732489552e-03
    1.3800010205e+02    6.9533344721e-13    3.3731250173e-03
    1.3900026701e+02    6.9651816639e-13    3.3730036857e-03
    1.4000011900e+02    6.9569918634e-13    3.3728840741e-03
    1.4100005004e+02    6.9470349540e-13    3.3727652140e-03
    1.4200011302e+02    6.9842594902e-13    3.3726469330e-03
    1.4300021366e+02    6.9482733937e-13    3.3725293945e-03
    1.4400031056e+02    6.9097268794e-13    3.3724124697e-03
    1.4500005746e+02    6.9221374972e-13    3.3722954728e-03
    1.4600024430e+02    6.9127555994e-13    3.3721777442e-03
    1.4700029629e+02    6.9247180374e-13    3.3720593407e-03
    1.4800029448e+02    6.9164636015e-13    3.3719399393e-03
    1.4900035566e+02    6.9196039092e-13    3.3718182367e-03
    1.5000034483e+02    6.9309084070e-13    3.3716928953e-03
    1.5100000210e+02    6.9187965757e-13    3.3715630738e-03
    1.5200027423e+02    6.9032889438e-13    3.3714279676e-03
    1.5300007151e+02    6.9141879456e-13    3.3712869134e-03
    1.5400023548e+02    6.9020584310e-13    3.3711387499e-03
    1.5500010274e+02    6.9166703131e-13    3.3709821058e-03
    1.5600009225e+02    6.8733102863e-13    3.3708160149e-03
    1.5700019725e+02    6.8839001355e-13    3.3706418674e-03
    1.5800013358e+02    6.9364109578e-13    3.3704630948e-03
    1.5900013722e+02    6.9012010965e-13    3.3702832921e-03
    1.6000017368e+02    6.9298699713e-13    3.3701046439e-03
    1.6100030348e+02    6.9630493035e-13    3.3699288320e-03
    1.6200026648e+02    6.9432037786e-13    3.3697573807e-03
    1.6300016102e+02    6.9576150468e-13    3.3695918641e-03
    1.6400026999e+02    6.9554143924e-13    3.3694328205e-03
    1.6500021811e+02    6.9738537912e-13    3.3692807458e-03
    1.6600006866e+02    6.9333352856e-13    3.3691347074e-03
    1.6700019338e+02    6.9826344573e-13    3.3689920258e-03
    1.6800031152e+02    6.9630084490e-13    3.3688501196e-03
    1.6900009099e+02    6.9586357993e-13    3.3687076246e-03
    1.7000030694e+02    6.9543491269e-13    3.3685638922e-03
    1.7100023484e+02    6.9592455677e-13    3.3684197243e-03
    1.7200024583e+02    6.9187118179e-13    3.3682765069e-03
    1.7300006551e+02    6.8999242413e-13    3.3681356538e-03
    1.7400009771e+02    6.8590819487e-13    3.3679985378e-03
    1.7500021150e+02    6.8468963354e-13    3.3678653509e-03
    1.7600035993e+02    6.8574727696e-13    3.3677352586e-03
    1.7700010006e+02    6.8501451818e-13    3.3676071086e-03
    1.7800026449e+02    6.8247343001e-13    3.3674796995e-03
    1.7900035408e+02    6.8198842016e-13    3.3673520398e-03
    1.8000024002e+02    6.8411267061e-13    3.3672240206e-03
    1.8100007110e+02    6.8023155522e-13    3.3670962200e-03
    1.8200004837e+02    6.8233025637e-13    3.3669692241e-03
    1.8300023419e+02    6.8677156605e-13    3.3668433916e-03
    1.8400002406e+02    6.8386729977e-13    3.3667186054e-03
    1.8500022716e+02    6.8010472337e-13    3.3665938181e-03
    1.8600010441e+02    6.8259745691e-13    3.3664681603e-03
    1.8700007458e+02    6.8220452211e-13    3.3663408054e-03
    1.8800023565e+02    6.7460339216e-13    3.3662119593e-03
    1.8900034430e+02    6.7358849351e-13    3.3660819249e-03
    1.9000015777e+02    6.7649123537e-13    3.3659503733e-03
    1.9100013886e+02    6.7365739735e-13    3.3658167495e-03
    1.9200007233e+02    6.7811779279e-13    3.3656811429e-03
    1.9300021538e+02    6.7881646551e-13    3.3655442408e-03
    1.9400032399e+02    6.7798516814e-13    3.3654068331e-03
    1.9500021994e+02    6.7408362551e-13    3.3652691655e-03
    1.9600002468e+02    6.7600012784e-13    3.3651325612e-03
    1.9700008992e+02    6.7613500863e-13    3.3649984939e-03
    1.9800010669e+02    6.7865902329e-13    3.3648675837e-03
    1.9900015120e+02    6.7807169429e-13    3.3647396835e-03
    2.0000028300e+02    6.7641025812e-13    3.3646144432e-03
    2.0100014479e+02    6.7431222772e-13    3.3644908035e-03
    2.0200013476e+02    6.7733838672e-13    3.3643673255e-03
    2.0300026305e+02    6.8018795677e-13    3.3642431552e-03
    2.0400033370e+02    6.7946013712e-13    3.3641167374e-03
    2.0500023209e+02    6.8115700084e-13    3.3639860637e-03
    2.0600012037e+02    6.8463079088e-13    3.3638493375e-03
    2.0700027990e+02    6.8661467263e-13    3.3637058128e-03
    2.0800005186e+02    6.8460225372e-13    3.3635566226e-03
    2.0900000995e+02    6.8499073721e-13    3.3634027923e-03
    2.1000018994e+02    6.8548288135e-13    3.3632452429e-03
    2.1100027793e+02    6.8665028310e-13    3.3630854718e-03
    2.1200028948e+02    6.8486079555e-13    3.3629247811e-03
    2.1300026234e+02    6.8594093943e-13    3.3627640847e-03
    2.1400026477e+02    6.8621167664e-13    3.3626035573e-03
    2.1500034983e+02    6.8849208879e-13    3.3624431608e-03
    2.1600016188e+02    6.9088762524e-13    3.3622829929e-03
    2.1700004822e+02    6.9138422068e-13    3.3621230945e-03
    2.1800035262e+02    6.9420696092e-13    3.3619636298e-03
    2.1900035855e+02    6.9396128520e-13    3.3618056054e-03
    2.2000018319e+02    6.9620608688e-13    3.3616499406e-03
    2.2100009483e+02    6.9941554229e-13    3.3614973447e-03
    2.2200029727e+02    6.9575650458e-13    3.3613484776e-03
    2.2300032454e+02    6.9698579783e-13    3.3612038230e-03
    2.2400024374e+02    6.9159471276e-13    3.3610636561e-03
    2.2500004725e+02    6.9159684695e-13    3.3609269622e-03
    2.2600006026e+02    6.8881697344e-13    3.3607919955e-03
    2.2700029127e+02    6.8816165525e-13    3.3606571589e-03
    2.2800005943e+02    6.8617887109e-13    3.3605212659e-03
    2.2900023030e+02    6.8013600450e-13    3.3603834295e-03
    2.3000013262e+02    6.8051698784e-13    3.3602434995e-03
    2.3100012520e+02    6.8014411442e-13    3.3601022641e-03
    2.3200021868e+02    6.7806834057e-13    3.3599612940e-03
    2.3300004520e+02    6.8022271358e-13    3.3598216251e-03
    2.3400032484e+02    6.8115669595e-13    3.3596834129e-03
    2.3500001318e+02    6.7904445795e-13    3.3595464467e-03
    2.3600029729e+02    6.7896098064e-13    3.3594104561e-03
    2.3700033586e+02    6.8067345443e-13    3.3592757614e-03
    2.3800024726e+02    6.8316155373e-13    3.3591423438e-03
    2.3900035740e+02    6.8188914985e-13    3.3590093528e-03
    2.4000029976e+02    6.7916074079e-13    3.3588755990e-03
    2.4100010131e+02    6.7754448847e-13    3.3587402479e-03
    2.4200014429e+02    6.8191585771e-13    3.3586031772e-03
    2.4300016440e+02    6.8378754205e-13    3.3584651497e-03
    2.4400028478e+02    6.8303185598e-13    3.3583273725e-03
    2.4500015079e+02    6.7784778731e-13    3.3581913334e-03
    2.4600009346e+02    6.7742881539e-13    3.3580584894e-03
    2.4700014663e+02    6.7656520029e-13    3.3579301194e-03
    2.4800029582e+02    6.7303488471e-13    3.3578067998e-03
    2.4900013093e+02    6.7291665060e-13    3.3576879182e-03
    2.5000004592e+02    6.7056593214e-13    3.3575722413e-03
    2.5100036478e+02    6.6586467815e-13    3.3574583230e-03
    2.5200024883e+02    6.6518265211e-13    3.3573453781e-03
    2.5300036508e+02    6.6925688117e-13    3.3572328566e-03
    2.5400030775e+02    6.6989274774e-13    3.3571195849e-03
    2.5500011365e+02    6.7778687144e-13    3.3570040032e-03
    2.5600021142e+02    6.8138188345e-13    3.3568845982e-03
    2.5700024125e+02    6.8107852363e-13    3.3567600646e-03
    2.5800025480e+02    6.8227866995e-13    3.3566294792e-03
    2.5900031083e+02    6.8309228403e-13    3.3564934763e-03
    2.6000006028e+02    6.8325844594e-13    3.3563535554e-03
    2.6100026517e+02    6.8066796652e-13    3.3562106136e-03
    2.6200022758e+02    6.8046003547e-13    3.3560652535e-03
    2.6300023383e+02    6.8504768959e-13    3.3559170936e-03
    2.6400011046e+02    6.8084589696e-13    3.3557652590e-03
    2.6500005806e+02    6.8484012440e-13    3.3556096588e-03
    2.6600033507e+02    6.8554141913e-13    3.3554506834e-03
    2.6700006465e+02    6.8464707170e-13    3.3552901194e-03
    2.6800005715e+02    6.8859989586e-13    3.3551296719e-03
    2.6900034165e+02    6.9079433066e-13    3.3549715323e-03
    2.7000019080e+02    6.9353219113e-13    3.3548174356e-03
    2.7100027490e+02    6.9559180611e-13    3.3546670116e-03
    2.7200024151e+02    6.9428623083e-13    3.3545201656e-03
    2.7300015331e+02    6.9718324087e-13    3.3543770584e-03
    2.7400008239e+02    6.9730117009e-13    3.3542375442e-03
    2.7500036066e+02    6.9486636456e-13    3.3541015535e-03
    2.7600032423e+02    6.9109884904e-13    3.3539685546e-03
    2.7700000284e+02    6.9168319017e-13    3.3538367083e-03
    2.7800014953e+02    6.8704425452e-13    3.3537044295e-03
    2.7900004749e+02    6.8723816826e-13    3.3535710332e-03
    2.8000035048e+02    6.8984321379e-13    3.3534361154e-03
    2.8100021602e+02    6.9387847864e-13    3.3533001063e-03
    2.8200031093e+02    6.9065791557e-13    3.3531637010e-03
    2.8300012320e+02    6.9324252870e-13    3.3530278620e-03
    2.8400005587e+02    6.9078308790e-13    3.3528935165e-03
    2.8500012165e+02    6.9530787222e-13    3.3527612129e-03
    2.8600019421e+02    6.9526777796e-13    3.3526306404e-03
    2.8700030305e+02    6.9297751540e-13    3.3525010531e-03
    2.8800035286e+02    6.9180402476e-13    3.3523716205e-03
    2.8900001653e+02    6.9397107080e-13    3.3522419970e-03
    2.9000004935e+02    6.9554452617e-13    3.3521118436e-03
    2.9100008091e+02    6.9825822327e-13    3.3519813972e-03
    2.9200013013e+02    6.9900534564e-13    3.3518512675e-03
    2.9300007294e+02    6.9484629924e-13    3.3517221635e-03
    2.9400009143e+02    6.9517683244e-13    3.3515942448e-03
    2.9500026938e+02    6.9448642878e-13    3.3514668560e-03
    2.9600032529e+02    6.9642464415e-13    3.3513393662e-03
    2.9700004496e+02    6.9407472914e-13    3.3512109696e-03
    2.9800025631e+02    6.9729302722e-13    3.3510811280e-03
    2.9900032575e+02    7.0050447994e-13    3.3509507952e-03
    3.0000018874e+02    7.0227156126e-13    3.3508210945e-03
    3.0100032596e+02    7.0627414224e-13    3.3506925945e-03
    3.0200005582e+02    7.0489626865e-13    3.3505655280e-03
    3.0300012276e+02    7.0645798911e-13    3.3504390252e-03
    3.0400028831e+02    7.1101602233e-13    3.3503119273e-03
    3.0500026673e+02    7.0996770403e-13    3.3501839987e-03
    3.0600003975e+02    7.0947092633e-13    3.3500557930e-03
    3.0700026350e+02    7.0760800994e-13    3.3499282551e-03
    3.0800017695e+02    7.0649710547e-13    3.3498024653e-03
    3.0900009448e+02    7.0650297292e-13    3.3496784877e-03
    3.1000022805e+02    7.0594556487e-13    3.3495552813e-03
    3.1100029455e+02    7.0352132879e-13    3.3494318027e-03
    3.1200035090e+02    7.0750141787e-13    3.3493078971e-03
    3.1300010110e+02    7.0683839566e-13    3.3491834863e-03
    3.1400001695e+02    7.0762854602e-13    3.3490576393e-03
    3.1500021833e+02    7.0364943485e-13    3.3489291974e-03
    3.1600027863e+02    7.0030694235e-13    3.3487973092e-03
    3.1700022810e+02    6.9915594361e-13    3.3486615694e-03
    3.1800016180e+02    6.9503992519e-13    3.3485218763e-03
    3.1900018781e+02    6.9385078801e-13    3.3483781573e-03
    3.2000027842e+02    6.9235556536e-13    3.3482305620e-03
    3.2100010856e+02    6.8791879283e-13    3.3480797048e-03
    3.2200007736e+02    6.8852705215e-13    3.3479268482e-03
    3.2300012025e+02    6.8788163230e-13    3.3477734317e-03
    3.2400009128e+02    6.8882727017e-13    3.3476202345e-03
    3.2500029141e+02    6.8538111933e-13    3.3474676264e-03
    3.2600031777e+02    6.8529897498e-13    3.3473162316e-03
    3.2700015073e+02    6.8361599382e-13    3.3471668788e-03
    3.2800022311e+02    6.8629448621e-13    3.3470203577e-03
    3.2900031497e+02    6.8507014431e-13    3.3468763107e-03
    3.3000015225e+02    6.8883607135e-13    3.3467332218e-03
    3.3100007007e+02    6.8838525536e-13    3.3465901127e-03
    3.3200032653e+02    6.8827866330e-13    3.3464473570e-03
    3.3300023561e+02    6.8567938153e-13    3.3463057313e-03
    3.3400023227e+02    6.8604022990e-13    3.3461652887e-03
    3.3500023155e+02    6.8748753502e-13    3.3460254582e-03
    3.3600020077e+02    6.8760195036e-13    3.3458858452e-03
    3.3700015554e+02    6.8607054508e-13    3.3457463160e-03
    3.3800021446e+02    6.8588669821e-13    3.3456065450e-03
    3.3900007953e+02    6.8290896571e-13    3.3454660336e-03
    3.4000028430e+02    6.8183131014e-13    3.3453245911e-03
    3.4100035244e+02    6.8027252341e-13    3.3451825415e-03
    3.4200025080e+02    6.8282584346e-13    3.3450405791e-03
    3.4300000027e+02    6.8255007316e-13    3.3448996266e-03
    3.4400005038e+02    6.8401498064e-13    3.3447607041e-03
    3.4500012657e+02    6.8591896920e-13    3.3446246172e-03
    3.4600018284e+02    6.9025306130e-13    3.3444917543e-03
    3.4700016638e+02    6.9376864367e-13    3.3443627183e-03
    3.4800021463e+02    6.9373735058e-13    3.3442378615e-03
    3.4900000434e+02    6.9102463139e-13    3.3441173534e-03
    3.5000025388e+02    6.9082513798e-13    3.3440012969e-03
    3.5100027516e+02    6.9219323249e-13    3.3438897528e-03
    3.5200005725e+02    6.9466049655e-13    3.3437822017e-03
    3.5300026935e+02    6.9432409590e-13    3.3436776427e-03
    3.5400014157e+02    6.9853497148e-13    3.3435749903e-03
    3.5500026807e+02    6.9709744545e-13    3.3434733677e-03
    3.5600028711e+02    6.9594840253e-13    3.3433727577e-03
    3.5700019671e+02    6.9451869977e-13    3.3432740359e-03
    3.5800002568e+02    6.9264013684e-13    3.3431774615e-03
    3.5900010225e+02    6.9063444575e-13    3.3430822477e-03
    3.6000006677e+02    6.9192626337e-13    3.3429867670e-03
    3.6100030256e+02    6.9319852280e-13    3.3428894900e-03
    3.6200019909e+02    6.9155661381e-13    3.3427887647e-03
    3.6300025645e+02    6.9232427227e-13    3.3426829421e-03
    3.6400005257e+02    6.9342246393e-13    3.3425707984e-03
    3.6500020121e+02    6.9156932663e-13    3.3424521215e-03
    3.6600000243e+02    6.9119185381e-13    3.3423278286e-03
    3.6700026573e+02    6.9389088228e-13    3.3421979964e-03
    3.6800026055e+02    6.9327577760e-13    3.3420616436e-03
    3.6900036257e+02    6.9131995987e-13    3.3419170212e-03
    3.7000011179e+02    6.9245824579e-13    3.3417629614e-03
    3.7100002282e+02    6.8897395650e-13    3.3415991953e-03
    3.7200010936e+02    6.8906685784e-13    3.3414274372e-03
    3.7300004261e+02    6.8904338803e-13    3.3412505646e-03
    3.7400015903e+02    6.8775645996e-13    3.3410723055e-03
    3.7500008312e+02    6.8519727246e-13    3.3408959633e-03
    3.7600025478e+02    6.8635609447e-13    3.3407227979e-03
    3.7700005444e+02    6.9027848693e-13    3.3405540559e-03
    3.7800034458e+02    6.8835005064e-13    3.3403907775e-03
    3.7900006694e+02    6.8972205678e-13    3.3402333904e-03
    3.8000025510e+02    6.8879304336e-13    3.3400817546e-03
    3.8100014999e+02    6.9118696426e-13    3.3399366629e-03
    3.8200019345e+02    6.8798333482e-13    3.3397982873e-03
    3.8300002038e+02    6.8818185032e-13    3.3396662084e-03
    3.8400023915e+02    6.8770658661e-13    3.3395379907e-03
    3.8500006327e+02    6.8815544678e-13    3.3394109635e-03
    3.8600014934e+02    6.8576739333e-13    3.3392828668e-03
    3.8700012558e+02    6.8732520215e-13    3.3391529640e-03
    3.8800033405e+02    6.8853780915e-13    3.3390218368e-03
    3.8900008077e+02    6.9042223953e-13    3.3388909774e-03
    3.9000010416e+02    6.8973319202e-13    3.3387614247e-03
    3.9100027453e+02    6.8942086085e-13    3.3386341728e-03
    3.9200023105e+02    6.9106863729e-13    3.3385107895e-03
    3.9300002946e+02    6.9015918204e-13    3.3383924268e-03
    3.9400012323e+02    6.9073321455e-13    3.3382791764e-03
    3.9500025972e+02    6.9048384779e-13    3.3381705860e-03
    3.9600019932e+02    6.8796671037e-13    3.3380661254e-03
    3.9700023668e+02    6.8548673348e-13    3.3379650460e-03
    3.9800030465e+02    6.8601480427e-13    3.3378664198e-03
    3.9900009241e+02    6.8248846490e-13    3.3377686714e-03
    4.0000031881e+02    6.8749633620e-13    3.3376695926e-03
    4.0100015791e+02    6.8779948795e-13    3.3375677983e-03
    4.0200025665e+02    6.8787478693e-13    3.3374622537e-03
    4.0300020561e+02    6.8837449836e-13    3.3373520383e-03
    4.0400003150e+02    6.8661035077e-13    3.3372369091e-03
    4.0500012808e+02    6.8486184972e-13    3.3371169360e-03
    4.0600016712e+02    6.8570871880e-13    3.3369923164e-03
    4.0700008709e+02    6.8806352335e-13    3.3368638172e-03
    4.0800020897e+02    6.8953038664e-13    3.3367319792e-03
    4.0900022785e+02    6.8783860431e-13    3.3365965141e-03
    4.1000028446e+02    6.8868351757e-13    3.3364563946e-03
    4.1100006448e+02    6.8970054279e-13    3.3363111920e-03
    4.1200002074e+02    6.9226393367e-13    3.3361629204e-03
    4.1300014478e+02    6.9327577760e-13    3.3360153292e-03
    4.1400018347e+02    6.9145686711e-13    3.3358713690e-03
    4.1500019706e+02    6.9714340716e-13    3.3357320762e-03
    4.1600034532e+02    6.9747882991e-13    3.3355969301e-03
    4.1700004664e+02    6.9368747723e-13    3.3354653038e-03
    4.1800031725e+02    6.9545192523e-13    3.3353365505e-03
    4.1900009951e+02    6.8947070622e-13    3.3352107552e-03
    4.2000016696e+02    6.9151501602e-13    3.3350869771e-03
    4.2100013793e+02    6.9341968884e-13    3.3349644299e-03
    4.2200034454e+02    6.9380482630e-13    3.3348422092e-03
    4.2300005915e+02    6.9559146579e-13    3.3347180816e-03
    4.2400000774e+02    6.9607846441e-13    3.3345897406e-03
    4.2500009763e+02    6.9530004895e-13    3.3344563684e-03
    4.2600004105e+02    6.9490790750e-13    3.3343188543e-03
    4.2700026452e+02    6.9679914770e-13    3.3341794434e-03
    4.2800025020e+02    6.9552863410e-13    3.3340411848e-03
    4.2900009509e+02    6.9684123332e-13    3.3339058185e-03
    4.3000011368e+02    6.9931143112e-13    3.3337722393e-03
    4.3100027791e+02    6.9674344244e-13    3.3336381638e-03
    4.3200020195e+02    6.9740255301e-13    3.3335023494e-03
    4.3300021821e+02    6.9698596384e-13    3.3333644444e-03
    4.3400028749e+02    7.0140806773e-13    3.3332246689e-03
    4.3500027152e+02    7.0112349625e-13    3.3330836276e-03
    4.3600007687e+02    7.0221679836e-13    3.3329420259e-03
    4.3700008406e+02    7.0167112521e-13    3.3328007476e-03
    4.3800035836e+02    6.9981798791e-13    3.3326606995e-03
    4.3900036101e+02    7.0150879234e-13    3.3325213825e-03
    4.4000015757e+02    7.0138459792e-13    3.3323821622e-03
    4.4100031950e+02    7.0248278957e-13    3.3322430627e-03
    4.4200015819e+02    7.0357413587e-13    3.3321045927e-03
    4.4300012789e+02    7.0726378602e-13    3.3319672242e-03
    4.4400034516e+02    7.0694987727e-13    3.3318312167e-03
    4.4500006155e+02    7.0816052845e-13    3.3316962788e-03
    4.4600028144e+02    7.1157734202e-13    3.3315625015e-03
    4.4700027052e+02    7.0993641095e-13    3.3314303373e-03
    4.4800030920e+02    7.0830330314e-13    3.3312997355e-03
    4.4900027107e+02    7.1063952742e-13    3.3311708289e-03
    4.5000014080e+02    7.1075296485e-13    3.3310438209e-03
    4.5100026295e+02    7.0887733565e-13    3.3309186163e-03
    4.5200023998e+02    7.0638660176e-13    3.3307954096e-03
    4.5300007395e+02    7.0965672901e-13    3.3306750173e-03
    4.5400013453e+02    7.0841478475e-13    3.3305577103e-03
    4.5500003611e+02    7.0940051689e-13    3.3304428032e-03
    4.5600014811e+02    7.0722173594e-13    3.3303288886e-03
    4.5700013400e+02    7.1141109752e-13    3.3302146367e-03
    4.5800008851e+02    7.0970366864e-13    3.3300986153e-03
    4.5900012667e+02    7.0833166250e-13    3.3299789162e-03
    4.6000004528e+02    7.0967041974e-13    3.3298540406e-03
    4.6100019493e+02    7.0827983333e-13    3.3297238950e-03
    4.6200007945e+02    7.0694009818e-13    3.3295896135e-03
    4.6300007874e+02    7.0684621893e-13    3.3294539636e-03
    4.6400024709e+02    7.0742514098e-13    3.3293205095e-03
    4.6500033309e+02    7.0507327016e-13    3.3291922214e-03
    4.6600033384e+02    7.0781239289e-13    3.3290709464e-03
    4.6700024576e+02    7.0889298219e-13    3.3289574694e-03
    4.6800002202e+02    7.0608247211e-13    3.3288516118e-03
    4.6900034193e+02    7.0880301457e-13    3.3287524684e-03
    4.7000007936e+02    7.0762561230e-13    3.3286584340e-03
    4.7100028181e+02    7.0632604845e-13    3.3285666091e-03
    4.7200027436e+02    7.1223360742e-13    3.3284745543e-03
    4.7300027903e+02    7.0905012815e-13    3.3283807588e-03
    4.7400032697e+02    7.0866475447e-13    3.3282844459e-03
    4.7500015183e+02    7.0806791309e-13    3.3281853111e-03
    4.7600021764e+02    7.0906476259e-13    3.3280834661e-03
    4.7700015803e+02    7.1124956305e-13    3.3279801964e-03
    4.7800026437e+02    7.0936208570e-13    3.3278775519e-03
    4.7900015411e+02    7.0957379732e-13    3.3277777377e-03
    4.8000010980e+02    7.1382595683e-13    3.3276816222e-03
    4.8100034719e+02    7.1348338890e-13    3.3275879890e-03
    4.8200008285e+02    7.1382998130e-13    3.3274941261e-03
    4.8300005579e+02    7.1968705144e-13    3.3273958757e-03
    4.8400001088e+02    7.1815250809e-13    3.3272895557e-03
    4.8500033622e+02    7.1774640228e-13    3.3271725789e-03
    4.8600022944e+02    7.1855068690e-13    3.3270442524e-03
    4.8700000719e+02    7.1990473879e-13    3.3269051900e-03
    4.8800028000e+02    7.1518037457e-13    3.3267566255e-03
    4.8900036213e+02    7.1744968894e-13    3.3266002865e-03
    4.9000002857e+02    7.1532976785e-13    3.3264373813e-03
    4.9100009898e+02    7.1643649764e-13    3.3262692402e-03
    4.9200021414e+02    7.1605088005e-13    3.3260976372e-03
    4.9300014843e+02    7.1973741831e-13    3.3259253343e-03
    4.9400036051e+02    7.2038487049e-13    3.3257537793e-03
    4.9500000361e+02    7.1913228408e-13    3.3255835006e-03
    4.9600025944e+02    7.2204966038e-13    3.3254152881e-03
    4.9700031232e+02    7.2224173745e-13    3.3252502896e-03
    4.9800020500e+02    7.1984400584e-13    3.3250891241e-03
    4.9900006878e+02    7.1886776651e-13    3.3249320249e-03
    5.0000034551e+02    7.2033767440e-13    3.3247788887e-03
    5.0100031611e+02    7.2177489871e-13    3.3246307675e-03
    5.0200008996e+02    7.2706793301e-13    3.3244896170e-03
    5.0300026920e+02    7.2782148489e-13    3.3243561107e-03
    5.0400010422e+02    7.3137472777e-13    3.3242305932e-03
    5.0500009149e+02    7.3321464317e-13    3.3241118591e-03
    5.0600006748e+02    7.3173875955e-13    3.3239979767e-03
    5.0700024818e+02    7.3403941602e-13    3.3238868644e-03
    5.0800030430e+02    7.3084910734e-13    3.3237766764e-03
    5.0900019051e+02    7.2980225682e-13    3.3236666967e-03
    5.1000021625e+02    7.3461381792e-13    3.3235569624e-03
    5.1100011554e+02    7.3544578604e-13    3.3234484065e-03
    5.1200020802e+02    7.3562908244e-13    3.3233426303e-03
    5.1300017588e+02    7.3830877099e-13    3.3232411167e-03
    5.1400010125e+02    7.3371965343e-13    3.3231446109e-03
    5.1500013339e+02    7.3525309920e-13    3.3230531952e-03
    5.1600025093e+02    7.3429088454e-13    3.3229659717e-03
    5.1700029458e+02    7.3290097827e-13    3.3228812001e-03
    5.1800014932e+02    7.3340867150e-13    3.3227971854e-03
    5.1900016355e+02    7.4089577474e-13    3.3227117144e-03
    5.2000019841e+02    7.4121748859e-13    3.3226223164e-03
    5.2100011156e+02    7.4190555134e-13    3.3225269172e-03
    5.2200011507e+02    7.3954172286e-13    3.3224246885e-03
    5.2300002614e+02    7.4072040533e-13    3.3223157196e-03
    5.2400011814e+02    7.3564432665e-13    3.3222010615e-03
    5.2500031130e+02    7.3688727872e-13    3.3220819129e-03
    5.2600010054e+02    7.3922683842e-13    3.3219593130e-03
    5.2700002895e+02    7.3992173057e-13    3.3218339133e-03
    5.2800010453e+02    7.4197140634e-13    3.3217058220e-03
    5.2900011073e+02    7.4146895711e-13    3.3215751799e-03
    5.3000027558e+02    7.3990368143e-13    3.3214416929e-03
    5.3100002477e+02    7.4302715948e-13    3.3213046188e-03
    5.3200022840e+02    7.4303179372e-13    3.3211638561e-03
    5.3300007693e+02    7.4264788349e-13    3.3210199170e-03
    5.3400019199e+02    7.4485951376e-13    3.3208738946e-03
    5.3500009741e+02    7.4734639352e-13    3.3207274495e-03
    5.3600011375e+02    7.5240674016e-13    3.3205815907e-03
    5.3700030406e+02    7.5371323011e-13    3.3204372120e-03
    5.3800025146e+02    7.5508020908e-13    3.3202952774e-03
    5.3900021480e+02    7.5307443665e-13    3.3201557753e-03
    5.4000004385e+02    7.5032999068e-13    3.3200176249e-03
    5.4100007666e+02    7.5120464259e-13    3.3198790130e-03
    5.4200021979e+02    7.5108524992e-13    3.3197387992e-03
    5.4300032221e+02    7.5290211608e-13    3.3195971364e-03
    5.4400007682e+02    7.5116244661e-13    3.3194549081e-03
    5.4500016614e+02    7.4843592783e-13    3.3193127679e-03
    5.4600020612e+02    7.4064076956e-13    3.3191721060e-03
    5.4700021123e+02    7.4471975482e-13    3.3190346542e-03
    5.4800022881e+02    7.4615222293e-13    3.3189020811e-03
    5.4900017231e+02    7.4769066880e-13    3.3187754686e-03
    5.5000015272e+02    7.4479060992e-13    3.3186546477e-03
    5.5100006143e+02    7.4869178669e-13    3.3185392416e-03
    5.5200003817e+02    7.4814104380e-13    3.3184289829e-03
    5.5300000207e+02    7.4792555162e-13    3.3183229226e-03
    5.5400008583e+02    7.4801055334e-13    3.3182197580e-03
    5.5500010250e+02    7.4930692113e-13    3.3181181265e-03
    5.5600021366e+02    7.5254406003e-13    3.3180164343e-03
    5.5700023534e+02    7.5087439198e-13    3.3179134711e-03
    5.5800020147e+02    7.4958436579e-13    3.3178079291e-03
    5.5900002650e+02    7.4824067997e-13    3.3176985488e-03
    5.6000004905e+02    7.4860580933e-13    3.3175845682e-03
    5.6100017294e+02    7.5045426150e-13    3.3174653407e-03
    5.6200029909e+02    7.5175965386e-13    3.3173413030e-03
    5.6300027815e+02    7.5342029733e-13    3.3172135538e-03
    5.6400019951e+02    7.5537362967e-13    3.3170830902e-03
    5.6500004332e+02    7.5160001647e-13    3.3169504894e-03
    5.6600015774e+02    7.5177892254e-13    3.3168159284e-03
    5.6700018171e+02    7.4661650065e-13    3.3166799633e-03
    5.6800000494e+02    7.4335399538e-13    3.3165436628e-03
    5.6900031048e+02    7.4309752676e-13    3.3164083313e-03
    5.7000028940e+02    7.4433096644e-13    3.3162750050e-03
    5.7100014243e+02    7.4314472284e-13    3.3161439157e-03
    5.7200010861e+02    7.4586014383e-13    3.3160149738e-03
    5.7300006726e+02    7.4901142732e-13    3.3158873615e-03
    5.7400032179e+02    7.5134537715e-13    3.3157594959e-03
    5.7500003911e+02    7.4897910959e-13    3.3156293003e-03
    5.7600027664e+02    7.5210502672e-13    3.3154948820e-03
    5.7700029005e+02    7.4737029644e-13    3.3153565632e-03
    5.7800029358e+02    7.4874410482e-13    3.3152157022e-03
    5.7900011219e+02    7.4489817308e-13    3.3150750648e-03
    5.8000013335e+02    7.4701528923e-13    3.3149380958e-03
    5.8100025845e+02    7.4426206260e-13    3.3148075141e-03
    5.8200019035e+02    7.4365936744e-13    3.3146845027e-03
    5.8300006655e+02    7.4092931201e-13    3.3145681858e-03
    5.8400035611e+02    7.4347558322e-13    3.3144567857e-03
    5.8500001488e+02    7.4220702088e-13    3.3143488381e-03
    5.8600023127e+02    7.4340924041e-13    3.3142431094e-03
    5.8700034658e+02    7.4530476670e-13    3.3141389860e-03
    5.8800012028e+02    7.4285227788e-13    3.3140352556e-03
    5.8900024632e+02    7.4055052383e-13    3.3139310461e-03
    5.9000022658e+02    7.3705630654e-13    3.3138254631e-03
    5.9100014834e+02    7.3796730065e-13    3.3137181930e-03
    5.9200035066e+02    7.3692313310e-13    3.3136091184e-03
    5.9300019999e+02    7.4006417249e-13    3.3134994891e-03
    5.9400002305e+02    7.3821120804e-13    3.3133918017e-03
    5.9500026776e+02    7.3828913645e-13    3.3132888933e-03
    5.9600032601e+02    7.3759168326e-13    3.3131927240e-03
    5.9700001210e+02    7.3796473962e-13    3.3131041244e-03
    5.9800034829e+02    7.3551322643e-13    3.3130226762e-03
    5.9900001698e+02    7.3540639499e-13    3.3129466661e-03
    6.0000010777e+02    7.3700947632e-13    3.3128737524e-03
    6.0100029957e+02    7.3814669453e-13    3.3128024184e-03
    6.0200012243e+02    7.4249666090e-13    3.3127316911e-03
    6.0300029028e+02    7.4262776113e-13    3.3126601709e-03
    6.0400018392e+02    7.4437499172e-13    3.3125861262e-03
    6.0500034644e+02    7.4311691740e-13    3.3125077431e-03
    6.0600000302e+02    7.3980270377e-13    3.3124223061e-03
    6.0700006725e+02    7.3978502048e-13    3.3123269517e-03
    6.0800029421e+02    7.3788266478e-13    3.3122204701e-03
    6.0900029557e+02    7.3484016398e-13    3.3121038793e-03
    6.1000013081e+02    7.3377733753e-13    3.3119795334e-03
    6.1100024418e+02    7.3477260164e-13    3.3118496372e-03
    6.1200016128e+02    7.3937610974e-13    3.3117161651e-03
    6.1300028341e+02    7.4342911886e-13    3.3115801089e-03
    6.1400027018e+02    7.3846145702e-13    3.3114415709e-03
    6.1500034594e+02    7.3896780877e-13    3.3113001272e-03
    6.1600017116e+02    7.3839706547e-13    3.3111553072e-03
    6.1700002542e+02    7.3933623088e-13    3.3110068135e-03
    6.1800006213e+02    7.3661544393e-13    3.3108545884e-03
    6.1900008975e+02    7.3186559139e-13    3.3106991408e-03
    6.2000036280e+02    7.3090227915e-13    3.3105407263e-03
    6.2100021859e+02    7.3029202286e-13    3.3103789641e-03
    6.2200026446e+02    7.3094825569e-13    3.3102135622e-03
    6.2300009429e+02    7.2713037330e-13    3.3100457036e-03
    6.2400006464e+02    7.2858564675e-13    3.3098773739e-03
    6.2500016850e+02    7.2643255425e-13    3.3097104609e-03
    6.2600030118e+02    7.2724208288e-13    3.3095466721e-03
    6.2700004570e+02    7.2913321884e-13    3.3093870051e-03
    6.2800018196e+02    7.2921663517e-13    3.3092319695e-03
    6.2900015531e+02    7.3210084007e-13    3.3090828816e-03
    6.3000013358e+02    7.3328635195e-13    3.3089405995e-03
    6.3100032890e+02    7.3450284006e-13    3.3088052737e-03
    6.3200025222e+02    7.3292622268e-13    3.3086769090e-03
    6.3300015905e+02    7.2999945594e-13    3.3085550670e-03
    6.3400015314e+02    7.3183022482e-13    3.3084399550e-03
    6.3500024931e+02    7.3340903736e-13    3.3083322527e-03
    6.3600018603e+02    7.3617933752e-13    3.3082326788e-03
    6.3700023617e+02    7.3573835295e-13    3.3081416131e-03
    6.3800000214e+02    7.3670007980e-13    3.3080599452e-03
    6.3900026880e+02    7.3492711697e-13    3.3079887220e-03
    6.4000035808e+02    7.3812340138e-13    3.3079277068e-03
    6.4100024818e+02    7.3928257125e-13    3.3078753617e-03
    6.4200006233e+02    7.3858353267e-13    3.3078290326e-03
    6.4300015540e+02    7.3768192900e-13    3.3077853068e-03
    6.4400001939e+02    7.3816571931e-13    3.3077411348e-03
    6.4500017694e+02    7.4232812090e-13    3.3076939298e-03
    6.4600026486e+02    7.4387400594e-13    3.3076420049e-03
    6.4700019546e+02    7.4038832541e-13    3.3075843618e-03
    6.4800026879e+02    7.3879853704e-13    3.3075205229e-03
    6.4900020891e+02    7.4522976518e-13    3.3074503939e-03
    6.5000033538e+02    7.4621576081e-13    3.3073740409e-03
    6.5100023601e+02    7.4655601162e-13    3.3072915780e-03
    6.5200003322e+02    7.4518208128e-13    3.3072030880e-03
    6.5300021948e+02    7.4795189362e-13    3.3071080521e-03
    6.5400008263e+02    7.4652771836e-13    3.3070055300e-03
    6.5500016695e+02    7.4785189159e-13    3.3068934893e-03
    6.5600031768e+02    7.4789664859e-13    3.3067697113e-03
    6.5700029662e+02    7.4536598745e-13    3.3066332960e-03
    6.5800011307e+02    7.4697382498e-13    3.3064836848e-03
    6.5900018636e+02    7.4561513885e-13    3.3063208854e-03
    6.6000023742e+02    7.4871007974e-13    3.3061463803e-03
    6.6100009261e+02    7.4986010309e-13    3.3059628130e-03
    6.6200035699e+02    7.4717309732e-13    3.3057734327e-03
    6.6300020685e+02    7.5006266818e-13    3.3055818026e-03
    6.6400033976e+02    7.5013364523e-13    3.3053902959e-03
    6.6500017412e+02    7.4731102695e-13    3.3052012224e-03
    6.6600000676e+02    7.5092597839e-13    3.3050161361e-03
    6.6700034516e+02    7.5032413690e-13    3.3048357140e-03
    6.6800033734e+02    7.5228673773e-13    3.3046604717e-03
    6.6900020153e+02    7.5144647676e-13    3.3044914222e-03
    6.7000022859e+02    7.4945936325e-13    3.3043298020e-03
    6.7100002641e+02    7.4649820556e-13    3.3041764271e-03
    6.7200030417e+02    7.4206238379e-13    3.3040318625e-03
    6.7300006622e+02    7.4112687699e-13    3.3038964575e-03
    6.7400029112e+02    7.3742058223e-13    3.3037697329e-03
    6.7500008774e+02    7.3594164976e-13    3.3036513398e-03
    6.7600027631e+02    7.3826840432e-13    3.3035405285e-03
    6.7700020263e+02    7.3767729476e-13    3.3034368559e-03
    6.7800031221e+02    7.3875963381e-13    3.3033404832e-03
    6.7900004704e+02    7.3657251623e-13    3.3032512931e-03
    6.8000004065e+02    7.3431051908e-13    3.3031695739e-03
    6.8100031956e+02    7.3319915505e-13    3.3030951763e-03
    6.8200001787e+02    7.3334501167e-13    3.3030276411e-03
    6.8300015903e+02    7.3109118543e-13    3.3029653014e-03
    6.8400016679e+02    7.3588603888e-13    3.3029056556e-03
    6.8500018910e+02    7.3047592903e-13    3.3028464001e-03
    6.8600030057e+02    7.2707549414e-13    3.3027861828e-03
    6.8700008692e+02    7.2456971155e-13    3.3027247143e-03
    6.8800032323e+02    7.2879418757e-13    3.3026620509e-03
    6.8900009206e+02    7.2488959609e-13    3.3025967251e-03
    6.9000033252e+02    7.2912468208e-13    3.3025273610e-03
    6.9100031408e+02    7.3424124938e-13    3.3024537835e-03
    6.9200005248e+02    7.3096179255e-13    3.3023757611e-03
    6.9300025324e+02    7.2868369752e-13    3.3022931846e-03
    6.9400019099e+02    7.2443836742e-13    3.3022065446e-03
    6.9500008962e+02    7.2645804257e-13    3.3021164146e-03
    6.9600000170e+02    7.2481081401e-13    3.3020232178e-03
    6.9700015803e+02    7.2802417193e-13    3.3019268305e-03
    6.9800001249e+02    7.2873967427e-13    3.3018265629e-03
    6.9900033875e+02    7.3209071791e-13    3.3017215132e-03
    7.0000015246e+02    7.3399880544e-13    3.3016102996e-03
    7.0100016949e+02    7.3067703068e-13    3.3014925903e-03
    7.0200035261e+02    7.3192681215e-13    3.3013683980e-03
    7.0300034325e+02    7.3113508876e-13    3.3012380526e-03
    7.0400031689e+02    7.3176546741e-13    3.3011017212e-03
    7.0500025552e+02    7.3482955401e-13    3.3009591434e-03
    7.0600013779e+02    7.3825498941e-13    3.3008096463e-03
    7.0700004210e+02    7.3323025325e-13    3.3006528640e-03
    7.0800018080e+02    7.3608750638e-13    3.3004887798e-03
    7.0900017584e+02    7.3081410663e-13    3.3003185055e-03
    7.1000021307e+02    7.3418624827e-13    3.3001441841e-03
    7.1100033017e+02    7.3363782250e-13    3.2999691869e-03
    7.1200010400e+02    7.3213023091e-13    3.2997974956e-03
    7.1300023985e+02    7.3289146588e-13    3.2996317050e-03
    7.1400002310e+02    7.3412271039e-13    3.2994717023e-03
    7.1500026455e+02    7.3393465779e-13    3.2993150820e-03
    7.1600010359e+02    7.3272902356e-13    3.2991599757e-03
    7.1700036218e+02    7.3074337349e-13    3.2990049209e-03
    7.1800031226e+02    7.2679682994e-13    3.2988488908e-03
    7.1900023888e+02    7.3218681743e-13    3.2986918018e-03
    7.2000019230e+02    7.2864467234e-13    3.2985348954e-03
    7.2100013675e+02    7.2731818199e-13    3.2983804465e-03
    7.2200023385e+02    7.2484679035e-13    3.2982318501e-03
    7.2300029554e+02    7.2281162707e-13    3.2980935194e-03
    7.2400005041e+02    7.2249723045e-13    3.2979686322e-03
    7.2500005853e+02    7.2549948653e-13    3.2978583939e-03
    7.2600015441e+02    7.2385823369e-13    3.2977622030e-03
    7.2700007775e+02    7.2450788103e-13    3.2976781247e-03
    7.2800019801e+02    7.2419458198e-13    3.2976036305e-03
    7.2900027846e+02    7.2036657743e-13    3.2975370349e-03
    7.3000025298e+02    7.2047755529e-13    3.2974764224e-03
    7.3100014808e+02    7.1674711370e-13    3.2974200136e-03
    7.3200001060e+02    7.1723248941e-13    3.2973667816e-03
    7.3300019506e+02    7.1755578865e-13    3.2973165041e-03
    7.3400029462e+02    7.1948290095e-13    3.2972688831e-03
    7.3500022097e+02    7.1874252007e-13    3.2972231562e-03
    7.3600017050e+02    7.1468085223e-13    3.2971773951e-03
    7.3700035461e+02    7.1093943480e-13    3.2971302899e-03
    7.3800014876e+02    7.1424084330e-13    3.2970813616e-03
    7.3900000228e+02    7.1341972907e-13    3.2970290893e-03
    7.4000028319e+02    7.1088906793e-13    3.2969716402e-03
    7.4100034300e+02    7.0668568990e-13    3.2969071034e-03
    7.4200030380e+02    7.0913610551e-13    3.2968345561e-03
    7.4300021500e+02    7.0988014500e-13    3.2967529791e-03
    7.4400024091e+02    7.0892036942e-13    3.2966609878e-03
    7.4500001723e+02    7.0896512643e-13    3.2965579775e-03
    7.4600008674e+02    7.0776254103e-13    3.2964447245e-03
    7.4700026091e+02    7.0359343199e-13    3.2963226359e-03
    7.4800029170e+02    7.0564432729e-13    3.2961933562e-03
    7.4900033999e+02    7.0393331694e-13    3.2960578802e-03
    7.5000006276e+02    7.0298500501e-13    3.2959165084e-03
    7.5100035562e+02    7.0197766748e-13    3.2957694592e-03
    7.5200010656e+02    7.0109801547e-13    3.2956173143e-03
    7.5300009748e+02    7.0623348560e-13    3.2954596454e-03
    7.5400017210e+02    7.0604214025e-13    3.2952959376e-03
    7.5500019855e+02    7.0569969427e-13    3.2951260637e-03
    7.5600016368e+02    7.0324366879e-13    3.2949506018e-03
    7.5700008777e+02    7.0071398329e-13    3.2947704387e-03
    7.5800004525e+02    7.0563396123e-13    3.2945873742e-03
    7.5900029837e+02    7.0657544376e-13    3.2944032348e-03
    7.6000026283e+02    7.0442003414e-13    3.2942195721e-03
    7.6100006090e+02    7.0075532559e-13    3.2940378263e-03
    7.6200007802e+02    6.9922700187e-13    3.2938594561e-03
    7.6300026382e+02    7.0165205111e-13    3.2936867047e-03
    7.6400018322e+02    6.9964981534e-13    3.2935227249e-03
    7.6500001171e+02    6.9914870760e-13    3.2933696777e-03
    7.6600011311e+02    6.9834036762e-13    3.2932288875e-03
    7.6700004334e+02    6.9246186452e-13    3.2931003328e-03
    7.6800001985e+02    6.9450910121e-13    3.2929840389e-03
    7.6900013058e+02    6.9608486491e-13    3.2928785719e-03
    7.7000034009e+02    6.9640145670e-13    3.2927824940e-03
    7.7100008628e+02    7.0084479222e-13    3.2926943512e-03
    7.7200031864e+02    7.0232143461e-13    3.2926127159e-03
    7.7300002160e+02    7.0081887764e-13    3.2925366276e-03
    7.7400025028e+02    7.0010842685e-13    3.2924649785e-03
    7.7500005544e+02    7.0143838290e-13    3.2923968502e-03
    7.7600030799e+02    6.9831689780e-13    3.2923315989e-03
    7.7700000187e+02    6.9775068857e-13    3.2922685337e-03
    7.7800002422e+02    6.9576162194e-13    3.2922061199e-03
    7.7900010642e+02    6.9622710656e-13    3.2921425099e-03
    7.8000000048e+02    6.9358821948e-13    3.2920766578e-03
    7.8100018485e+02    6.9190719414e-13    3.2920084963e-03
    7.8200028894e+02    6.9116593922e-13    3.2919383755e-03
    7.8300001067e+02    6.9488981618e-13    3.2918656472e-03
    7.8400016822e+02    6.9429329178e-13    3.2917888958e-03
    7.8500025875e+02    6.9516656439e-13    3.2917068593e-03
    7.8600023478e+02    6.9751501253e-13    3.2916187163e-03
    7.8700031917e+02    6.9686487850e-13    3.2915240860e-03
    7.8800017671e+02    6.9294528828e-13    3.2914230127e-03
    7.8900003974e+02    6.9346127299e-13    3.2913163231e-03
    7.9000034647e+02    6.9298484971e-13    3.2912044971e-03
    7.9100014396e+02    6.9676984598e-13    3.2910883796e-03
    7.9200007224e+02    6.9629409331e-13    3.2909690198e-03
    7.9300020493e+02    6.9379602512e-13    3.2908474500e-03
    7.9400012888e+02    6.9181135907e-13    3.2907241161e-03
    7.9500011179e+02    6.9121260033e-13    3.2905988830e-03
    7.9600017358e+02    6.9388502030e-13    3.2904718103e-03
    7.9700012667e+02    6.9330853755e-13    3.2903431994e-03
    7.9800008890e+02    6.9379944780e-13    3.2902135022e-03
    7.9900028594e+02    6.9312029009e-13    3.2900832543e-03
    8.0000032441e+02    6.9317554194e-13    3.2899528449e-03
    8.0100016558e+02    6.9544346707e-13    3.2898219695e-03
    8.0200030168e+02    6.9261438379e-13    3.2896896819e-03
    8.0300026840e+02    6.9423999574e-13    3.2895556941e-03
    8.0400005902e+02    6.9313934688e-13    3.2894204260e-03
    8.0500022017e+02    6.9308501533e-13    3.2892848847e-03
    8.0600022839e+02    6.9414737982e-13    3.2891505839e-03
    8.0700011932e+02    6.9781515047e-13    3.2890178002e-03
    8.0800008493e+02    7.0064066959e-13    3.2888865327e-03
    8.0900032636e+02    6.9882285114e-13    3.2887568548e-03
    8.1000018368e+02    6.9762045081e-13    3.2886290748e-03
    8.1100004257e+02    6.9456672633e-13    3.2885037745e-03
    8.1200023080e+02    6.9420656144e-13    3.2883822021e-03
    8.1300021046e+02    6.9302193757e-13    3.2882654970e-03
    8.1400012758e+02    6.9210570964e-13    3.2881538752e-03
    8.1500003761e+02    6.9615816398e-13    3.2880467900e-03
    8.1600016475e+02    6.9954270657e-13    3.2879442725e-03
    8.1700016055e+02    6.9710037917e-13    3.2878461167e-03
    8.1800015592e+02    6.9499934198e-13    3.2877516941e-03
    8.1900025370e+02    6.9499298557e-13    3.2876596055e-03
    8.2000007788e+02    6.9522034938e-13    3.2875686434e-03
    8.2100023291e+02    6.9224408375e-13    3.2874777208e-03
    8.2200008306e+02    6.9163875816e-13    3.2873864379e-03
    8.2300019058e+02    6.8956265764e-13    3.2872960402e-03
    8.2400027713e+02    6.9557875298e-13    3.2872062905e-03
    8.2500031302e+02    6.9244455506e-13    3.2871159469e-03
    8.2600029370e+02    6.9253892327e-13    3.2870244840e-03
    8.2700020596e+02    6.9115860491e-13    3.2869319387e-03
    8.2800008479e+02    6.8937033027e-13    3.2868380896e-03
    8.2900010957e+02    6.9404683055e-13    3.2867430567e-03
    8.3000002270e+02    6.9186664459e-13    3.2866464468e-03
    8.3100004156e+02    6.9421336227e-13    3.2865470622e-03
    8.3200031216e+02    6.9459795973e-13    3.2864440351e-03
    8.3300022768e+02    6.9659994000e-13    3.2863374540e-03
    8.3400004868e+02    6.9717499418e-13    3.2862285270e-03
    8.3500034767e+02    6.9525497594e-13    3.2861185639e-03
    8.3600010988e+02    6.9343859909e-13    3.2860087265e-03
    8.3700000988e+02    6.9338922483e-13    3.2858988372e-03
    8.3800015216e+02    6.9294384334e-13    3.2857878526e-03
    8.3900011699e+02    6.9205200852e-13    3.2856748062e-03
    8.4000018845e+02    6.9094134694e-13    3.2855594885e-03
    8.4100000432e+02    6.9175441227e-13    3.2854422822e-03
    8.4200029637e+02    6.9500616983e-13    3.2853229830e-03
    8.4300033973e+02    6.9210761556e-13    3.2852013029e-03
    8.4400028230e+02    6.9275224130e-13    3.2850776579e-03
    8.4500026257e+02    6.9335205449e-13    3.2849532100e-03
    8.4600006316e+02    6.9109699665e-13    3.2848288395e-03
    8.4700010103e+02    6.9433191918e-13    3.2847050002e-03
    8.4800029270e+02    6.9406592796e-13    3.2845824140e-03
    8.4900027919e+02    6.9456122779e-13    3.2844620576e-03
    8.5000012991e+02    6.9490465590e-13    3.2843448207e-03
    8.5100034947e+02    6.9463064012e-13    3.2842310410e-03
    8.5200028898e+02    6.9549624703e-13    3.2841201245e-03
    8.5300024932e+02    7.0036475665e-13    3.2840102997e-03
    8.5400002546e+02    6.9903477526e-13    3.2839001871e-03
    8.5500027055e+02    6.9937381955e-13    3.2837889122e-03
    8.5600030393e+02    6.9853613406e-13    3.2836763532e-03
    8.5700008492e+02    6.9901288830e-13    3.2835623053e-03
    8.5800004357e+02    7.0346679966e-13    3.2834470561e-03
    8.5900016444e+02    7.0147217056e-13    3.2833320257e-03
    8.6000009559e+02    7.0405445714e-13    3.2832192022e-03
    8.6100014233e+02    7.0507520210e-13    3.2831098690e-03
    8.6200025530e+02    7.0555146329e-13    3.2830045212e-03
    8.6300024621e+02    7.0709324018e-13    3.2829026983e-03
    8.6400017287e+02    7.0769095686e-13    3.2828034039e-03
    8.6500009829e+02    7.0666222670e-13    3.2827055502e-03
    8.6600010660e+02    7.0515571333e-13    3.2826079212e-03
    8.6700033843e+02    7.0303643465e-13    3.2825097926e-03
    8.6800026355e+02    7.0420302482e-13    3.2824106072e-03
    8.6900001018e+02    7.0226065861e-13    3.2823096506e-03
    8.7000030463e+02    7.0165434041e-13    3.2822059509e-03
    8.7100027000e+02    6.9825969592e-13    3.2820992528e-03
    8.7200034145e+02    6.9814385150e-13    3.2819895189e-03
    8.7300023680e+02    6.9668798256e-13    3.2818770173e-03
    8.7400034388e+02    6.9917937714e-13    3.2817624273e-03
    8.7500026971e+02    6.9862323175e-13    3.2816473432e-03
    8.7600029447e+02    7.0086095406e-13    3.2815329319e-03
    8.7700014431e+02    7.0017728120e-13    3.2814201031e-03
    8.7800027055e+02    7.0231169961e-13    3.2813088966e-03
    8.7900031534e+02    7.0161887324e-13    3.2811988329e-03
    8.8000015006e+02    7.0082455975e-13    3.2810892476e-03
    8.8100031403e+02    7.0288534546e-13    3.2809793307e-03
    8.8200035132e+02    6.9936536809e-13    3.2808684975e-03
    8.8300030825e+02    6.9649758902e-13    3.2807564648e-03
    8.8400024130e+02    6.9367644568e-13    3.2806438821e-03
    8.8500011871e+02    6.9909876408e-13    3.2805329056e-03
    8.8600003753e+02    6.9872637487e-13    3.2804253555e-03
    8.8700035051e+02    6.9888384953e-13    3.2803214828e-03
    8.8800020619e+02    6.9696327383e-13    3.2802213446e-03
    8.8900008168e+02    6.9860953364e-13    3.2801235553e-03
    8.9000034206e+02    7.0236084346e-13    3.2800270452e-03
    8.9100033372e+02    6.9721459341e-13    3.2799308580e-03
    8.9200025989e+02    6.9467164067e-13    3.2798335631e-03
    8.9300005654e+02    6.9553535845e-13    3.2797345156e-03
    8.9400013676e+02    6.9232490423e-13    3.2796342645e-03
    8.9500007223e+02    6.9180969775e-13    3.2795340930e-03
    8.9600033097e+02    6.9293731584e-13    3.2794350529e-03
    8.9700017197e+02    6.9345967685e-13    3.2793377639e-03
    8.9800031522e+02    6.9652966114e-13    3.2792411269e-03
    8.9900001569e+02    7.0034793949e-13    3.2791438143e-03
    9.0000021919e+02    6.9856122771e-13    3.2790470875e-03
    9.0100034808e+02    6.9812793201e-13    3.2789522758e-03
    9.0200005911e+02    6.9767154808e-13    3.2788582225e-03
    9.0300025520e+02    6.9674718561e-13    3.2787633258e-03
    9.0400013793e+02    6.9457713389e-13    3.2786667565e-03
    9.0500034835e+02    6.9412094740e-13    3.2785683491e-03
    9.0600006459e+02    6.9341743870e-13    3.2784676804e-03
    9.0700033702e+02    6.9403726236e-13    3.2783651947e-03
    9.0800006916e+02    6.9807819806e-13    3.2782618686e-03
    9.0900010107e+02    6.9922444085e-13    3.2781577851e-03
    9.1000000003e+02    7.0352379643e-13    3.2780515384e-03
    9.1100030852e+02    7.0316074028e-13    3.2779412240e-03
    9.1200002290e+02    7.0563172448e-13    3.2778260073e-03
    9.1300016390e+02    7.0359097644e-13    3.2777067097e-03
    9.1400028698e+02    7.0454076830e-13    3.2775838410e-03
    9.1500011944e+02    7.0518187888e-13    3.2774580786e-03
    9.1600013134e+02    7.0420600541e-13    3.2773307585e-03
    9.1700002168e+02    7.0291714946e-13    3.2772026129e-03
    9.1800002052e+02    7.0093325603e-13    3.2770746828e-03
    9.1900028432e+02    7.0253219093e-13    3.2769459469e-03
    9.2000029704e+02    7.0143936387e-13    3.2768159321e-03
    9.2100017401e+02    7.0598921234e-13    3.2766852475e-03
    9.2200033610e+02    7.0550676352e-13    3.2765543100e-03
    9.2300034364e+02    7.1237104924e-13    3.2764245167e-03
    9.2400027603e+02    7.1312508894e-13    3.2762975101e-03
    9.2500022174e+02    7.1183640424e-13    3.2761748133e-03
    9.2600021163e+02    7.1358814712e-13    3.2760570060e-03
    9.2700015738e+02    7.1725663624e-13    3.2759435497e-03
    9.2800006017e+02    7.2373823125e-13    3.2758334135e-03
    9.2900003760e+02    7.2325224578e-13    3.2757261559e-03
    9.3000006541e+02    7.2228417734e-13    3.2756219109e-03
    9.3100025618e+02    7.2266516069e-13    3.2755210377e-03
    9.3200014270e+02    7.2546107111e-13    3.2754241281e-03
    9.3300007827e+02    7.2684939198e-13    3.2753315364e-03
    9.3400009184e+02    7.2440409843e-13    3.2752436586e-03
    9.3500018796e+02    7.2235881300e-13    3.2751603587e-03
    9.3600009833e+02    7.2056853275e-13    3.2750804544e-03
    9.3700006166e+02    7.2031901549e-13    3.2750024888e-03
    9.3800022849e+02    7.2252320658e-13    3.2749257847e-03
    9.3900034623e+02    7.2407372587e-13    3.2748506551e-03
    9.4000014284e+02    7.2426860788e-13    3.2747768373e-03
    9.4100011163e+02    7.2316639038e-13    3.2747046345e-03
    9.4200009424e+02    7.2251479178e-13    3.2746340181e-03
    9.4300000454e+02    7.2441934264e-13    3.2745636871e-03
    9.4400016366e+02    7.2539265509e-13    3.2744918749e-03
    9.4500014284e+02    7.2498703710e-13    3.2744162612e-03
    9.4600030242e+02    7.2098805346e-13    3.2743344778e-03
    9.4700020888e+02    7.2251235271e-13    3.2742456327e-03
    9.4800002688e+02    7.2030425909e-13    3.2741494908e-03
    9.4900012688e+02    7.2113244664e-13    3.2740454919e-03
    9.5000031692e+02    7.2020925716e-13    3.2739341584e-03
    9.5100004922e+02    7.1712175545e-13    3.2738175469e-03
    9.5200014945e+02    7.1648454739e-13    3.2736954986e-03
    9.5300016601e+02    7.2157940693e-13    3.2735674407e-03
    9.5400003526e+02    7.2056328874e-13    3.2734337511e-03
    9.5500034945e+02    7.1833958506e-13    3.2732958272e-03
    9.5600031096e+02    7.1408559624e-13    3.2731562468e-03
    9.5700008932e+02    7.1375327242e-13    3.2730186392e-03
    9.5800022132e+02    7.1268532391e-13    3.2728848174e-03
    9.5900012539e+02    7.1239300090e-13    3.2727557078e-03
    9.6000009270e+02    7.1279996038e-13    3.2726314451e-03
    9.6100030477e+02    7.1562709096e-13    3.2725112585e-03
    9.6200012533e+02    7.1325655502e-13    3.2723941223e-03
    9.6300018376e+02    7.1430060061e-13    3.2722797160e-03
    9.6400027556e+02    7.1484792880e-13    3.2721688829e-03
    9.6500007319e+02    7.1554989427e-13    3.2720611469e-03
    9.6600034446e+02    7.2009084012e-13    3.2719548771e-03
    9.6700005461e+02    7.2445763610e-13    3.2718490904e-03
    9.6800013457e+02    7.2457715073e-13    3.2717427298e-03
    9.6900016551e+02    7.2259064698e-13    3.2716348648e-03
    9.7000015747e+02    7.2205417267e-13    3.2715244536e-03
    9.7100006356e+02    7.2064755875e-13    3.2714113287e-03
    9.7200016679e+02    7.2159269989e-13    3.2712962505e-03
    9.7300005496e+02    7.2175709347e-13    3.2711797149e-03
    9.7400028903e+02    7.2437568322e-13    3.2710623361e-03
    9.7500003045e+02    7.2396274801e-13    3.2709446365e-03
    9.7600033262e+02    7.2439897638e-13    3.2708280298e-03
    9.7700020982e+02    7.3075434932e-13    3.2707134564e-03
    9.7800009159e+02    7.3417795542e-13    3.2706006152e-03
    9.7900005664e+02    7.3171302732e-13    3.2704887158e-03
    9.8000032994e+02    7.3230242953e-13    3.2703767669e-03
    9.8100029424e+02    7.3555444678e-13    3.2702647297e-03
    9.8200023589e+02    7.3748924216e-13    3.2701534230e-03
    9.8300031403e+02    7.3769534391e-13    3.2700448021e-03
    9.8400033059e+02    7.3851597032e-13    3.2699396464e-03
    9.8500010855e+02    7.3548066479e-13    3.2698382747e-03
    9.8600012369e+02    7.3886085537e-13    3.2697410446e-03
    9.8700010084e+02    7.4227031484e-13    3.2696473490e-03
    9.8800025615e+02    7.3783998099e-13    3.2695567106e-03
    9.8900030788e+02    7.3907524997e-13    3.2694689996e-03
    9.9000002433e+02    7.4094053175e-13    3.2693846300e-03
    9.9100027261e+02    7.4262141953e-13    3.2693040788e-03
    9.9200022632e+02    7.4068174600e-13    3.2692276187e-03
    9.9300031368e+02    7.4087114009e-13    3.2691550292e-03
    9.9400010957e+02    7.3970087243e-13    3.2690860985e-03
    9.9500008762e+02    7.4221153316e-13    3.2690207939e-03
    9.9600020400e+02    7.4429438033e-13    3.2689575613e-03
    9.9700029382e+02    7.4337143476e-13    3.2688941407e-03
    9.9800025407e+02    7.4640149628e-13    3.2688298415e-03
    9.9900023676e+02    7.4663259854e-13    3.2687648777e-03
    1.0000000766e+03    7.4987437167e-13    3.2686987084e-03
    1.0010003230e+03    7.4759444733e-13    3.2686301125e-03
    1.0020003424e+03    7.4743590753e-13    3.2685564864e-03
    1.0030002701e+03    7.5167343259e-13    3.2684742137e-03
    1.0040002236e+03    7.5170050631e-13    3.2683801361e-03
    1.0050001856e+03    7.5212661253e-13    3.2682737059e-03
    1.0060001716e+03    7.5240320351e-13    3.2681583406e-03
    1.0070002357e+03    7.5402738283e-13    3.2680362741e-03
    1.0080002802e+03    7.5557570695e-13    3.2679083987e-03
    1.0090002999e+03    7.5369188821e-13    3.2677757186e-03
    1.0100000353e+03    7.5195136506e-13    3.2676400056e-03
    1.0110002116e+03    7.4869825023e-13    3.2675027513e-03
    1.0120001792e+03    7.4688028649e-13    3.2673647943e-03
    1.0130000481e+03    7.4946838782e-13    3.2672264415e-03
    1.0140003241e+03    7.5173648265e-13    3.2670876212e-03
    1.0150000094e+03    7.5300321569e-13    3.2669476955e-03
    1.0160001169e+03    7.5101293138e-13    3.2668053342e-03
    1.0170003204e+03    7.5553680372e-13    3.2666603689e-03
    1.0180000816e+03    7.5786050943e-13    3.2665135050e-03
    1.0190002840e+03    7.5985713534e-13    3.2663662116e-03
    1.0200001286e+03    7.6206352160e-13    3.2662209001e-03
    1.0210000904e+03    7.6314476307e-13    3.2660798003e-03
    1.0220000114e+03    7.6371111603e-13    3.2659455863e-03
    1.0230002946e+03    7.6135521454e-13    3.2658212993e-03
    1.0240003406e+03    7.6047324541e-13    3.2657077037e-03
    1.0250000958e+03    7.6086520459e-13    3.2656040678e-03
    1.0260001478e+03    7.6383319168e-13    3.2655089664e-03
    1.0270000040e+03    7.6642909804e-13    3.2654209523e-03
    1.0280002528e+03    7.6278865827e-13    3.2653369867e-03
    1.0290002644e+03    7.5788758315e-13    3.2652544907e-03
    1.0300002790e+03    7.5790282737e-13    3.2651724318e-03
    1.0310002219e+03    7.5250332749e-13    3.2650907692e-03
    1.0320000855e+03    7.4694492195e-13    3.2650096457e-03
    1.0330000353e+03    7.4664576954e-13    3.2649299812e-03
    1.0340002503e+03    7.4262934652e-13    3.2648525536e-03
    1.0350001678e+03    7.4483317176e-13    3.2647778137e-03
    1.0360001915e+03    7.4362009835e-13    3.2647053208e-03
    1.0370000584e+03    7.4896130436e-13    3.2646349875e-03
    1.0380002981e+03    7.5042596824e-13    3.2645667600e-03
    1.0390002145e+03    7.5106939594e-13    3.2645005963e-03
    1.0400003402e+03    7.5049267691e-13    3.2644349633e-03
    1.0410001545e+03    7.5085183054e-13    3.2643678037e-03
    1.0420000097e+03    7.4660954929e-13    3.2642965518e-03
    1.0430001904e+03    7.4904545241e-13    3.2642195310e-03
    1.0440001956e+03    7.5032425886e-13    3.2641372410e-03
    1.0450001219e+03    7.5390945360e-13    3.2640514875e-03
    1.0460002909e+03    7.5636816206e-13    3.2639632397e-03
    1.0470000349e+03    7.5710927467e-13    3.2638730987e-03
    1.0480002929e+03    7.5680670755e-13    3.2637803874e-03
    1.0490002064e+03    7.5776099522e-13    3.2636851898e-03
    1.0500002018e+03    7.5685439144e-13    3.2635867887e-03
    1.0510003028e+03    7.5639011373e-13    3.2634848386e-03
    1.0520003191e+03    7.5745794028e-13    3.2633796628e-03
    1.0530001298e+03    7.5728830269e-13    3.2632707452e-03
    1.0540002837e+03    7.5969761990e-13    3.2631564443e-03
    1.0550003008e+03    7.5853271820e-13    3.2630349009e-03
    1.0560000764e+03    7.5638108915e-13    3.2629058446e-03
    1.0570002175e+03    7.5998555258e-13    3.2627711140e-03
    1.0580000730e+03    7.6275841376e-13    3.2626321101e-03
    1.0590002884e+03    7.6431271361e-13    3.2624894713e-03
    1.0600002723e+03    7.6720228447e-13    3.2623441558e-03
    1.0610003145e+03    7.6552029910e-13    3.2621975304e-03
    1.0620000893e+03    7.6557761734e-13    3.2620518162e-03
    1.0630002749e+03    7.6424649275e-13    3.2619093953e-03
    1.0640000715e+03    7.6424624884e-13    3.2617716444e-03
    1.0650000233e+03    7.6374209227e-13    3.2616390642e-03
    1.0660001688e+03    7.5821612641e-13    3.2615120441e-03
    1.0670003362e+03    7.6120289437e-13    3.2613888175e-03
    1.0680001059e+03    7.6044275698e-13    3.2612676488e-03
    1.0690001146e+03    7.6187363970e-13    3.2611488420e-03
    1.0700001293e+03    7.6173131973e-13    3.2610340891e-03
    1.0710001357e+03    7.6004811483e-13    3.2609246382e-03
    1.0720003048e+03    7.6255938533e-13    3.2608208932e-03
    1.0730001955e+03    7.6528029423e-13    3.2607230153e-03
    1.0740002559e+03    7.6763424446e-13    3.2606312225e-03
    1.0750001873e+03    7.6702728092e-13    3.2605452046e-03
    1.0760000141e+03    7.6142497205e-13    3.2604635561e-03
    1.0770000793e+03    7.6422929728e-13    3.2603853948e-03
    1.0780002389e+03    7.5785624105e-13    3.2603094557e-03
    1.0790001192e+03    7.5734976736e-13    3.2602343504e-03
    1.0800003140e+03    7.5469739643e-13    3.2601596372e-03
    1.0810002646e+03    7.5759538210e-13    3.2600840496e-03
    1.0820002094e+03    7.5189697372e-13    3.2600068083e-03
    1.0830000563e+03    7.4940314259e-13    3.2599272470e-03
    1.0840003329e+03    7.4942972850e-13    3.2598449752e-03
    1.0850002287e+03    7.4883691159e-13    3.2597598290e-03
    1.0860000402e+03    7.4625970935e-13    3.2596725099e-03
    1.0870000622e+03    7.4735895475e-13    3.2595843045e-03
    1.0880000413e+03    7.4631962649e-13    3.2594964578e-03
    1.0890001706e+03    7.4510550405e-13    3.2594085950e-03
    1.0900002895e+03    7.4255446695e-13    3.2593194317e-03
    1.0910002105e+03    7.4427100926e-13    3.2592282008e-03
    1.0920001304e+03    7.4602324248e-13    3.2591333483e-03
    1.0930002094e+03    7.4549016292e-13    3.2590336734e-03
    1.0940002193e+03    7.4270276265e-13    3.2589289205e-03
    1.0950001283e+03    7.3978156912e-13    3.2588193431e-03
    1.0960002462e+03    7.4061949427e-13    3.2587063044e-03
    1.0970001013e+03    7.4061743605e-13    3.2585923579e-03
    1.0980001180e+03    7.3871861166e-13    3.2584809418e-03
    1.0990002603e+03    7.3589193634e-13    3.2583746416e-03
    1.1000000936e+03    7.3897251177e-13    3.2582726349e-03
    1.1010002571e+03    7.3765422544e-13    3.2581713609e-03
    1.1020002291e+03    7.3979484801e-13    3.2580695140e-03
    1.1030003315e+03    7.3934025535e-13    3.2579676994e-03
    1.1040001152e+03    7.4123944025e-13    3.2578666094e-03
    1.1050000241e+03    7.4215360516e-13    3.2577659061e-03
    1.1060002852e+03    7.4076808922e-13    3.2576661758e-03
    1.1070000913e+03    7.4273305985e-13    3.2575671595e-03
    1.1080001279e+03    7.4067430683e-13    3.2574691104e-03
    1.1090000641e+03    7.4387217664e-13    3.2573718594e-03
    1.1100000533e+03    7.4526769278e-13    3.2572772420e-03
    1.1110000548e+03    7.4548025807e-13    3.2571830686e-03
    1.1120002539e+03    7.4451715549e-13    3.2570879729e-03
    1.1130000081e+03    7.4680381871e-13    3.2569928291e-03
    1.1140001998e+03    7.4840928564e-13    3.2568983438e-03
    1.1150002039e+03    7.5226172017e-13    3.2568043034e-03
    1.1160003246e+03    7.5030830406e-13    3.2567103610e-03
    1.1170002444e+03    7.4556786401e-13    3.2566164448e-03
    1.1180000201e+03    7.4774524177e-13    3.2565214763e-03
    1.1190002092e+03    7.4207955094e-13    3.2564239969e-03
    1.1200001291e+03    7.4250640128e-13    3.2563240582e-03
    1.1210000495e+03    7.4274359481e-13    3.2562230105e-03
    1.1220000997e+03    7.4136502995e-13    3.2561224817e-03
    1.1230001015e+03    7.4570165292e-13    3.2560237398e-03
    1.1240003110e+03    7.4607802612e-13    3.2559267113e-03
    1.1250001527e+03    7.4968640615e-13    3.2558304048e-03
    1.1260002089e+03    7.5111005738e-13    3.2557339175e-03
    1.1270002550e+03    7.5261898066e-13    3.2556356141e-03
    1.1280002985e+03    7.5048766941e-13    3.2555338577e-03
    1.1290000955e+03    7.4700229676e-13    3.2554285066e-03
    1.1300001509e+03    7.4603146954e-13    3.2553198833e-03
    1.1310000584e+03    7.4448922154e-13    3.2552090783e-03
    1.1320002461e+03    7.4568205015e-13    3.2550967203e-03
    1.1330001400e+03    7.4289355600e-13    3.2549833162e-03
    1.1340001790e+03    7.4188118452e-13    3.2548692299e-03
    1.1350000574e+03    7.4543088513e-13    3.2547544303e-03
    1.1360002285e+03    7.4545490053e-13    3.2546377833e-03
    1.1370000952e+03    7.4457988436e-13    3.2545198563e-03
    1.1380001969e+03    7.4378254166e-13    3.2544032203e-03
    1.1390001696e+03    7.4452352639e-13    3.2542893245e-03
    1.1400000441e+03    7.4563794391e-13    3.2541767057e-03
    1.1410001430e+03    7.4733603393e-13    3.2540636838e-03
    1.1420000686e+03    7.4559628803e-13    3.2539479307e-03
    1.1430000920e+03    7.4337872458e-13    3.2538287701e-03
    1.1440000076e+03    7.4594913790e-13    3.2537077124e-03
    1.1450000857e+03    7.4537624692e-13    3.2535860452e-03
    1.1460001733e+03    7.4242799020e-13    3.2534647940e-03
    1.1470000131e+03    7.4364581233e-13    3.2533446732e-03
    1.1480001902e+03    7.4361640818e-13    3.2532266513e-03
    1.1490003175e+03    7.4327531996e-13    3.2531113680e-03
    1.1500003294e+03    7.4292590057e-13    3.2529987883e-03
    1.1510000458e+03    7.3998744523e-13    3.2528898991e-03
    1.1520001364e+03    7.3872698707e-13    3.2527860036e-03
    1.1530000758e+03    7.3883921293e-13    3.2526876542e-03
    1.1540000295e+03    7.4085633805e-13    3.2525947711e-03
    1.1550002577e+03    7.4207808142e-13    3.2525070494e-03
    1.1560001717e+03    7.4090432879e-13    3.2524243747e-03
    1.1570003297e+03    7.3970907199e-13    3.2523469659e-03
    1.1580002357e+03    7.4060003182e-13    3.2522749740e-03
    1.1590000614e+03    7.4271027009e-13    3.2522086968e-03
    1.1600000562e+03    7.4612311249e-13    3.2521484735e-03
    1.1610002650e+03    7.4305429872e-13    3.2520940135e-03
    1.1620002493e+03    7.4655437345e-13    3.2520445604e-03
    1.1630001669e+03    7.4573252728e-13    3.2519966252e-03
    1.1640001845e+03    7.4631570971e-13    3.2519447078e-03
    1.1650002272e+03    7.4859404175e-13    3.2518857113e-03
    1.1660003332e+03    7.5307229474e-13    3.2518194480e-03
    1.1670001593e+03    7.5073221398e-13    3.2517472257e-03
    1.1680001864e+03    7.4897335537e-13    3.2516710668e-03
    1.1690002885e+03    7.4970894934e-13    3.2515927040e-03
    1.1700003303e+03    7.5330507764e-13    3.2515130269e-03
    1.1710002160e+03    7.5419112288e-13    3.2514324871e-03
    1.1720000530e+03    7.5271846473e-13    3.2513505017e-03
    1.1730001920e+03    7.5382063051e-13    3.2512665044e-03
    1.1740001859e+03    7.5436313720e-13    3.2511796399e-03
    1.1750003013e+03    7.5421758662e-13    3.2510880249e-03
    1.1760001183e+03    7.5207500377e-13    3.2509900401e-03
    1.1770002937e+03    7.4976324002e-13    3.2508845691e-03
    1.1780000424e+03    7.5378807080e-13    3.2507713397e-03
    1.1790001955e+03    7.5572451440e-13    3.2506504153e-03
    1.1800001426e+03    7.5845594853e-13    3.2505224273e-03
    1.1810002224e+03    7.6018245944e-13    3.2503883474e-03
    1.1820002357e+03    7.5977795006e-13    3.2502476437e-03
    1.1830000939e+03    7.5996568583e-13    3.2501001615e-03
    1.1840003138e+03    7.6191416599e-13    3.2499469991e-03
    1.1850003278e+03    7.5911216395e-13    3.2497900301e-03
    1.1860002517e+03    7.5379326023e-13    3.2496328047e-03
    1.1870001580e+03    7.5670793165e-13    3.2494791398e-03
    1.1880001017e+03    7.5798471553e-13    3.2493304925e-03
    1.1890000044e+03    7.5548100249e-13    3.2491865967e-03
    1.1900000142e+03    7.5511280939e-13    3.2490470184e-03
    1.1910001987e+03    7.5427534162e-13    3.2489120679e-03
    1.1920003033e+03    7.5379074462e-13    3.2487815087e-03
    1.1930000772e+03    7.5518301764e-13    3.2486551327e-03
    1.1940000481e+03    7.5658649654e-13    3.2485320092e-03
    1.1950001687e+03    7.5492322425e-13    3.2484110560e-03
    1.1960001148e+03    7.5066979360e-13    3.2482923849e-03
    1.1970002886e+03    7.4929764542e-13    3.2481762895e-03
    1.1980001550e+03    7.5075622737e-13    3.2480631096e-03
    1.1990000171e+03    7.5244375250e-13    3.2479536066e-03
    1.2000000112e+03    7.5180742595e-13    3.2478479216e-03
    1.2010001614e+03    7.5047639782e-13    3.2477459398e-03
    1.2020001942e+03    7.5110123614e-13    3.2476481339e-03
    1.2030003112e+03    7.5098195731e-13    3.2475561812e-03
    1.2040000075e+03    7.4802635013e-13    3.2474710186e-03
    1.2050002487e+03    7.4635834574e-13    3.2473917772e-03
    1.2060002173e+03    7.5284539267e-13    3.2473177495e-03
    1.2070001257e+03    7.4992540321e-13    3.2472466920e-03
    1.2080002604e+03    7.5319591839e-13    3.2471756987e-03
    1.2090002197e+03    7.5572158580e-13    3.2471032384e-03
    1.2100003042e+03    7.5757329977e-13    3.2470283389e-03
    1.2110000953e+03    7.6125431594e-13    3.2469514356e-03
    1.2120002094e+03    7.5999079616e-13    3.2468746735e-03
    1.2130002982e+03    7.6062770161e-13    3.2467993611e-03
    1.2140000747e+03    7.6023320901e-13    3.2467244811e-03
    1.2150002846e+03    7.5840619371e-13    3.2466488673e-03
    1.2160001074e+03    7.6277397005e-13    3.2465723566e-03
    1.2170001108e+03    7.5984306154e-13    3.2464941180e-03
    1.2180001498e+03    7.6161473353e-13    3.2464135671e-03
    1.2190002451e+03    7.6177253057e-13    3.2463310348e-03
    1.2200000608e+03    7.5852753289e-13    3.2462480528e-03
    1.2210001985e+03    7.5720739359e-13    3.2461660864e-03
    1.2220002411e+03    7.5778689750e-13    3.2460859902e-03
    1.2230001825e+03    7.5393504887e-13    3.2460074602e-03
    1.2240003100e+03    7.5407775229e-13    3.2459284902e-03
    1.2250000007e+03    7.4955263629e-13    3.2458472899e-03
    1.2260000040e+03    7.4670725835e-13    3.2457640545e-03
    1.2270003147e+03    7.4701599169e-13    3.2456795285e-03
    1.2280003078e+03    7.4875237068e-13    3.2455919951e-03
    1.2290002537e+03    7.4823194367e-13    3.2455007605e-03
    1.2300002533e+03    7.4779743008e-13    3.2454068072e-03
    1.2310002671e+03    7.5119464027e-13    3.2453108444e-03
    1.2320001120e+03    7.5249452198e-13    3.2452130804e-03
    1.2330001177e+03    7.5375255317e-13    3.2451120017e-03
    1.2340000113e+03    7.5447087274e-13    3.2450073351e-03
    1.2350000371e+03    7.5801375933e-13    3.2449014076e-03
    1.2360001643e+03    7.5280714307e-13    3.2447960633e-03
    1.2370001741e+03    7.4996361851e-13    3.2446920098e-03
    1.2380002066e+03    7.5165041164e-13    3.2445902855e-03
    1.2390003184e+03    7.5103674892e-13    3.2444914615e-03
    1.2400001955e+03    7.5042052001e-13    3.2443964931e-03
    1.2410001912e+03    7.4609779587e-13    3.2443046420e-03
    1.2420001514e+03    7.5013511319e-13    3.2442139085e-03
    1.2430001159e+03    7.5443336735e-13    3.2441222460e-03
    1.2440000802e+03    7.5062245448e-13    3.2440279628e-03
    1.2450000204e+03    7.5444388716e-13    3.2439296388e-03
    1.2460000266e+03    7.4952076274e-13    3.2438261701e-03
    1.2470002555e+03    7.5095314219e-13    3.2437174660e-03
    1.2480002352e+03    7.4821423807e-13    3.2436055718e-03
    1.2490001976e+03    7.4746925797e-13    3.2434921964e-03
    1.2500002743e+03    7.4966263683e-13    3.2433791048e-03
    1.2510000462e+03    7.5226651669e-13    3.2432672528e-03
    1.2520002972e+03    7.4856606175e-13    3.2431565720e-03
    1.2530000940e+03    7.4799067428e-13    3.2430466855e-03
    1.2540002665e+03    7.5004523748e-13    3.2429369232e-03
    1.2550001909e+03    7.4675551223e-13    3.2428270637e-03
    1.2560002892e+03    7.4601409483e-13    3.2427178561e-03
    1.2570003084e+03    7.4751392908e-13    3.2426103960e-03
    1.2580002806e+03    7.5137050393e-13    3.2425045989e-03
    1.2590002912e+03    7.5260429383e-13    3.2423999668e-03
    1.2600001674e+03    7.5044293176e-13    3.2422955155e-03
    1.2610001865e+03    7.5182377021e-13    3.2421912239e-03
    1.2620002122e+03    7.5159347801e-13    3.2420882355e-03
    1.2630001327e+03    7.5457401254e-13    3.2419870784e-03
    1.2640001156e+03    7.5644630873e-13    3.2418871731e-03
    1.2650000204e+03    7.5598572433e-13    3.2417880972e-03
    1.2660000522e+03    7.5568888294e-13    3.2416902333e-03
    1.2670000990e+03    7.5870417079e-13    3.2415939776e-03
    1.2680002964e+03    7.5504286327e-13    3.2415004754e-03
    1.2690000301e+03    7.5692717962e-13    3.2414100800e-03
    1.2700002393e+03    7.6110698042e-13    3.2413215925e-03
    1.2710003169e+03    7.6346519375e-13    3.2412335496e-03
    1.2720000572e+03    7.6491775906e-13    3.2411448885e-03
    1.2730003039e+03    7.6485012950e-13    3.2410566780e-03
    1.2740001522e+03    7.6549114011e-13    3.2409702721e-03
    1.2750002658e+03    7.6580086389e-13    3.2408867705e-03
    1.2760001330e+03    7.6933818388e-13    3.2408062741e-03
    1.2770000092e+03    7.7159054224e-13    3.2407282604e-03
    1.2780001615e+03    7.7311759809e-13    3.2406474550e-03
    1.2790002487e+03    7.7766887140e-13    3.2405738625e-03
    1.2800001822e+03    7.8066613505e-13    3.2405093150e-03
    1.2810002781e+03    7.8561730489e-13    3.2404367681e-03
    1.2820003132e+03    7.8896153759e-13    3.2403680896e-03
    1.2830002104e+03    7.9171670702e-13    3.2402983231e-03
    1.2840001473e+03    7.9296638366e-13    3.2402206350e-03
    1.2850001600e+03    7.9050672600e-13    3.2401458463e-03
    1.2860000927e+03    7.8933252002e-13    3.2400617346e-03
    1.2870003157e+03    7.8800345216e-13    3.2399814290e-03
    1.2880000220e+03    7.9096592090e-13    3.2399000015e-03
    1.2890000695e+03    7.9507270138e-13    3.2398132777e-03
    1.2900001260e+03    7.8971771447e-13    3.2397327089e-03
    1.2910001697e+03    7.9125996246e-13    3.2396451981e-03
    1.2920002733e+03    7.9265420954e-13    3.2395606092e-03
    1.2930000728e+03    7.9742160339e-13    3.2394744974e-03
    1.2940000907e+03    8.0016060054e-13    3.2393895988e-03
    1.2950002396e+03    8.0036005874e-13    3.2393028146e-03
    1.2960002533e+03    7.9932405230e-13    3.2392137553e-03
    1.2970001292e+03    8.0348032978e-13    3.2391205599e-03
    1.2980001402e+03    8.0767434259e-13    3.2390225271e-03
    1.2990001193e+03    8.0758220957e-13    3.2389199878e-03
    1.3000001112e+03    8.1013743074e-13    3.2388135323e-03
    1.3010001708e+03    8.1096123719e-13    3.2387041362e-03
    1.3020002412e+03    8.1161302931e-13    3.2385927980e-03
    1.3030002804e+03    8.0963854023e-13    3.2384799829e-03
    1.3040002472e+03    8.1056526122e-13    3.2383655261e-03
    1.3050001836e+03    8.1486316871e-13    3.2382503965e-03
    1.3060000029e+03    8.1649264904e-13    3.2381368228e-03
    1.3070002593e+03    8.1599669893e-13    3.2380264199e-03
    1.3080001375e+03    8.1520915762e-13    3.2379190487e-03
    1.3090001991e+03    8.1506017656e-13    3.2378137692e-03
    1.3100000492e+03    8.1025847785e-13    3.2377104057e-03
    1.3110000133e+03    8.0859224233e-13    3.2376094828e-03
    1.3120000945e+03    8.0889559521e-13    3.2375113947e-03
    1.3130000642e+03    8.0677457541e-13    3.2374145156e-03
    1.3140002703e+03    8.0389688866e-13    3.2373194868e-03
    1.3150002788e+03    8.0631783085e-13    3.2372256714e-03
    1.3160001027e+03    8.0553224981e-13    3.2371309814e-03
    1.3170000413e+03    8.0079082963e-13    3.2370346006e-03
    1.3180000895e+03    8.0340583925e-13    3.2369365898e-03
    1.3190002744e+03    8.0251881387e-13    3.2368372860e-03
    1.3200002011e+03    8.0654816341e-13    3.2367376254e-03
    1.3210000129e+03    8.0646387149e-13    3.2366391629e-03
    1.3220000446e+03    8.0386062353e-13    3.2365436335e-03
    1.3230001136e+03    8.0500052465e-13    3.2364524084e-03
    1.3240001316e+03    8.0037133033e-13    3.2363665819e-03
    1.3250001244e+03    8.0522693666e-13    3.2362859917e-03
    1.3260000407e+03    8.0646779205e-13    3.2362082397e-03
    1.3270000733e+03    8.0618355187e-13    3.2361299290e-03
    1.3280002064e+03    8.0465992651e-13    3.2360511632e-03
    1.3290000080e+03    8.0514215467e-13    3.2359715269e-03
    1.3300001334e+03    8.0593067613e-13    3.2358899385e-03
    1.3310000914e+03    8.0926020675e-13    3.2358064907e-03
    1.3320001907e+03    8.0710145161e-13    3.2357209750e-03
    1.3330000496e+03    8.0511177038e-13    3.2356343569e-03
    1.3340000882e+03    8.0004739454e-13    3.2355474228e-03
    1.3350002686e+03    7.9971904813e-13    3.2354600600e-03
    1.3360003106e+03    7.9747649115e-13    3.2353716800e-03
    1.3370002923e+03    7.9487373326e-13    3.2352799947e-03
    1.3380000703e+03    7.9579261314e-13    3.2351835595e-03
    1.3390000912e+03    7.9521041085e-13    3.2350963168e-03
    1.3400003013e+03    7.9630571567e-13    3.2350048455e-03
    1.3410001329e+03    7.8862780041e-13    3.2349121494e-03
    1.3420000267e+03    7.8794758427e-13    3.2348216269e-03
    1.3430002089e+03    7.8838766647e-13    3.2347269203e-03
    1.3440000159e+03    7.8924136714e-13    3.2346298903e-03
    1.3450002827e+03    7.8149288191e-13    3.2345314064e-03
    1.3460001960e+03    7.7637900908e-13    3.2344328108e-03
    1.3470001977e+03    7.7392993262e-13    3.2343371033e-03
    1.3480002460e+03    7.7336154248e-13    3.2342421049e-03
    1.3490003008e+03    7.7426288997e-13    3.2341521341e-03
    1.3500002395e+03    7.7321757222e-13    3.2340647412e-03
    1.3510001707e+03    7.7139010391e-13    3.2339805756e-03
    1.3520002042e+03    7.7011331919e-13    3.2338963865e-03
    1.3530000845e+03    7.7413205932e-13    3.2338127272e-03
    1.3540000419e+03    7.7561597123e-13    3.2337301709e-03
    1.3550001899e+03    7.7726064370e-13    3.2336486763e-03
    1.3560000404e+03    7.7412763085e-13    3.2335686752e-03
    1.3570002424e+03    7.7437707611e-13    3.2334902081e-03
    1.3580000699e+03    7.7689407188e-13    3.2334144138e-03
    1.3590000101e+03    7.7187380228e-13    3.2333428671e-03
    1.3600000178e+03    7.7439279632e-13    3.2332721906e-03
    1.3610000427e+03    7.7300978285e-13    3.2332005600e-03
    1.3620002649e+03    7.7356454126e-13    3.2331260337e-03
    1.3630002092e+03    7.7493036432e-13    3.2330477730e-03
    1.3640002783e+03    7.7311073712e-13    3.2329638710e-03
    1.3650000725e+03    7.7639175088e-13    3.2328747708e-03
    1.3660001792e+03    7.7653240076e-13    3.2327808820e-03
    1.3670002933e+03    7.7632706174e-13    3.2326833448e-03
    1.3680003127e+03    7.7753459242e-13    3.2325822145e-03
    1.3690001143e+03    7.7968403624e-13    3.2324760035e-03
    1.3700002352e+03    7.8257250451e-13    3.2323638494e-03
    1.3710002659e+03    7.8149680247e-13    3.2322445403e-03
    1.3720000111e+03    7.8288857858e-13    3.2321182980e-03
    1.3730002712e+03    7.8776672640e-13    3.2319863605e-03
    1.3740000014e+03    7.8737001103e-13    3.2318504708e-03
    1.3750002457e+03    7.8788197264e-13    3.2317128944e-03
    1.3760002064e+03    7.8604717929e-13    3.2315764575e-03
    1.3770001821e+03    7.8292370124e-13    3.2314433605e-03
    1.3780001268e+03    7.8333249003e-13    3.2313137389e-03
    1.3790002692e+03    7.8041828452e-13    3.2311863790e-03
    1.3800000100e+03    7.8325358599e-13    3.2310606847e-03
    1.3810001727e+03    7.8072353462e-13    3.2309363764e-03
    1.3820000507e+03    7.8248649724e-13    3.2308144529e-03
    1.3830002322e+03    7.8007400923e-13    3.2306983653e-03
    1.3840002856e+03    7.8003534991e-13    3.2305885082e-03
    1.3850000401e+03    7.8528484674e-13    3.2304844054e-03
    1.3860000561e+03    7.8393030704e-13    3.2303817703e-03
    1.3870002516e+03    7.7902789043e-13    3.2302877237e-03
    1.3880001580e+03    7.7957753574e-13    3.2302023788e-03
    1.3890001930e+03    7.7907350111e-13    3.2301130092e-03
    1.3900002450e+03    7.7858824135e-13    3.2300284824e-03
    1.3910002955e+03    7.8108281020e-13    3.2299489626e-03
    1.3920001333e+03    7.8245308193e-13    3.2298664530e-03
    1.3930001816e+03    7.8588449306e-13    3.2297939819e-03
    1.3940001952e+03    7.8511703846e-13    3.2297287266e-03
    1.3950002678e+03    7.8266345205e-13    3.2296575591e-03
    1.3960002977e+03    7.8364030116e-13    3.2295933580e-03
    1.3970003091e+03    7.8391189204e-13    3.2295345533e-03
    1.3980001839e+03    7.8363078877e-13    3.2294668809e-03
    1.3990002036e+03    7.8132732736e-13    3.2293988082e-03
    1.4000001460e+03    7.8207539133e-13    3.2293267259e-03
    1.4010001061e+03    7.8407006598e-13    3.2292453004e-03
    1.4020002932e+03    7.7937570237e-13    3.2291633339e-03
    1.4030002414e+03    7.7270556694e-13    3.2290742496e-03
    1.4040000784e+03    7.7121919530e-13    3.2289786826e-03
    1.4050000868e+03    7.7499158897e-13    3.2288925472e-03
    1.4060002514e+03    7.7664186638e-13    3.2288003970e-03
    1.4070001470e+03    7.7672430708e-13    3.2287048656e-03
    1.4080001660e+03    7.7502935831e-13    3.2286147645e-03
    1.4090001199e+03    7.7383260915e-13    3.2285177690e-03
    1.4100001888e+03    7.7594676798e-13    3.2284283295e-03
    1.4110002203e+03    7.7823735175e-13    3.2283374978e-03
    1.4120000504e+03    7.7996582607e-13    3.2282416142e-03
    1.4130002730e+03    7.7816727185e-13    3.2281524834e-03
    1.4140000762e+03    7.7828243813e-13    3.2280576028e-03
    1.4150000895e+03    7.7531751904e-13    3.2279631544e-03
    1.4160001881e+03    7.7543660587e-13    3.2278706305e-03
    1.4170000021e+03    7.7227173853e-13    3.2277737029e-03
    1.4180001064e+03    7.7626923356e-13    3.2276765100e-03
    1.4190001045e+03    7.7667942154e-13    3.2275768554e-03
    1.4200000950e+03    7.7847454528e-13    3.2274794638e-03
    1.4210002764e+03    7.7828390833e-13    3.2273797287e-03
    1.4220002258e+03    7.7759389080e-13    3.2272827647e-03
    1.4230001231e+03    7.8110523712e-13    3.2271838733e-03
    1.4240002806e+03    7.7748950605e-13    3.2270879161e-03
    1.4250001883e+03    7.8025545701e-13    3.2269917409e-03
    1.4260001742e+03    7.8052695538e-13    3.2268956117e-03
    1.4270000226e+03    7.8335122458e-13    3.2268013293e-03
    1.4280001297e+03    7.8283126109e-13    3.2267056989e-03
    1.4290002449e+03    7.8446760238e-13    3.2266092259e-03
    1.4300002383e+03    7.8509195063e-13    3.2265087687e-03
    1.4310003035e+03    7.8357567631e-13    3.2264079597e-03
    1.4320000924e+03    7.8182906943e-13    3.2263079833e-03
    1.4330002080e+03    7.7852943304e-13    3.2262120669e-03
    1.4340003075e+03    7.7832556422e-13    3.2261210730e-03
    1.4350000238e+03    7.7862009585e-13    3.2260333720e-03
    1.4360000460e+03    7.7801290003e-13    3.2259484763e-03
    1.4370002881e+03    7.7580954859e-13    3.2258631048e-03
    1.4380002418e+03    7.7746941321e-13    3.2257782325e-03
    1.4390001501e+03    7.7746402244e-13    3.2256925526e-03
    1.4400000879e+03    7.7725623307e-13    3.2256100342e-03
    1.4410000996e+03    7.7778403768e-13    3.2255278905e-03
    1.4420001703e+03    7.7723810051e-13    3.2254501990e-03
    1.4430000359e+03    7.7859265197e-13    3.2253768858e-03
    1.4440002829e+03    7.7661424233e-13    3.2253010963e-03
    1.4450000198e+03    7.7599332457e-13    3.2252277107e-03
    1.4460002096e+03    7.7663433517e-13    3.2251504430e-03
    1.4470002991e+03    7.7637116797e-13    3.2250683831e-03
    1.4480000766e+03    7.7521901512e-13    3.2249817310e-03
    1.4490001129e+03    7.7518618048e-13    3.2248901758e-03
    1.4500001138e+03    7.7442118235e-13    3.2248001192e-03
    1.4510000294e+03    7.7018012288e-13    3.2247041603e-03
    1.4520002194e+03    7.7220998980e-13    3.2246093605e-03
    1.4530000664e+03    7.7213108865e-13    3.2245100511e-03
    1.4540000869e+03    7.6784151233e-13    3.2244089808e-03
    1.4550001279e+03    7.6313341685e-13    3.2243066390e-03
    1.4560001530e+03    7.6265461917e-13    3.2242016680e-03
    1.4570000128e+03    7.5887765531e-13    3.2240992604e-03
    1.4580000098e+03    7.6255268477e-13    3.2239942210e-03
    1.4590002703e+03    7.6208074806e-13    3.2238951864e-03
    1.4600001042e+03    7.6314027782e-13    3.2237955102e-03
    1.4610002793e+03    7.6588074518e-13    3.2236947092e-03
    1.4620000178e+03    7.6435025885e-13    3.2235976698e-03
    1.4630001097e+03    7.6427429811e-13    3.2234959944e-03
    1.4640003021e+03    7.6607138213e-13    3.2233939032e-03
    1.4650001959e+03    7.6896279082e-13    3.2232988928e-03
    1.4660001894e+03    7.6601992485e-13    3.2231984814e-03
    1.4670002796e+03    7.6613656134e-13    3.2230939547e-03
    1.4680001893e+03    7.6864669614e-13    3.2229944226e-03
    1.4690002613e+03    7.6941022406e-13    3.2228925114e-03
    1.4700000761e+03    7.7095443233e-13    3.2227822193e-03
    1.4710000334e+03    7.7135726927e-13    3.2226758348e-03
    1.4720000919e+03    7.6832668091e-13    3.2225647205e-03
    1.4730000884e+03    7.6673836640e-13    3.2224469842e-03
    1.4740001905e+03    7.6734164167e-13    3.2223365328e-03
    1.4750002959e+03    7.6896916172e-13    3.2222234566e-03
    1.4760001544e+03    7.6836637652e-13    3.2221079212e-03
    1.4770001084e+03    7.6859033817e-13    3.2220048454e-03
    1.4780001511e+03    7.6720638255e-13    3.2219097611e-03
    1.4790003037e+03    7.6931515062e-13    3.2218119669e-03
    1.4800000146e+03    7.7060599308e-13    3.2217260863e-03
    1.4810001719e+03    7.6877607443e-13    3.2216477716e-03
    1.4820000792e+03    7.6913823562e-13    3.2215625280e-03
    1.4830001115e+03    7.6643452345e-13    3.2214839440e-03
    1.4840001290e+03    7.6888928043e-13    3.2214087210e-03
    1.4850002228e+03    7.6872657743e-13    3.2213224776e-03
    1.4860002313e+03    7.6718775992e-13    3.2212396897e-03
    1.4870000829e+03    7.6658938534e-13    3.2211688839e-03
    1.4880000909e+03    7.6906962592e-13    3.2210963770e-03
    1.4890000998e+03    7.7058835059e-13    3.2210279634e-03
    1.4900002625e+03    7.7424181699e-13    3.2209696097e-03
    1.4910003081e+03    7.7417173709e-13    3.2209109269e-03
    1.4920000789e+03    7.7472061467e-13    3.2208588973e-03
    1.4930001251e+03    7.7352043503e-13    3.2208140766e-03
    1.4940002865e+03    7.7425014817e-13    3.2207601987e-03
    1.4950001049e+03    7.7166895333e-13    3.2206967325e-03
    1.4960002187e+03    7.7457898465e-13    3.2206415921e-03
    1.4970002609e+03    7.7602174858e-13    3.2205895448e-03
    1.4980000617e+03    7.7621630608e-13    3.2205269329e-03
    1.4990000852e+03    7.7816139102e-13    3.2204636604e-03
    1.5000002293e+03    7.7946301500e-13    3.2204047527e-03
    1.5010001871e+03    7.7888767367e-13    3.2203343508e-03
    1.5020003084e+03    7.8016822468e-13    3.2202584469e-03
    1.5030002081e+03    7.8025447687e-13    3.2201892392e-03
    1.5040001708e+03    7.7882592495e-13    3.2201095928e-03
    1.5050001961e+03    7.7680634948e-13    3.2200236777e-03
    1.5060002522e+03    7.7601488761e-13    3.2199362843e-03
    1.5070002003e+03    7.7484068164e-13    3.2198453251e-03
    1.5080001094e+03    7.7614867652e-13    3.2197536561e-03
    1.5090001315e+03    7.7701854948e-13    3.2196587582e-03
    1.5100002739e+03    7.7622904788e-13    3.2195532689e-03
    1.5110001844e+03    7.7708911945e-13    3.2194475312e-03
    1.5120001228e+03    7.7744392960e-13    3.2193337245e-03
    1.5130002049e+03    7.7645153933e-13    3.2192201360e-03
    1.5140002780e+03    7.7562871303e-13    3.2191050025e-03
    1.5150001139e+03    7.7503425900e-13    3.2189881029e-03
    1.5160003021e+03    7.7547189086e-13    3.2188745965e-03
    1.5170001061e+03    7.7425553893e-13    3.2187614431e-03
    1.5180002172e+03    7.7403157728e-13    3.2186541917e-03
    1.5190002588e+03    7.7223988403e-13    3.2185496722e-03
    1.5200000470e+03    7.7121465911e-13    3.2184517537e-03
    1.5210002598e+03    7.7159936349e-13    3.2183586372e-03
    1.5220000784e+03    7.7379732417e-13    3.2182679733e-03
    1.5230002841e+03    7.7452213662e-13    3.2181855014e-03
    1.5240000275e+03    7.7506121281e-13    3.2181073382e-03
    1.5250002750e+03    7.7310387615e-13    3.2180258723e-03
    1.5260000687e+03    7.6844086705e-13    3.2179537351e-03
    1.5270000918e+03    7.7030558062e-13    3.2178801024e-03
    1.5280001647e+03    7.7349838191e-13    3.2178081464e-03
    1.5290001411e+03    7.7377429091e-13    3.2177367153e-03
    1.5300002462e+03    7.7444323546e-13    3.2176715279e-03
    1.5310000616e+03    7.7290441796e-13    3.2176067296e-03
    1.5320000994e+03    7.7475884007e-13    3.2175445694e-03
    1.5330001019e+03    7.7645545989e-13    3.2174826552e-03
    1.5340000070e+03    7.7629618737e-13    3.2174148311e-03
    1.5350002739e+03    7.7452899759e-13    3.2173424884e-03
    1.5360001735e+03    7.7355719022e-13    3.2172599840e-03
    1.5370000533e+03    7.7573407792e-13    3.2171703750e-03
    1.5380002257e+03    7.7473090613e-13    3.2170736560e-03
    1.5390001059e+03    7.7511070981e-13    3.2169716143e-03
    1.5400001698e+03    7.7553167931e-13    3.2168722967e-03
    1.5410002718e+03    7.7473335647e-13    3.2167696977e-03
    1.5420003063e+03    7.7378164195e-13    3.2166681495e-03
    1.5430000457e+03    7.7321610201e-13    3.2165705501e-03
    1.5440000803e+03    7.7291666969e-13    3.2164702649e-03
    1.5450002489e+03    7.7315925398e-13    3.2163681431e-03
    1.5460001464e+03    7.7370421100e-13    3.2162674451e-03
    1.5470001209e+03    7.7182773577e-13    3.2161654207e-03
    1.5480000101e+03    7.7027813674e-13    3.2160574717e-03
    1.5490002253e+03    7.7038595198e-13    3.2159526121e-03
    1.5500000532e+03    7.7152144248e-13    3.2158529815e-03
    1.5510001812e+03    7.7010906284e-13    3.2157470888e-03
    1.5520001860e+03    7.6812869292e-13    3.2156416584e-03
    1.5530000854e+03    7.6892750583e-13    3.2155389905e-03
    1.5540000220e+03    7.6902993031e-13    3.2154375934e-03
    1.5550000858e+03    7.7076575566e-13    3.2153375410e-03
    1.5560000565e+03    7.7018845406e-13    3.2152363294e-03
    1.5570000486e+03    7.6867855064e-13    3.2151363238e-03
    1.5580002981e+03    7.6826395204e-13    3.2150353032e-03
    1.5590002473e+03    7.6672807495e-13    3.2149307887e-03
    1.5600000663e+03    7.6510741587e-13    3.2148358143e-03
    1.5610002628e+03    7.6351175033e-13    3.2147480139e-03
    1.5620000025e+03    7.6392585886e-13    3.2146578170e-03
    1.5630001284e+03    7.6757442458e-13    3.2145709005e-03
    1.5640001989e+03    7.6730292620e-13    3.2144875147e-03
    1.5650000055e+03    7.6495206391e-13    3.2144044205e-03
    1.5660000447e+03    7.6471879094e-13    3.2143236178e-03
    1.5670000351e+03    7.6521180063e-13    3.2142448004e-03
    1.5680002376e+03    7.6616155487e-13    3.2141623170e-03
    1.5690003086e+03    7.6813114327e-13    3.2140866766e-03
    1.5700001424e+03    7.6951411875e-13    3.2140144827e-03
    1.5710001307e+03    7.6887016773e-13    3.2139324278e-03
    1.5720001798e+03    7.6991352520e-13    3.2138600387e-03
    1.5730001661e+03    7.6978806747e-13    3.2137905175e-03
    1.5740001108e+03    7.7133815657e-13    3.2137107032e-03
    1.5750001544e+03    7.7228104984e-13    3.2136419728e-03
    1.5760003015e+03    7.7209923415e-13    3.2135753931e-03
    1.5770000959e+03    7.7135138844e-13    3.2134999909e-03
    1.5780002279e+03    7.7134697782e-13    3.2134319526e-03
    1.5790000456e+03    7.6935974693e-13    3.2133682477e-03
    1.5800002684e+03    7.6930191875e-13    3.2132976668e-03
    1.5810001590e+03    7.7074713303e-13    3.2132258883e-03
    1.5820000647e+03    7.7134060692e-13    3.2131547958e-03
    1.5830000035e+03    7.7092355797e-13    3.2130797915e-03
    1.5840001224e+03    7.7054277414e-13    3.2130034952e-03
    1.5850002037e+03    7.7065598015e-13    3.2129205808e-03
    1.5860001737e+03    7.7316856529e-13    3.2128377920e-03
    1.5870003027e+03    7.7134697782e-13    3.2127585733e-03
    1.5880001735e+03    7.7142342862e-13    3.2126684944e-03
    1.5890000572e+03    7.7058001941e-13    3.2125821049e-03
    1.5900001885e+03    7.7266526415e-13    3.2124936949e-03
    1.5910001690e+03    7.7262017778e-13    3.2123992041e-03
    1.5920000992e+03    7.6990666423e-13    3.2123145980e-03
    1.5930002822e+03    7.6954695339e-13    3.2122234410e-03
    1.5940000405e+03    7.7151213116e-13    3.2121332668e-03
    1.5950002278e+03    7.7330480455e-13    3.2120474414e-03
    1.5960000383e+03    7.7170178797e-13    3.2119540290e-03
    1.5970001405e+03    7.7323766506e-13    3.2118673409e-03
    1.5980001849e+03    7.7211295609e-13    3.2117752677e-03
    1.5990001839e+03    7.7227716542e-13    3.2116839719e-03
    1.6000001601e+03    7.7483796523e-13    3.2115939132e-03
    1.6010000162e+03    7.7391340713e-13    3.2115013017e-03
    1.6020000575e+03    7.7416128959e-13    3.2114103512e-03
    1.6030000385e+03    7.7403299954e-13    3.2113227373e-03
    1.6040000826e+03    7.7429044940e-13    3.2112348171e-03
    1.6050000934e+03    7.7533894874e-13    3.2111503650e-03
    1.6060002937e+03    7.7701889604e-13    3.2110683716e-03
    1.6070002007e+03    7.7467401490e-13    3.2109821944e-03
    1.6080001954e+03    7.7583895274e-13    3.2108998758e-03
    1.6090001963e+03    7.7645545989e-13    3.2108224630e-03
    1.6100001393e+03    7.7725966356e-13    3.2107380581e-03
    1.6110002077e+03    7.7617435613e-13    3.2106645507e-03
    1.6120000907e+03    7.7569879293e-13    3.2105869414e-03
    1.6130000925e+03    7.7642850608e-13    3.2104948706e-03
    1.6140001174e+03    7.7621091532e-13    3.2104107136e-03
    1.6150000570e+03    7.7598800940e-13    3.2103176357e-03
    1.6160001208e+03    7.7536199746e-13    3.2102274689e-03
    1.6170001319e+03    7.7401125547e-13    3.2101401348e-03
    1.6180001013e+03    7.7405387386e-13    3.2100468843e-03
    1.6190002277e+03    7.7309452523e-13    3.2099589886e-03
    1.6200000505e+03    7.7383251916e-13    3.2098674858e-03
    1.6210000124e+03    7.7573164675e-13    3.2097697979e-03
    1.6220000405e+03    7.7532851158e-13    3.2096792913e-03
    1.6230002281e+03    7.7510019878e-13    3.2095816831e-03
    1.6240000648e+03    7.7666903386e-13    3.2094830975e-03
    1.6250000413e+03    7.7798498532e-13    3.2093892376e-03
    1.6260001276e+03    7.7840769016e-13    3.2092874401e-03
    1.6270000492e+03    7.7909045414e-13    3.2091917057e-03
    1.6280001065e+03    7.7899260580e-13    3.2091045835e-03
    1.6290002380e+03    7.7710913395e-13    3.2090104151e-03
    1.6300001078e+03    7.7695257660e-13    3.2089245998e-03
    1.6310000581e+03    7.7587733205e-13    3.2088441509e-03
    1.6320001806e+03    7.7765686722e-13    3.2087546546e-03
    1.6330001575e+03    7.7760946513e-13    3.2086665032e-03
    1.6340001214e+03    7.7718632542e-13    3.2085828563e-03
    1.6350002594e+03    7.7803586646e-13    3.2084934996e-03
    1.6360001654e+03    7.7771492390e-13    3.2083988874e-03
    1.6370002534e+03    7.7619914438e-13    3.2083144502e-03
    1.6380001251e+03    7.7820699234e-13    3.2082259100e-03
    1.6390000103e+03    7.7998000428e-13    3.2081300255e-03
    1.6400000736e+03    7.8168300030e-13    3.2080465984e-03
    1.6410000748e+03    7.8164538305e-13    3.2079628450e-03
    1.6420002216e+03    7.7955990874e-13    3.2078707981e-03
    1.6430000614e+03    7.7958404466e-13    3.2077893255e-03
    1.6440002329e+03    7.7796150172e-13    3.2077090697e-03
    1.6450002400e+03    7.7790670665e-13    3.2076228587e-03
    1.6460002400e+03    7.7977104371e-13    3.2075447065e-03
    1.6470001965e+03    7.7728743537e-13    3.2074720151e-03
    1.6480000353e+03    7.7739311158e-13    3.2073915710e-03
    1.6490000702e+03    7.7657901338e-13    3.2073134224e-03
    1.6500000198e+03    7.7744334040e-13    3.2072442919e-03
    1.6510000325e+03    7.7956053878e-13    3.2071632226e-03
    1.6520001363e+03    7.8061418771e-13    3.2070847146e-03
    1.6530002471e+03    7.8145367637e-13    3.2070131429e-03
    1.6540000262e+03    7.8051029303e-13    3.2069370165e-03
    1.6550001767e+03    7.8279303569e-13    3.2068560546e-03
    1.6560002393e+03    7.8364624628e-13    3.2067818858e-03
    1.6570002893e+03    7.8411181209e-13    3.2067134879e-03
    1.6580001948e+03    7.8478222685e-13    3.2066258393e-03
    1.6590001309e+03    7.8623234182e-13    3.2065429523e-03
    1.6600000194e+03    7.8431519084e-13    3.2064645258e-03
    1.6610000110e+03    7.8551144993e-13    3.2063750284e-03
    1.6620002806e+03    7.8949375281e-13    3.2062961490e-03
    1.6630000090e+03    7.8821761244e-13    3.2062169564e-03
    1.6640000929e+03    7.8456414603e-13    3.2061333204e-03
    1.6650002399e+03    7.8473321993e-13    3.2060549045e-03
    1.6660000502e+03    7.8663860925e-13    3.2059771087e-03
    1.6670001102e+03    7.8493610860e-13    3.2058936686e-03
    1.6680000859e+03    7.8788632561e-13    3.2058113673e-03
    1.6690000105e+03    7.8820879119e-13    3.2057264587e-03
    1.6700002597e+03    7.8677043788e-13    3.2056375283e-03
    1.6710002328e+03    7.8520417649e-13    3.2055611055e-03
    1.6720002773e+03    7.8629507069e-13    3.2054819320e-03
    1.6730002963e+03    7.8457002686e-13    3.2053976754e-03
    1.6740000051e+03    7.8477340561e-13    3.2053226776e-03
    1.6750000977e+03    7.8350412620e-13    3.2052433830e-03
    1.6760001374e+03    7.8315470681e-13    3.2051612339e-03
    1.6770001611e+03    7.8235393362e-13    3.2050824938e-03
    1.6780000552e+03    7.8127284081e-13    3.2049973841e-03
    1.6790001611e+03    7.7868576513e-13    3.2049146444e-03
    1.6800002718e+03    7.7876858684e-13    3.2048330629e-03
    1.6810000357e+03    7.7860343350e-13    3.2047481473e-03
    1.6820002790e+03    7.7752332083e-13    3.2046722280e-03
    1.6830000357e+03    7.7666177905e-13    3.2045891449e-03
    1.6840000872e+03    7.7794527047e-13    3.2045067470e-03
    1.6850001663e+03    7.7794625061e-13    3.2044279334e-03
    1.6860002967e+03    7.7655102339e-13    3.2043384087e-03
    1.6870000427e+03    7.7679899844e-13    3.2042575693e-03
    1.6880000566e+03    7.7867988430e-13    3.2041757774e-03
    1.6890002778e+03    7.8057155169e-13    3.2040912757e-03
    1.6900000349e+03    7.8277196271e-13    3.2040193221e-03
    1.6910000022e+03    7.8253525925e-13    3.2039426752e-03
    1.6920001217e+03    7.8086755352e-13    3.2038668743e-03
    1.6930001523e+03    7.8326644260e-13    3.2038011428e-03
    1.6940000102e+03    7.8488906195e-13    3.2037247501e-03
    1.6950002574e+03    7.8436762825e-13    3.2036518822e-03
    1.6960000087e+03    7.8568346424e-13    3.2035844153e-03
    1.6970002338e+03    7.8666409285e-13    3.2035025482e-03
    1.6980000095e+03    7.8517379220e-13    3.2034256165e-03
    1.6990002898e+03    7.8489494278e-13    3.2033473328e-03
    1.7000002561e+03    7.8406329523e-13    3.2032616696e-03
    1.7010001088e+03    7.8654549609e-13    3.2031869652e-03
    1.7020000451e+03    7.8731833532e-13    3.2031028780e-03
    1.7030001418e+03    7.8854007801e-13    3.2030192370e-03
    1.7040002738e+03    7.8711936720e-13    3.2029397534e-03
    1.7050001092e+03    7.8781036487e-13    3.2028435821e-03
    1.7060000325e+03    7.8770352977e-13    3.2027490482e-03
    1.7070001235e+03    7.9078704562e-13    3.2026525492e-03
    1.7080002803e+03    7.9024257866e-13    3.2025442575e-03
    1.7090002474e+03    7.8825779812e-13    3.2024467267e-03
    1.7100000326e+03    7.8897084890e-13    3.2023461454e-03
    1.7110002909e+03    7.9086496663e-13    3.2022434550e-03
    1.7120001565e+03    7.9076303222e-13    3.2021543656e-03
    1.7130002889e+03    7.8956530293e-13    3.2020582638e-03
    1.7140001926e+03    7.9098307333e-13    3.2019624504e-03
    1.7150001360e+03    7.9276251484e-13    3.2018754632e-03
    1.7160000344e+03    7.9428516007e-13    3.2017787526e-03
    1.7170000894e+03    7.9293501923e-13    3.2016787016e-03
    1.7180002755e+03    7.9273752131e-13    3.2015852946e-03
    1.7190000018e+03    7.9337706171e-13    3.2014853557e-03
    1.7200002302e+03    7.9489137575e-13    3.2013890850e-03
    1.7210001904e+03    7.9485609077e-13    3.2013037715e-03
    1.7220000420e+03    7.9320161691e-13    3.2012113102e-03
    1.7230000566e+03    7.9071304516e-13    3.2011176528e-03
    1.7240002813e+03    7.9250179799e-13    3.2010366967e-03
    1.7250002743e+03    7.9182697261e-13    3.2009506846e-03
    1.7260001821e+03    7.9085810566e-13    3.2008559240e-03
    1.7270001342e+03    7.9213326590e-13    3.2007716724e-03
    1.7280000030e+03    7.8952315697e-13    3.2006849008e-03
    1.7290002184e+03    7.9048124239e-13    3.2005873007e-03
    1.7300000273e+03    7.8728501061e-13    3.2004986656e-03
    1.7310001527e+03    7.8866847616e-13    3.2004166887e-03
    1.7320000125e+03    7.8911002858e-13    3.2003276244e-03
    1.7330001846e+03    7.8987257636e-13    3.2002454020e-03
    1.7340000320e+03    7.9060375971e-13    3.2001765744e-03
    1.7350001332e+03    7.9128544607e-13    3.2001022643e-03
    1.7360001211e+03    7.9364856008e-13    3.2000312115e-03
    1.7370001358e+03    7.9461791710e-13    3.1999722677e-03
    1.7380001898e+03    7.9309331160e-13    3.1999087922e-03
    1.7390000561e+03    7.9064688581e-13    3.1998428696e-03
    1.7400002688e+03    7.9141237401e-13    3.1997746658e-03
    1.7410002841e+03    7.9121340588e-13    3.1997203205e-03
    1.7420000700e+03    7.9265567974e-13    3.1996473776e-03
    1.7430000488e+03    7.9265126912e-13    3.1995733135e-03
    1.7440001985e+03    7.9269047466e-13    3.1995105537e-03
    1.7450000877e+03    7.9385781966e-13    3.1994383032e-03
    1.7460002104e+03    7.9450520117e-13    3.1993736486e-03
    1.7470001855e+03    7.9640617987e-13    3.1993168427e-03
    1.7480002136e+03    7.9531675588e-13    3.1992646572e-03
    1.7490002350e+03    7.9584897111e-13    3.1992152315e-03
    1.7500001918e+03    7.9646057756e-13    3.1991516420e-03
    1.7510000207e+03    7.9622240389e-13    3.1990886022e-03
    1.7520001139e+03    7.9567401638e-13    3.1990156477e-03
    1.7530002085e+03    7.9678059279e-13    3.1989367890e-03
    1.7540002284e+03    7.9446648570e-13    3.1988469815e-03
    1.7550000007e+03    7.9365983168e-13    3.1987661945e-03
    1.7560002083e+03    7.9178286637e-13    3.1986823038e-03
    1.7570000252e+03    7.9101884838e-13    3.1985914590e-03
    1.7580000556e+03    7.9017592924e-13    3.1985136778e-03
    1.7590002302e+03    7.9118988256e-13    3.1984314872e-03
    1.7600001394e+03    7.9017935972e-13    3.1983452364e-03
    1.7610001747e+03    7.9326728619e-13    3.1982599893e-03
    1.7620002208e+03    7.9051113662e-13    3.1981778233e-03
    1.7630001744e+03    7.9244985065e-13    3.1980897787e-03
    1.7640001224e+03    7.9244593010e-13    3.1980112759e-03
    1.7650002041e+03    7.9273066034e-13    3.1979242282e-03
    1.7660002763e+03    7.9401611204e-13    3.1978447437e-03
    1.7670002669e+03    7.9381567371e-13    3.1977724776e-03
    1.7680001047e+03    7.9330257118e-13    3.1976963196e-03
    1.7690002240e+03    7.9069148211e-13    3.1976203833e-03
    1.7700000594e+03    7.9169955460e-13    3.1975532684e-03
    1.7710000037e+03    7.9297569498e-13    3.1974702205e-03
    1.7720001500e+03    7.9280662108e-13    3.1973990292e-03
    1.7730000618e+03    7.9339323400e-13    3.1973158163e-03
    1.7740000247e+03    7.9343832037e-13    3.1972361904e-03
    1.7750000367e+03    7.9380734253e-13    3.1971689617e-03
    1.7760002907e+03    7.9601216417e-13    3.1970967809e-03
    1.7770000056e+03    7.9743728561e-13    3.1970364308e-03
    1.7780000078e+03    7.9668306900e-13    3.1969825844e-03
    1.7790000004e+03    7.9579261314e-13    3.1969264872e-03
    1.7800002755e+03    7.9419155684e-13    3.1968727180e-03
    1.7810001952e+03    7.9596707780e-13    3.1968088681e-03
    1.7820000252e+03    7.9587249443e-13    3.1967421261e-03
    1.7830000281e+03    7.9704768054e-13    3.1966748932e-03
    1.7840002835e+03    7.9330551160e-13    3.1965910565e-03
    1.7850001258e+03    7.9503594619e-13    3.1965127953e-03
    1.7860000108e+03    7.9773965835e-13    3.1964274868e-03
    1.7870002442e+03    7.9936717840e-13    3.1963286466e-03
    1.7880002301e+03    7.9782198999e-13    3.1962358088e-03
    1.7890002901e+03    8.0023901163e-13    3.1961294908e-03
    1.7900001764e+03    8.0244726376e-13    3.1960155888e-03
    1.7910002367e+03    8.0235317046e-13    3.1959072366e-03
    1.7920002665e+03    8.0090060514e-13    3.1957873857e-03
    1.7930000974e+03    8.0056980838e-13    3.1956660522e-03
    1.7940002322e+03    8.0051590077e-13    3.1955549093e-03
    1.7950000339e+03    8.0186506147e-13    3.1954395442e-03
    1.7960001484e+03    8.0209784437e-13    3.1953241178e-03
    1.7970001257e+03    7.9962691511e-13    3.1952206648e-03
    1.7980000204e+03    7.9920349526e-13    3.1951099522e-03
    1.7990001346e+03    7.9837478812e-13    3.1949974706e-03
    1.8000002386e+03    7.9946764260e-13    3.1948975343e-03
    1.8010002466e+03    7.9831377450e-13    3.1948004998e-03
    1.8020001923e+03    7.9700847500e-13    3.1947105844e-03
    1.8030001160e+03    7.9912851466e-13    3.1946292365e-03
    1.8040002471e+03    7.9780091701e-13    3.1945424747e-03
    1.8050000109e+03    7.9954066292e-13    3.1944723283e-03
    1.8060001146e+03    7.9950537793e-13    3.1943893885e-03
    1.8070002304e+03    7.9976903520e-13    3.1943065727e-03
    1.8080001781e+03    7.9930346939e-13    3.1942297353e-03
    1.8090000187e+03    7.9696877939e-13    3.1941484437e-03
    1.8100000797e+03    7.9806898490e-13    3.1940626678e-03
    1.8110000274e+03    7.9875018119e-13    3.1939872684e-03
    1.8120001290e+03    7.9932062182e-13    3.1939193266e-03
    1.8130000250e+03    7.9910842182e-13    3.1938577768e-03
    1.8140002885e+03    7.9941324491e-13    3.1938089581e-03
    1.8150002905e+03    7.9752696829e-13    3.1937511983e-03
    1.8160002412e+03    7.9779650639e-13    3.1937037119e-03
    1.8170001114e+03    7.9904814330e-13    3.1936474561e-03
    1.8180000841e+03    7.9847721260e-13    3.1935847345e-03
    1.8190002418e+03    7.9740641125e-13    3.1935213593e-03
    1.8200000716e+03    7.9750981586e-13    3.1934497895e-03
    1.8210000263e+03    7.9762473711e-13    3.1933899151e-03
    1.8220002304e+03    7.9773475766e-13    3.1933169779e-03
    1.8230000188e+03    7.9911871328e-13    3.1932556886e-03
    1.8240000914e+03    7.9869529343e-13    3.1931896104e-03
    1.8250000705e+03    7.9729516552e-13    3.1931212847e-03
    1.8260001294e+03    7.9492568060e-13    3.1930524552e-03
    1.8270001364e+03    7.9627925193e-13    3.1929774624e-03
    1.8280001826e+03    7.9747012025e-13    3.1929046810e-03
    1.8290001806e+03    7.9700308424e-13    3.1928236468e-03
    1.8300002604e+03    7.9657035307e-13    3.1927456038e-03
    1.8310001102e+03    7.9619348980e-13    3.1926610011e-03
    1.8320000388e+03    7.9650125331e-13    3.1925869055e-03
    1.8330002374e+03    7.9562500945e-13    3.1925083565e-03
    1.8340001775e+03    7.9505211847e-13    3.1924350299e-03
    1.8350002267e+03    7.9449392958e-13    3.1923735690e-03
    1.8360002323e+03    7.9435082935e-13    3.1922994197e-03
    1.8370000683e+03    7.9654192905e-13    3.1922347050e-03
    1.8380000111e+03    7.9627680158e-13    3.1921623297e-03
    1.8390001400e+03    7.9598177988e-13    3.1920905769e-03
    1.8400002564e+03    7.9599060113e-13    3.1920198849e-03
    1.8410001861e+03    7.9344763168e-13    3.1919495591e-03
    1.8420001922e+03    7.9586073277e-13    3.1918675025e-03
    1.8430000789e+03    7.9479336190e-13    3.1917961803e-03
    1.8440001023e+03    7.9411020534e-13    3.1917218167e-03
    1.8450001980e+03    7.9048761329e-13    3.1916397761e-03
    1.8460001230e+03    7.9022052554e-13    3.1915757729e-03
    1.8470002200e+03    7.9143050657e-13    3.1914978112e-03
    1.8480001874e+03    7.8966772741e-13    3.1914301302e-03
    1.8490001697e+03    7.9252238090e-13    3.1913638210e-03
    1.8500001602e+03    7.9322514024e-13    3.1912913424e-03
    1.8510000368e+03    7.9092867564e-13    3.1912170893e-03
    1.8520001967e+03    7.9169416384e-13    3.1911422694e-03
    1.8530001567e+03    7.9214306729e-13    3.1910736352e-03
    1.8540002934e+03    7.9259834164e-13    3.1910107238e-03
    1.8550002039e+03    7.9150769248e-13    3.1909451215e-03
    1.8560001901e+03    7.9258805018e-13    3.1908856014e-03
    1.8570002913e+03    7.9410285430e-13    3.1908298821e-03
    1.8580002735e+03    7.9465834782e-13    3.1907704761e-03
    1.8590000979e+03    7.9189411210e-13    3.1907170333e-03
    1.8600000808e+03    7.9353682429e-13    3.1906510958e-03
    1.8610000604e+03    7.9382890558e-13    3.1905924105e-03
    1.8620001355e+03    7.9485854111e-13    3.1905317382e-03
    1.8630000007e+03    7.9288258182e-13    3.1904559813e-03
    1.8640000434e+03    7.9295315179e-13    3.1903876898e-03
    1.8650002885e+03    7.9259638136e-13    3.1903061653e-03
    1.8660000735e+03    7.9010731954e-13    3.1902179564e-03
    1.8670002329e+03    7.8982454957e-13    3.1901404478e-03
    1.8680000649e+03    7.9082527102e-13    3.1900358866e-03
    1.8690002554e+03    7.8973584703e-13    3.1899389299e-03
    1.8700002868e+03    7.8872091358e-13    3.1898296624e-03
    1.8710001704e+03    7.8813136024e-13    3.1897085358e-03
    1.8720000970e+03    7.8608042035e-13    3.1895946840e-03
    1.8730002666e+03    7.8654745636e-13    3.1894704081e-03
    1.8740002303e+03    7.8737616350e-13    3.1893510195e-03
    1.8750002103e+03    7.8896545814e-13    3.1892368251e-03
    1.8760002302e+03    7.8984709276e-13    3.1891111015e-03
    1.8770001019e+03    7.8902132604e-13    3.1889973505e-03
    1.8780002891e+03    7.8583146516e-13    3.1888747587e-03
    1.8790001718e+03    7.8277759850e-13    3.1887574078e-03
    1.8800000215e+03    7.8373102827e-13    3.1886496738e-03
    1.8810002346e+03    7.8051666393e-13    3.1885427286e-03
    1.8820002043e+03    7.8206087220e-13    3.1884388075e-03
    1.8830000238e+03    7.8312677286e-13    3.1883392025e-03
    1.8840002496e+03    7.8577363699e-13    3.1882445545e-03
    1.8850002484e+03    7.8366682919e-13    3.1881511645e-03
    1.8860002424e+03    7.8460237143e-13    3.1880636261e-03
    1.8870001656e+03    7.8431813125e-13    3.1879762414e-03
    1.8880002163e+03    7.8175016828e-13    3.1878974305e-03
    1.8890001185e+03    7.7903861501e-13    3.1878130155e-03
    1.8900001592e+03    7.7935961038e-13    3.1877379408e-03
    1.8910002220e+03    7.7944733278e-13    3.1876550154e-03
    1.8920001736e+03    7.8190454010e-13    3.1875826839e-03
    1.8930001336e+03    7.8257568996e-13    3.1875037538e-03
    1.8940002046e+03    7.8308413683e-13    3.1874280824e-03
    1.8950000161e+03    7.8447446335e-13    3.1873574073e-03
    1.8960002693e+03    7.8345560934e-13    3.1872899253e-03
    1.8970002579e+03    7.8508361945e-13    3.1872411489e-03
    1.8980001013e+03    7.8298661305e-13    3.1871824144e-03
    1.8990002494e+03    7.8484250537e-13    3.1871342044e-03
    1.9000000944e+03    7.8545166148e-13    3.1870757947e-03
    1.9010002125e+03    7.8696401524e-13    3.1870226016e-03
    1.9020002734e+03    7.8534972707e-13    3.1869606145e-03
    1.9030001694e+03    7.8609365222e-13    3.1869018815e-03
    1.9040002339e+03    7.8679004065e-13    3.1868356758e-03
    1.9050002292e+03    7.8975937036e-13    3.1867858319e-03
    1.9060000678e+03    7.8855992582e-13    3.1867211344e-03
    1.9070000424e+03    7.8895516669e-13    3.1866698508e-03
    1.9080000953e+03    7.8818698311e-13    3.1866247859e-03
    1.9090000698e+03    7.8708677759e-13    3.1865761685e-03
    1.9100002585e+03    7.8642640925e-13    3.1865389202e-03
    1.9110002079e+03    7.8630438201e-13    3.1864926449e-03
    1.9120002643e+03    7.8740311731e-13    3.1864406152e-03
    1.9130002163e+03    7.8811371775e-13    3.1863830473e-03
    1.9140001016e+03    7.9025826088e-13    3.1863107569e-03
    1.9150001109e+03    7.9086374146e-13    3.1862391562e-03
    1.9160000799e+03    7.8897574960e-13    3.1861493654e-03
    1.9170000839e+03    7.9098233822e-13    3.1860755425e-03
    1.9180002276e+03    7.8946434866e-13    3.1859915828e-03
    1.9190000123e+03    7.9032344009e-13    3.1859238329e-03
    1.9200001189e+03    7.9240672455e-13    3.1858489506e-03
    1.9210000597e+03    7.9184853566e-13    3.1857848552e-03
    1.9220001681e+03    7.9373383214e-13    3.1857156882e-03
    1.9230002187e+03    7.9296834394e-13    3.1856508335e-03
    1.9240001222e+03    7.9521727182e-13    3.1855749292e-03
    1.9250001904e+03    7.9765879692e-13    3.1855000845e-03
    1.9260001257e+03    7.9695334221e-13    3.1854295683e-03
    1.9270001089e+03    7.9660514799e-13    3.1853502232e-03
    1.9280000431e+03    7.9569043370e-13    3.1852752090e-03
    1.9290000350e+03    7.9566666534e-13    3.1852000906e-03
    1.9300001311e+03    7.9486613719e-13    3.1851179660e-03
    1.9310002059e+03    7.9610405216e-13    3.1850461443e-03
    1.9320000726e+03    7.9632507340e-13    3.1849694355e-03
    1.9330001813e+03    7.9653506809e-13    3.1848961064e-03
    1.9340001960e+03    7.9763870408e-13    3.1848303706e-03
    1.9350000027e+03    7.9614154246e-13    3.1847578449e-03
    1.9360001767e+03    7.9452357877e-13    3.1846954588e-03
    1.9370002566e+03    7.9236408853e-13    3.1846394729e-03
    1.9380001160e+03    7.9251380469e-13    3.1845848919e-03
    1.9390002026e+03    7.9091593384e-13    3.1845382242e-03
    1.9400000428e+03    7.8952707752e-13    3.1844910752e-03
    1.9410002520e+03    7.8818379766e-13    3.1844322017e-03
    1.9420002303e+03    7.8861162813e-13    3.1843722891e-03
    1.9430001717e+03    7.8928694358e-13    3.1843046319e-03
    1.9440002857e+03    7.8920632719e-13    3.1842241771e-03
    1.9450001392e+03    7.9212370955e-13    3.1841492013e-03
    1.9460001320e+03    7.9055377265e-13    3.1840663091e-03
    1.9470002332e+03    7.9011883617e-13    3.1839900997e-03
    1.9480000728e+03    7.8729138151e-13    3.1839136181e-03
    1.9490002007e+03    7.8725609653e-13    3.1838306644e-03
    1.9500001648e+03    7.8856286624e-13    3.1837508496e-03
    1.9510001928e+03    7.8936854012e-13    3.1836648089e-03
    1.9520001523e+03    7.9076033684e-13    3.1835651370e-03
    1.9530001441e+03    7.9100439134e-13    3.1834660235e-03
    1.9540002511e+03    7.9288135664e-13    3.1833652074e-03
    1.9550000761e+03    7.9492372033e-13    3.1832573956e-03
    1.9560002011e+03    7.9550249213e-13    3.1831555356e-03
    1.9570000584e+03    7.9676540064e-13    3.1830592123e-03
    1.9580002596e+03    7.9976707492e-13    3.1829602752e-03
    1.9590001932e+03    7.9942255622e-13    3.1828702791e-03
    1.9600000282e+03    8.0032232340e-13    3.1827847382e-03
    1.9610001301e+03    7.9856640521e-13    3.1826988647e-03
    1.9620001689e+03    7.9815082647e-13    3.1826215804e-03
    1.9630000156e+03    8.0031889292e-13    3.1825408679e-03
    1.9640000563e+03    8.0125737557e-13    3.1824694332e-03
    1.9650001048e+03    8.0416618172e-13    3.1823892789e-03
    1.9660001062e+03    8.0495078262e-13    3.1823160014e-03
    1.9670001022e+03    8.0300667783e-13    3.1822328004e-03
    1.9680001280e+03    8.0233013720e-13    3.1821457457e-03
    1.9690001517e+03    8.0365332423e-13    3.1820574169e-03
    1.9700000685e+03    8.0484272235e-13    3.1819580933e-03
    1.9710002698e+03    8.0435730874e-13    3.1818623758e-03
    1.9720000906e+03    8.0213827508e-13    3.1817599569e-03
    1.9730000644e+03    8.0214489102e-13    3.1816553785e-03
    1.9740000529e+03    8.0047914557e-13    3.1815591333e-03
    1.9750001741e+03    7.9864506133e-13    3.1814614232e-03
    1.9760001534e+03    7.9844584817e-13    3.1813679718e-03
    1.9770002244e+03    7.9830960891e-13    3.1812875523e-03
    1.9780002442e+03    7.9705650179e-13    3.1811921262e-03
    1.9790002372e+03    7.9526774895e-13    3.1811144554e-03
    1.9800001563e+03    7.9792858005e-13    3.1810151744e-03
    1.9810000645e+03    7.9663724753e-13    3.1809310083e-03
    1.9820000203e+03    7.9653923367e-13    3.1808282392e-03
    1.9830001969e+03    7.9752819346e-13    3.1807414838e-03
    1.9840002241e+03    7.9653212767e-13    3.1806509306e-03
    1.9850000280e+03    7.9581099074e-13    3.1805644601e-03
    1.9860002356e+03    7.9590851452e-13    3.1804860434e-03
    1.9870000823e+03    7.9591611060e-13    3.1804070695e-03
    1.9880000796e+03    7.9256501693e-13    3.1803389807e-03
    1.9890002230e+03    7.9038298350e-13    3.1802709841e-03
    1.9900001015e+03    7.8971379392e-13    3.1802135951e-03
    1.9910001821e+03    7.8819016856e-13    3.1801626263e-03
    1.9920001512e+03    7.8762609883e-13    3.1801158879e-03
    1.9930002613e+03    7.8814924777e-13    3.1800769816e-03
    1.9940001170e+03    7.8698557829e-13    3.1800389916e-03
    1.9950001006e+03    7.8467833217e-13    3.1800049789e-03
    1.9960000027e+03    7.8391945990e-13    3.1799654272e-03
    1.9970000401e+03    7.8512919590e-13    3.1799370801e-03
    1.9980002455e+03    7.8686820670e-13    3.1799026728e-03
    1.9990000624e+03    7.8642003835e-13    3.1798763803e-03
    2.0000000000e+03    7.8734896465e-13    3.1798529893e-03
