                   t                divB                mass
    0.0000000000e+00    4.5034702869e-12    4.0261155082e-03
    1.0001526229e+00    4.5031386840e-12    4.0261438751e-03
    2.0000021959e+00    4.5062861010e-12    4.0261722472e-03
    3.0001266739e+00    4.5091946515e-12    4.0262006292e-03
    4.0002535437e+00    4.5061188945e-12    4.0262290144e-03
    5.0001102974e+00    4.5008694526e-12    4.0262573946e-03
    6.0002415038e+00    4.5026876480e-12    4.0262857944e-03
    7.0001017708e+00    4.5029518062e-12    4.0263141774e-03
    8.0002365033e+00    4.5035897201e-12    4.0263425540e-03
    9.0001008453e+00    4.4901893115e-12    4.0263709163e-03
    1.0000240017e+01    4.4839338203e-12    4.0263992866e-03
    1.1000109008e+01    4.4716490586e-12    4.0264276530e-03
    1.2000252908e+01    4.4738058822e-12    4.0264560322e-03
    1.3000126780e+01    4.4677442944e-12    4.0264844085e-03
    1.4000003248e+01    4.4678356257e-12    4.0265127898e-03
    1.5000154890e+01    4.4647753248e-12    4.0265411841e-03
    1.6000036668e+01    4.4631299564e-12    4.0265695772e-03
    1.7000193570e+01    4.4626437929e-12    4.0265979852e-03
    1.8000080439e+01    4.4627084273e-12    4.0266263926e-03
    1.9000242155e+01    4.4594148803e-12    4.0266548143e-03
    2.0000133468e+01    4.4589202862e-12    4.0266832339e-03
    2.1000026682e+01    4.4566482446e-12    4.0267116585e-03
    2.2000194142e+01    4.4563686304e-12    4.0267400944e-03
    2.3000090678e+01    4.4574505549e-12    4.0267685248e-03
    2.4000261297e+01    4.4549101398e-12    4.0267969641e-03
    2.5000160983e+01    4.4519931588e-12    4.0268253962e-03
    2.6000062374e+01    4.4459301659e-12    4.0268538287e-03
    2.7000238160e+01    4.4470036599e-12    4.0268822696e-03
    2.8000143474e+01    4.4495890381e-12    4.0269107036e-03
    2.9000051043e+01    4.4483834650e-12    4.0269391388e-03
    3.0000233584e+01    4.4423837014e-12    4.0269675829e-03
    3.1000146190e+01    4.4458444550e-12    4.0269960213e-03
    3.2000061496e+01    4.4416853683e-12    4.0270244623e-03
    3.3000252086e+01    4.4420478833e-12    4.0270529148e-03
    3.4000172899e+01    4.4421195432e-12    4.0270813641e-03
    3.5000096423e+01    4.4375754600e-12    4.0271098183e-03
    3.6000022566e+01    4.4408268541e-12    4.0271382778e-03
    3.7000223733e+01    4.4428108509e-12    4.0271667514e-03
    3.8000154722e+01    4.4425495029e-12    4.0271952194e-03
    3.9000087875e+01    4.4411050633e-12    4.0272236917e-03
    4.0000023032e+01    4.4430272358e-12    4.0272521682e-03
    4.1000232613e+01    4.4430075644e-12    4.0272806539e-03
    4.2000171453e+01    4.4449592440e-12    4.0273091304e-03
    4.3000112053e+01    4.4486026601e-12    4.0273376063e-03
    4.4000054428e+01    4.4478242364e-12    4.0273660832e-03
    4.5000271186e+01    4.4479675563e-12    4.0273945697e-03
    4.6000217363e+01    4.4470753198e-12    4.0274230506e-03
    4.7000165614e+01    4.4492700811e-12    4.0274515338e-03
    4.8000116057e+01    4.4525762740e-12    4.0274800192e-03
    4.9000068798e+01    4.4516643661e-12    4.0275085065e-03
    5.0000023900e+01    4.4506878238e-12    4.0275369954e-03
    5.1000253925e+01    4.4498166638e-12    4.0275654935e-03
    5.2000213770e+01    4.4482260941e-12    4.0275939851e-03
    5.3000175907e+01    4.4500990882e-12    4.0276224783e-03
    5.4000140247e+01    4.4590340991e-12    4.0276509670e-03
    5.5000106743e+01    4.4657729436e-12    4.0276794578e-03
    5.6000075334e+01    4.4657476518e-12    4.0277079561e-03
    5.7000046005e+01    4.4607033541e-12    4.0277364599e-03
    5.8000018779e+01    4.4634601542e-12    4.0277649659e-03
    5.9000266251e+01    4.4532268338e-12    4.0277934811e-03
    6.0000243398e+01    4.4474715571e-12    4.0278219919e-03
    6.1000222853e+01    4.4504475522e-12    4.0278505074e-03
    6.2000204725e+01    4.4526043759e-12    4.0278790278e-03
    6.3000189109e+01    4.4517472668e-12    4.0279075531e-03
    6.4000176065e+01    4.4497014458e-12    4.0279360826e-03
    6.5000165604e+01    4.4420225915e-12    4.0279646160e-03
    6.6000157695e+01    4.4416094931e-12    4.0279931525e-03
    6.7000152240e+01    4.4391688398e-12    4.0280216915e-03
    6.8000149080e+01    4.4365708158e-12    4.0280502326e-03
    6.9000148043e+01    4.4378480488e-12    4.0280787758e-03
    7.0000148890e+01    4.4392995139e-12    4.0281073294e-03
    7.1000151500e+01    4.4407369279e-12    4.0281358917e-03
    7.2000155774e+01    4.4398236150e-12    4.0281644545e-03
    7.3000161642e+01    4.4401130649e-12    4.0281930048e-03
    7.4000169129e+01    4.4399065157e-12    4.0282215383e-03
    7.5000178350e+01    4.4404081353e-12    4.0282500638e-03
    7.6000189468e+01    4.4441611490e-12    4.0282785903e-03
    7.7000202658e+01    4.4435077789e-12    4.0283071191e-03
    7.8000218122e+01    4.4388035147e-12    4.0283356471e-03
    7.9000236040e+01    4.4361689581e-12    4.0283641728e-03
    8.0000256540e+01    4.4373309732e-12    4.0283926981e-03
    8.1000007142e+01    4.4359399273e-12    4.0284212179e-03
    8.2000033012e+01    4.4316023933e-12    4.0284497499e-03
    8.3000061575e+01    4.4501201647e-12    4.0284782866e-03
    8.4000092757e+01    4.4556632717e-12    4.0285068263e-03
    8.5000126450e+01    4.4546993753e-12    4.0285353685e-03
    8.6000162535e+01    4.4485759632e-12    4.0285639139e-03
    8.7000200918e+01    4.4478354772e-12    4.0285924640e-03
    8.8000241517e+01    4.4476991828e-12    4.0286210191e-03
    8.9000011685e+01    4.4421167330e-12    4.0286495702e-03
    9.0000056451e+01    4.4403533365e-12    4.0286781317e-03
    9.1000103137e+01    4.4394835815e-12    4.0287066947e-03
    9.2000151646e+01    4.4337901291e-12    4.0287352583e-03
    9.3000201911e+01    4.4319311860e-12    4.0287638216e-03
    9.4000253928e+01    4.4255787431e-12    4.0287923849e-03
    9.5000035186e+01    4.4263107986e-12    4.0288209419e-03
    9.6000090937e+01    4.4278521898e-12    4.0288495102e-03
    9.7000148762e+01    4.4303785540e-12    4.0288780840e-03
    9.8000208820e+01    4.4321616219e-12    4.0289066643e-03
    9.9000271233e+01    4.4362125161e-12    4.0289352513e-03
    1.0000006350e+02    4.4307115619e-12    4.0289638368e-03
    1.0100013080e+02    4.4318960586e-12    4.0289924362e-03
    1.0200020053e+02    4.4365216374e-12    4.0290210408e-03
    1.0300000004e+02    4.4291420687e-12    4.0290496421e-03
    1.0400007440e+02    4.4306778396e-12    4.0290782547e-03
    1.0500015095e+02    4.4369249002e-12    4.0291068713e-03
    1.0600022963e+02    4.4445812729e-12    4.0291354929e-03
    1.0700003785e+02    4.4543972795e-12    4.0291641135e-03
    1.0800012077e+02    4.4584116412e-12    4.0291927490e-03
    1.0900020586e+02    4.4628812543e-12    4.0292213893e-03
    1.1000002065e+02    4.4620114993e-12    4.0292500241e-03
    1.1100011037e+02    4.4615351715e-12    4.0292786681e-03
    1.1200020256e+02    4.4606963287e-12    4.0293073128e-03
    1.1300002470e+02    4.4599474120e-12    4.0293359503e-03
    1.1400012200e+02    4.4609155238e-12    4.0293645967e-03
    1.1500022185e+02    4.4615281460e-12    4.0293932454e-03
    1.1600005160e+02    4.4662352204e-12    4.0294218895e-03
    1.1700015626e+02    4.4649116192e-12    4.0294505448e-03
    1.1800026307e+02    4.4644324812e-12    4.0294792028e-03
    1.1900009927e+02    4.4629486989e-12    4.0295078546e-03
    1.2000020984e+02    4.4637074512e-12    4.0295365147e-03
    1.2100004950e+02    4.4597029252e-12    4.0295651663e-03
    1.2200016338e+02    4.4633884942e-12    4.0295938243e-03
    1.2300000634e+02    4.4675138586e-12    4.0296224724e-03
    1.2400012366e+02    4.4701385795e-12    4.0296511259e-03
    1.2500024289e+02    4.4682964975e-12    4.0296797769e-03
    1.2600009162e+02    4.4633491515e-12    4.0297084176e-03
    1.2700021519e+02    4.4688163833e-12    4.0297370642e-03
    1.2800006860e+02    4.4623964958e-12    4.0297657025e-03
    1.2900019718e+02    4.4621421733e-12    4.0297943498e-03
    1.3000005586e+02    4.4679747303e-12    4.0298229928e-03
    1.3100018986e+02    4.4687882814e-12    4.0298516487e-03
    1.3200005401e+02    4.4678805888e-12    4.0298803026e-03
    1.3300019344e+02    4.4698631805e-12    4.0299089704e-03
    1.3400006287e+02    4.4684313868e-12    4.0299376359e-03
    1.3500020737e+02    4.4667255992e-12    4.0299663142e-03
    1.3600008159e+02    4.4684215511e-12    4.0299949887e-03
    1.3700023054e+02    4.4709591560e-12    4.0300236740e-03
    1.3800010888e+02    4.4741164087e-12    4.0300523533e-03
    1.3900026165e+02    4.4673747540e-12    4.0300810413e-03
    1.4000014356e+02    4.4604602724e-12    4.0301097213e-03
    1.4100002718e+02    4.4607145949e-12    4.0301384008e-03
    1.4200018512e+02    4.4582472449e-12    4.0301670875e-03
    1.4300007228e+02    4.4508353590e-12    4.0301957660e-03
    1.4400023395e+02    4.4499360970e-12    4.0302244525e-03
    1.4500012506e+02    4.4525509822e-12    4.0302531316e-03
    1.4600001835e+02    4.4534446238e-12    4.0302818113e-03
    1.4700018653e+02    4.4510095910e-12    4.0303104992e-03
    1.4800008448e+02    4.4506091384e-12    4.0303391794e-03
    1.4900025744e+02    4.4534277627e-12    4.0303678670e-03
    1.5000016022e+02    4.4535303347e-12    4.0303965460e-03
    1.5100006539e+02    4.4577821578e-12    4.0304252239e-03
    1.5200024548e+02    4.4601272644e-12    4.0304539086e-03
    1.5300015520e+02    4.4538858242e-12    4.0304825854e-03
    1.5400006709e+02    4.4605389578e-12    4.0305112624e-03
    1.5500025369e+02    4.4627941383e-12    4.0305399480e-03
    1.5600016975e+02    4.4593193337e-12    4.0305686286e-03
    1.5700008789e+02    4.4601441256e-12    4.0305973125e-03
    1.5800000813e+02    4.4599136897e-12    4.0306259996e-03
    1.5900020314e+02    4.4609113085e-12    4.0306546972e-03
    1.6000012780e+02    4.4603773717e-12    4.0306833893e-03
    1.6100005477e+02    4.4652600832e-12    4.0307120830e-03
    1.6200025675e+02    4.4725131931e-12    4.0307407857e-03
    1.6300018855e+02    4.4711446288e-12    4.0307694824e-03
    1.6400012278e+02    4.4737454631e-12    4.0307981817e-03
    1.6500005939e+02    4.4757659924e-12    4.0308268843e-03
    1.6600027088e+02    4.4769659451e-12    4.0308555983e-03
    1.6700021188e+02    4.4770080980e-12    4.0308843080e-03
    1.6800015480e+02    4.4766863308e-12    4.0309130205e-03
    1.6900009949e+02    4.4771415822e-12    4.0309417353e-03
    1.7000004583e+02    4.4745604193e-12    4.0309704517e-03
    1.7100026638e+02    4.4735304833e-12    4.0309991770e-03
    1.7200021593e+02    4.4688768025e-12    4.0310278950e-03
    1.7300016718e+02    4.4617276697e-12    4.0310566127e-03
    1.7400012025e+02    4.4603647258e-12    4.0310853297e-03
    1.7500007532e+02    4.4580041631e-12    4.0311140455e-03
    1.7600003257e+02    4.4638901138e-12    4.0311427600e-03
    1.7700026478e+02    4.4656127625e-12    4.0311714815e-03
    1.7800022686e+02    4.4695934019e-12    4.0312001961e-03
    1.7900019153e+02    4.4742892356e-12    4.0312289131e-03
    1.8000015883e+02    4.4709535356e-12    4.0312576340e-03
    1.8100012876e+02    4.4764573000e-12    4.0312863596e-03
    1.8200010126e+02    4.4800796397e-12    4.0313150909e-03
    1.8300007625e+02    4.4858433469e-12    4.0313438280e-03
    1.8400005360e+02    4.4867679007e-12    4.0313725701e-03
    1.8500003314e+02    4.4840743300e-12    4.0314013161e-03
    1.8600001472e+02    4.4905616622e-12    4.0314300647e-03
    1.8700027074e+02    4.4917953372e-12    4.0314588222e-03
    1.8800025583e+02    4.4918740226e-12    4.0314875717e-03
    1.8900024251e+02    4.4942500414e-12    4.0315163208e-03
    1.9000023074e+02    4.4910183186e-12    4.0315450701e-03
    1.9100022055e+02    4.4911883354e-12    4.0315738205e-03
    1.9200021203e+02    4.4931386098e-12    4.0316025731e-03
    1.9300020528e+02    4.4909860014e-12    4.0316313287e-03
    1.9400020046e+02    4.4945788340e-12    4.0316600871e-03
    1.9500019770e+02    4.4988966967e-12    4.0316888482e-03
    1.9600019714e+02    4.4995121291e-12    4.0317176117e-03
    1.9700019888e+02    4.4993730245e-12    4.0317463776e-03
    1.9800020298e+02    4.5057451387e-12    4.0317751458e-03
    1.9900020944e+02    4.5005996740e-12    4.0318039162e-03
    2.0000021825e+02    4.4974536622e-12    4.0318326888e-03
    2.0100022935e+02    4.5008441609e-12    4.0318614640e-03
    2.0200024265e+02    4.5061441862e-12    4.0318902423e-03
    2.0300025808e+02    4.5105294935e-12    4.0319190246e-03
    2.0400000295e+02    4.5144272321e-12    4.0319478043e-03
    2.0500002251e+02    4.5117926755e-12    4.0319765988e-03
    2.0600004408e+02    4.5133340668e-12    4.0320053810e-03
    2.0700006765e+02    4.5139705756e-12    4.0320341647e-03
    2.0800009324e+02    4.5130066792e-12    4.0320629816e-03
    2.0900012094e+02    4.5143092040e-12    4.0320918215e-03
    2.1000015086e+02    4.5142024166e-12    4.0321206596e-03
    2.1100018307e+02    4.5198691722e-12    4.0321494874e-03
    2.1200021759e+02    4.5223224713e-12    4.0321783117e-03
    2.1300025443e+02    4.5158955583e-12    4.0322071398e-03
    2.1400002095e+02    4.5247617194e-12    4.0322359649e-03
    2.1500006234e+02    4.5245509549e-12    4.0322648012e-03
    2.1600010583e+02    4.5256384999e-12    4.0322936402e-03
    2.1700015125e+02    4.5211801276e-12    4.0323224832e-03
    2.1800019846e+02    4.5198045378e-12    4.0323513305e-03
    2.1900024735e+02    4.5158491901e-12    4.0323801808e-03
    2.2000002523e+02    4.5154262560e-12    4.0324090245e-03
    2.2100007740e+02    4.5199914156e-12    4.0324378759e-03
    2.2200013128e+02    4.5258141370e-12    4.0324667267e-03
    2.2300018700e+02    4.5280145186e-12    4.0324955763e-03
    2.2400024472e+02    4.5280791531e-12    4.0325244243e-03
    2.2500003195e+02    4.5273527180e-12    4.0325532633e-03
    2.2600009417e+02    4.5303371437e-12    4.0325821098e-03
    2.2700015887e+02    4.5308823213e-12    4.0326109571e-03
    2.2800022614e+02    4.5296598870e-12    4.0326398066e-03
    2.2900002337e+02    4.5303905374e-12    4.0326686518e-03
    2.3000009588e+02    4.5257242108e-12    4.0326975096e-03
    2.3100017095e+02    4.5262693884e-12    4.0327263736e-03
    2.3200024850e+02    4.5270759139e-12    4.0327552444e-03
    2.3300005577e+02    4.5364998985e-12    4.0327841141e-03
    2.3400013789e+02    4.5377729162e-12    4.0328129975e-03
    2.3500022206e+02    4.5393353839e-12    4.0328418849e-03
    2.3600003545e+02    4.5395616045e-12    4.0328707663e-03
    2.3700012323e+02    4.5400519833e-12    4.0328996554e-03
    2.3800021265e+02    4.5352128298e-12    4.0329285433e-03
    2.3900003103e+02    4.5392314068e-12    4.0329574220e-03
    2.4000012371e+02    4.5377602704e-12    4.0329863079e-03
    2.4100021811e+02    4.5371982316e-12    4.0330151946e-03
    2.4200004170e+02    4.5386019234e-12    4.0330440757e-03
    2.4300013992e+02    4.5399255246e-12    4.0330729681e-03
    2.4400024025e+02    4.5390192372e-12    4.0331018644e-03
    2.4500007016e+02    4.5412983042e-12    4.0331307565e-03
    2.4600017506e+02    4.5443234778e-12    4.0331596593e-03
    2.4700000969e+02    4.5425333844e-12    4.0331885561e-03
    2.4800011936e+02    4.5431150945e-12    4.0332174621e-03
    2.4900023141e+02    4.5410411715e-12    4.0332463694e-03
    2.5000007314e+02    4.5343023270e-12    4.0332752707e-03
    2.5100018979e+02    4.5292004204e-12    4.0333041815e-03
    2.5200003596e+02    4.5299268555e-12    4.0333330864e-03
    2.5300015697e+02    4.5337557444e-12    4.0333620035e-03
    2.5400000740e+02    4.5344667234e-12    4.0333909066e-03
    2.5500013251e+02    4.5314022071e-12    4.0334198014e-03
    2.5600025959e+02    4.5286819396e-12    4.0334487085e-03
    2.5700011603e+02    4.5265883453e-12    4.0334776373e-03
    2.5800024721e+02    4.5301938239e-12    4.0335065945e-03
    2.5900010789e+02    4.5292594344e-12    4.0335355469e-03
    2.6000024346e+02    4.5284374528e-12    4.0335645020e-03
    2.6100010863e+02    4.5242699355e-12    4.0335934446e-03
    2.6200024877e+02    4.5278276408e-12    4.0336223946e-03
    2.6300011853e+02    4.5252605288e-12    4.0336513377e-03
    2.6400026321e+02    4.5298172579e-12    4.0336802896e-03
    2.6500013735e+02    4.5294252359e-12    4.0337092346e-03
    2.6600001348e+02    4.5288210442e-12    4.0337381809e-03
    2.6700016415e+02    4.5277672216e-12    4.0337671367e-03
    2.6800004391e+02    4.5253012766e-12    4.0337960855e-03
    2.6900019803e+02    4.5231627192e-12    4.0338250427e-03
    2.7000008117e+02    4.5171081569e-12    4.0338539920e-03
    2.7100023873e+02    4.5188294005e-12    4.0338829489e-03
    2.7200012547e+02    4.5211239237e-12    4.0339118976e-03
    2.7300001420e+02    4.5186720297e-12    4.0339408457e-03
    2.7400017774e+02    4.5132680272e-12    4.0339698011e-03
    2.7500007090e+02    4.5117434971e-12    4.0339987488e-03
    2.7600023916e+02    4.5151677182e-12    4.0340277058e-03
    2.7700013729e+02    4.5217070389e-12    4.0340566582e-03
    2.7800003801e+02    4.5271489790e-12    4.0340856155e-03
    2.7900021401e+02    4.5333004930e-12    4.0341145865e-03
    2.8000011991e+02    4.5365870145e-12    4.0341435556e-03
    2.8100002829e+02    4.5391906590e-12    4.0341725308e-03
    2.8200021172e+02    4.5388436000e-12    4.0342015197e-03
    2.8300012470e+02    4.5376731544e-12    4.0342305065e-03
    2.8400003971e+02    4.5397147601e-12    4.0342594979e-03
    2.8500022928e+02    4.5380820376e-12    4.0342885003e-03
    2.8600014791e+02    4.5370478863e-12    4.0343174960e-03
    2.8700006816e+02    4.5396121880e-12    4.0343464916e-03
    2.8800026269e+02    4.5400561986e-12    4.0343754945e-03
    2.8900018615e+02    4.5399718928e-12    4.0344044892e-03
    2.9000011132e+02    4.5444204294e-12    4.0344334839e-03
    2.9100003830e+02    4.5434101648e-12    4.0344624795e-03
    2.9200023993e+02    4.5415596523e-12    4.0344914849e-03
    2.9300017098e+02    4.5348980881e-12    4.0345204857e-03
    2.9400010425e+02    4.5369270479e-12    4.0345494900e-03
    2.9500003986e+02    4.5386398610e-12    4.0345784974e-03
    2.9600025056e+02    4.5326977064e-12    4.0346075153e-03
    2.9700019100e+02    4.5356975882e-12    4.0346365275e-03
    2.9800013385e+02    4.5423029485e-12    4.0346655413e-03
    2.9900007907e+02    4.5424856111e-12    4.0346945560e-03
    3.0000002658e+02    4.5415666777e-12    4.0347235710e-03
    3.0100024897e+02    4.5399761081e-12    4.0347525944e-03
    3.0200020079e+02    4.5441070928e-12    4.0347816115e-03
    3.0300015466e+02    4.5372038520e-12    4.0348106325e-03
    3.0400011052e+02    4.5310860604e-12    4.0348396583e-03
    3.0500006836e+02    4.5256862732e-12    4.0348686885e-03
    3.0600002820e+02    4.5194827706e-12    4.0348977223e-03
    3.0700026275e+02    4.5200827469e-12    4.0349267665e-03
    3.0800022669e+02    4.5199492627e-12    4.0349558052e-03
    3.0900019277e+02    4.5251972995e-12    4.0349848461e-03
    3.1000016107e+02    4.5202485484e-12    4.0350138892e-03
    3.1100013163e+02    4.5222985847e-12    4.0350429343e-03
    3.1200010446e+02    4.5272684122e-12    4.0350719815e-03
    3.1300007951e+02    4.5328578875e-12    4.0351010309e-03
    3.1400005670e+02    4.5321384779e-12    4.0351300826e-03
    3.1500003592e+02    4.5346971592e-12    4.0351591362e-03
    3.1600001704e+02    4.5355500530e-12    4.0351881913e-03
    3.1700027266e+02    4.5360924204e-12    4.0352172554e-03
    3.1800025731e+02    4.5389770842e-12    4.0352463122e-03
    3.1900024369e+02    4.5425305742e-12    4.0352753697e-03
    3.2000023181e+02    4.5385977081e-12    4.0353044282e-03
    3.2100022176e+02    4.5394140694e-12    4.0353334877e-03
    3.2200021367e+02    4.5408374325e-12    4.0353625485e-03
    3.2300020767e+02    4.5426696788e-12    4.0353916104e-03
    3.2400020392e+02    4.5483406496e-12    4.0354206737e-03
    3.2500020255e+02    4.5536687769e-12    4.0354497391e-03
    3.2600020367e+02    4.5569061200e-12    4.0354788073e-03
    3.2700020735e+02    4.5597387953e-12    4.0355078793e-03
    3.2800021360e+02    4.5642140287e-12    4.0355369561e-03
    3.2900022240e+02    4.5681637560e-12    4.0355660383e-03
    3.3000023368e+02    4.5732136740e-12    4.0355951264e-03
    3.3100024731e+02    4.5771001719e-12    4.0356242199e-03
    3.3200026316e+02    4.5788129850e-12    4.0356533181e-03
    3.3300000834e+02    4.5762571138e-12    4.0356824117e-03
    3.3400002811e+02    4.5749855012e-12    4.0357115152e-03
    3.3500004959e+02    4.5726502302e-12    4.0357406193e-03
    3.3600007269e+02    4.5718521352e-12    4.0357697232e-03
    3.3700009737e+02    4.5702404891e-12    4.0357988265e-03
    3.3800012365e+02    4.5698105295e-12    4.0358279295e-03
    3.3900015161e+02    4.5700943590e-12    4.0358570332e-03
    3.4000018137e+02    4.5749475636e-12    4.0358861384e-03
    3.4100021307e+02    4.5732726881e-12    4.0359152454e-03
    3.4200024685e+02    4.5715612802e-12    4.0359443543e-03
    3.4300001014e+02    4.5703514918e-12    4.0359734569e-03
    3.4400004846e+02    4.5747930029e-12    4.0360025688e-03
    3.4500008920e+02    4.5807463982e-12    4.0360316819e-03
    3.4600013237e+02    4.5878294915e-12    4.0360607959e-03
    3.4700017798e+02    4.5959284697e-12    4.0360899108e-03
    3.4800022597e+02    4.5999344008e-12    4.0361190268e-03
    3.4900000356e+02    4.6100567185e-12    4.0361481366e-03
    3.5000005609e+02    4.6116782003e-12    4.0361772569e-03
    3.5100011075e+02    4.6113620535e-12    4.0362063803e-03
    3.5200016745e+02    4.6127320229e-12    4.0362355072e-03
    3.5300022615e+02    4.6092263063e-12    4.0362646377e-03
    3.5400001407e+02    4.6103180665e-12    4.0362937635e-03
    3.5500007665e+02    4.6158681991e-12    4.0363229003e-03
    3.5600014120e+02    4.6221855145e-12    4.0363520396e-03
    3.5700020776e+02    4.6210628421e-12    4.0363811814e-03
    3.5800000368e+02    4.6161674847e-12    4.0364103179e-03
    3.5900007446e+02    4.6160649126e-12    4.0364394651e-03
    3.6000014745e+02    4.6212286435e-12    4.0364686153e-03
    3.6100022267e+02    4.6227264768e-12    4.0364977682e-03
    3.6200002738e+02    4.6176877995e-12    4.0365269158e-03
    3.6300010698e+02    4.6204825371e-12    4.0365560735e-03
    3.6400018865e+02    4.6130580054e-12    4.0365852326e-03
    3.6500027229e+02    4.6128135185e-12    4.0366143921e-03
    3.6600008507e+02    4.6111217819e-12    4.0366435447e-03
    3.6700017237e+02    4.6102702932e-12    4.0366727072e-03
    3.6800026143e+02    4.6063585036e-12    4.0367018714e-03
    3.6900007956e+02    4.6017806981e-12    4.0367310287e-03
    3.7000017226e+02    4.6039515727e-12    4.0367601942e-03
    3.7100026691e+02    4.6024593598e-12    4.0367893599e-03
    3.7200009090e+02    4.5985798874e-12    4.0368185177e-03
    3.7300018981e+02    4.5991854842e-12    4.0368476839e-03
    3.7400001832e+02    4.6055337117e-12    4.0368768432e-03
    3.7500012199e+02    4.6078338553e-12    4.0369060130e-03
    3.7600022816e+02    4.6117428347e-12    4.0369351860e-03
    3.7700006414e+02    4.6117779621e-12    4.0369643551e-03
    3.7800017538e+02    4.6188034464e-12    4.0369935372e-03
    3.7900001636e+02    4.6252401950e-12    4.0370227167e-03
    3.8000013243e+02    4.6265947084e-12    4.0370519097e-03
    3.8100025073e+02    4.6257895879e-12    4.0370811077e-03
    3.8200009835e+02    4.6209911822e-12    4.0371103018e-03
    3.8300022058e+02    4.6259300976e-12    4.0371395062e-03
    3.8400007178e+02    4.6206961118e-12    4.0371687036e-03
    3.8500019733e+02    4.6171932054e-12    4.0371979084e-03
    3.8600005171e+02    4.6187837750e-12    4.0372271043e-03
    3.8700018042e+02    4.6134893701e-12    4.0372563076e-03
    3.8800003802e+02    4.6148579344e-12    4.0372855033e-03
    3.8900017014e+02    4.6177861563e-12    4.0373147081e-03
    3.9000003143e+02    4.6190507434e-12    4.0373439065e-03
    3.9100016751e+02    4.6187570782e-12    4.0373731146e-03
    3.9200003304e+02    4.6211682244e-12    4.0374023162e-03
    3.9300017361e+02    4.6210684625e-12    4.0374315328e-03
    3.9400004384e+02    4.6209729159e-12    4.0374607461e-03
    3.9500018926e+02    4.6172199022e-12    4.0374899657e-03
    3.9600006438e+02    4.6198586741e-12    4.0375191748e-03
    3.9700021465e+02    4.6211949212e-12    4.0375483970e-03
    3.9800009452e+02    4.6220955883e-12    4.0375776120e-03
    3.9900024939e+02    4.6207733922e-12    4.0376068301e-03
    4.0000013367e+02    4.6198671047e-12    4.0376360403e-03
    4.0100002000e+02    4.6218848238e-12    4.0376652578e-03
    4.0200018106e+02    4.6231578415e-12    4.0376944928e-03
    4.0300007131e+02    4.6183566256e-12    4.0377237274e-03
    4.0400023622e+02    4.6235484584e-12    4.0377529758e-03
    4.0500013029e+02    4.6195397171e-12    4.0377822212e-03
    4.0600002632e+02    4.6204839422e-12    4.0378114712e-03
    4.0700019711e+02    4.6208534827e-12    4.0378407332e-03
    4.0800009725e+02    4.6255493163e-12    4.0378699904e-03
    4.0900027228e+02    4.6231142835e-12    4.0378992583e-03
    4.1000017676e+02    4.6156841314e-12    4.0379285206e-03
    4.1100008344e+02    4.6092726745e-12    4.0379577854e-03
    4.1200026505e+02    4.6058976318e-12    4.0379870610e-03
    4.1300017602e+02    4.6060634333e-12    4.0380163313e-03
    4.1400008901e+02    4.6057711731e-12    4.0380456041e-03
    4.1500000392e+02    4.6051655764e-12    4.0380748791e-03
    4.1600019342e+02    4.5983241598e-12    4.0381041645e-03
    4.1700011198e+02    4.6008982972e-12    4.0381334441e-03
    4.1800003233e+02    4.6012425460e-12    4.0381627252e-03
    4.1900022730e+02    4.5924016766e-12    4.0381920148e-03
    4.2000015143e+02    4.5918593092e-12    4.0382212967e-03
    4.2100007759e+02    4.5847467090e-12    4.0382505788e-03
    4.2200000590e+02    4.5873067954e-12    4.0382798615e-03
    4.2300020924e+02    4.5856951493e-12    4.0383091537e-03
    4.2400014220e+02    4.5916232529e-12    4.0383384404e-03
    4.2500007762e+02    4.5975232546e-12    4.0383677310e-03
    4.2600001555e+02    4.6016472139e-12    4.0383970264e-03
    4.2700022875e+02    4.6045403083e-12    4.0384263353e-03
    4.2800017165e+02    4.6048367837e-12    4.0384556416e-03
    4.2900011693e+02    4.6091363801e-12    4.0384849529e-03
    4.3000006444e+02    4.6108871307e-12    4.0385142685e-03
    4.3100001404e+02    4.6105456922e-12    4.0385435873e-03
    4.3200023830e+02    4.6117920131e-12    4.0385729164e-03
    4.3300019155e+02    4.6106862019e-12    4.0386022384e-03
    4.3400014645e+02    4.6157150435e-12    4.0386315605e-03
    4.3500010294e+02    4.6159412641e-12    4.0386608822e-03
    4.3600006103e+02    4.6120435254e-12    4.0386902038e-03
    4.3700002079e+02    4.6121236160e-12    4.0387195257e-03
    4.3800025510e+02    4.6105780094e-12    4.0387488566e-03
    4.3900021854e+02    4.6107550516e-12    4.0387781812e-03
    4.4000018404e+02    4.6088300689e-12    4.0388075076e-03
    4.4100015174e+02    4.6140963719e-12    4.0388368361e-03
    4.4200012175e+02    4.6101930129e-12    4.0388661669e-03
    4.4300009417e+02    4.6109405244e-12    4.0388955000e-03
    4.4400006905e+02    4.6115573619e-12    4.0389248355e-03
    4.4500004641e+02    4.6128936090e-12    4.0389541731e-03
    4.4600002620e+02    4.6172423838e-12    4.0389835127e-03
    4.4700000837e+02    4.6194483858e-12    4.0390128543e-03
    4.4800026559e+02    4.6198994219e-12    4.0390422060e-03
    4.4900025223e+02    4.6238955173e-12    4.0390715519e-03
    4.5000024095e+02    4.6310488654e-12    4.0391008999e-03
    4.5100023167e+02    4.6363193837e-12    4.0391302502e-03
    4.5200022433e+02    4.6379633470e-12    4.0391596030e-03
    4.5300021887e+02    4.6404194563e-12    4.0391889584e-03
    4.5400021529e+02    4.6420971419e-12    4.0392183169e-03
    4.5500021363e+02    4.6400105731e-12    4.0392476784e-03
    4.5600021393e+02    4.6415435338e-12    4.0392770427e-03
    4.5700021626e+02    4.6407454388e-12    4.0393064092e-03
    4.5800022070e+02    4.6374870192e-12    4.0393357776e-03
    4.5900022731e+02    4.6312174770e-12    4.0393651473e-03
    4.6000023612e+02    4.6308226448e-12    4.0393945182e-03
    4.6100024715e+02    4.6249633910e-12    4.0394238903e-03
    4.6200026033e+02    4.6280588193e-12    4.0394532636e-03
    4.6300000280e+02    4.6249507451e-12    4.0394826332e-03
    4.6400002003e+02    4.6274981857e-12    4.0395120121e-03
    4.6500003919e+02    4.6301734901e-12    4.0395413902e-03
    4.6600006021e+02    4.6339869229e-12    4.0395707692e-03
    4.6700008308e+02    4.6333391733e-12    4.0396001477e-03
    4.6800010783e+02    4.6370008557e-12    4.0396295235e-03
    4.6900013451e+02    4.6389665861e-12    4.0396588994e-03
    4.7000016322e+02    4.6330370774e-12    4.0396882773e-03
    4.7100019404e+02    4.6365737062e-12    4.0397176579e-03
    4.7200022709e+02    4.6397998086e-12    4.0397470404e-03
    4.7300026250e+02    4.6380813751e-12    4.0397764242e-03
    4.7400002755e+02    4.6390803990e-12    4.0398058015e-03
    4.7500006785e+02    4.6328473894e-12    4.0398351895e-03
    4.7600011064e+02    4.6329246697e-12    4.0398645819e-03
    4.7700015588e+02    4.6379225992e-12    4.0398939796e-03
    4.7800020351e+02    4.6429106930e-12    4.0399233826e-03
    4.7900025341e+02    4.6438282212e-12    4.0399527902e-03
    4.8000003264e+02    4.6386068813e-12    4.0399821936e-03
    4.8100008661e+02    4.6379872336e-12    4.0400116078e-03
    4.8200014237e+02    4.6379071431e-12    4.0400410234e-03
    4.8300019979e+02    4.6375095007e-12    4.0400704393e-03
    4.8400025880e+02    4.6351039749e-12    4.0400998552e-03
    4.8500004660e+02    4.6312638452e-12    4.0401292628e-03
    4.8600010884e+02    4.6308114040e-12    4.0401586787e-03
    4.8700017282e+02    4.6339855178e-12    4.0401880954e-03
    4.8800023866e+02    4.6340389115e-12    4.0402175135e-03
    4.8900003372e+02    4.6307973531e-12    4.0402469252e-03
    4.9000010374e+02    4.6328319333e-12    4.0402763467e-03
    4.9100017605e+02    4.6285281217e-12    4.0403057704e-03
    4.9200025074e+02    4.6327630836e-12    4.0403351966e-03
    4.9300005507e+02    4.6377567978e-12    4.0403646177e-03
    4.9400013465e+02    4.6321729429e-12    4.0403940500e-03
    4.9500021667e+02    4.6317893514e-12    4.0404234858e-03
    4.9600002826e+02    4.6286419345e-12    4.0404529171e-03
    4.9700011494e+02    4.6335555582e-12    4.0404823596e-03
    4.9800020381e+02    4.6331874228e-12    4.0405118050e-03
    4.9900002196e+02    4.6315055219e-12    4.0405412448e-03
    5.0000011488e+02    4.6260045677e-12    4.0405706949e-03
    5.0100020970e+02    4.6307088320e-12    4.0406001476e-03
    5.0200003357e+02    4.6284072833e-12    4.0406295949e-03
    5.0300013207e+02    4.6238294778e-12    4.0406590530e-03
    5.0400023242e+02    4.6170288091e-12    4.0406885135e-03
    5.0500006186e+02    4.6153145909e-12    4.0407179679e-03
    5.0600016606e+02    4.6165075181e-12    4.0407474321e-03
    5.0700027230e+02    4.6173407406e-12    4.0407768974e-03
    5.0800010785e+02    4.6146991585e-12    4.0408063554e-03
    5.0900021837e+02    4.6199598411e-12    4.0408358222e-03
    5.1000005826e+02    4.6198839658e-12    4.0408652819e-03
    5.1100017314e+02    4.6204460046e-12    4.0408947509e-03
    5.1200001733e+02    4.6213649379e-12    4.0409242134e-03
    5.1300013638e+02    4.6205317155e-12    4.0409536853e-03
    5.1400025739e+02    4.6189200694e-12    4.0409831583e-03
    5.1500010751e+02    4.6164119715e-12    4.0410126239e-03
    5.1600023231e+02    4.6180179972e-12    4.0410420977e-03
    5.1700008618e+02    4.6188582452e-12    4.0410715638e-03
    5.1800021479e+02    4.6184296906e-12    4.0411010389e-03
    5.1900007256e+02    4.6172353583e-12    4.0411305071e-03
    5.2000020520e+02    4.6144476461e-12    4.0411599848e-03
    5.2100006718e+02    4.6198347875e-12    4.0411894560e-03
    5.2200020422e+02    4.6137970863e-12    4.0412189375e-03
    5.2300007078e+02    4.6221279055e-12    4.0412484139e-03
    5.2400021254e+02    4.6286784670e-12    4.0412779020e-03
    5.2500008391e+02    4.6281923035e-12    4.0413073866e-03
    5.2600023051e+02    4.6271005433e-12    4.0413368843e-03
    5.2700010663e+02    4.6272241918e-12    4.0413663791e-03
    5.2800025783e+02    4.6273492454e-12    4.0413958869e-03
    5.2900013833e+02    4.6271342656e-12    4.0414253910e-03
    5.3000002082e+02    4.6329049983e-12    4.0414548973e-03
    5.3100017797e+02    4.6346459133e-12    4.0414844124e-03
    5.3200006398e+02    4.6352894477e-12    4.0415139200e-03
    5.3300022442e+02    4.6375038803e-12    4.0415434356e-03
    5.3400011363e+02    4.6367029751e-12    4.0415729423e-03
    5.3500000446e+02    4.6323991635e-12    4.0416024472e-03
    5.3600016983e+02    4.6363123582e-12    4.0416319588e-03
    5.3700006420e+02    4.6353344108e-12    4.0416614627e-03
    5.3800023338e+02    4.6357573449e-12    4.0416909766e-03
    5.3900013185e+02    4.6347400548e-12    4.0417204849e-03
    5.4000003258e+02    4.6327391969e-12    4.0417499953e-03
    5.4100020850e+02    4.6338112858e-12    4.0417795157e-03
    5.4200011401e+02    4.6398251003e-12    4.0418090300e-03
    5.4300002198e+02    4.6436750657e-12    4.0418385470e-03
    5.4400020522e+02    4.6483470127e-12    4.0418680748e-03
    5.4500011801e+02    4.6478608492e-12    4.0418975970e-03
    5.4600003310e+02    4.6478285320e-12    4.0419271214e-03
    5.4700022322e+02    4.6553935734e-12    4.0419566557e-03
    5.4800014260e+02    4.6565204611e-12    4.0419861835e-03
    5.4900006396e+02    4.6526550396e-12    4.0420157127e-03
    5.5000026002e+02    4.6585859534e-12    4.0420452514e-03
    5.5100018507e+02    4.6563392036e-12    4.0420747832e-03
    5.5200011191e+02    4.6589821907e-12    4.0421043156e-03
    5.5300004054e+02    4.6623726894e-12    4.0421338488e-03
    5.5400024378e+02    4.6610350372e-12    4.0421633911e-03
    5.5500017606e+02    4.6615113651e-12    4.0421929270e-03
    5.5600011030e+02    4.6654821688e-12    4.0422224646e-03
    5.5700004659e+02    4.6628616631e-12    4.0422520021e-03
    5.5800025783e+02    4.6618823106e-12    4.0422815468e-03
    5.5900019840e+02    4.6603943131e-12    4.0423110841e-03
    5.6000014113e+02    4.6665205353e-12    4.0423406241e-03
    5.6100008599e+02    4.6687124864e-12    4.0423701674e-03
    5.6200003293e+02    4.6646391106e-12    4.0423997137e-03
    5.6300025472e+02    4.6596861443e-12    4.0424292702e-03
    5.6400020561e+02    4.6641374911e-12    4.0424588204e-03
    5.6500015840e+02    4.6625441112e-12    4.0424883722e-03
    5.6600011306e+02    4.6605657349e-12    4.0425179251e-03
    5.6700006960e+02    4.6567410613e-12    4.0425474788e-03
    5.6800002808e+02    4.6614003624e-12    4.0425770328e-03
    5.6900026139e+02    4.6604434915e-12    4.0426065956e-03
    5.7000022394e+02    4.6660638789e-12    4.0426361522e-03
    5.7100018864e+02    4.6618528036e-12    4.0426657114e-03
    5.7200015559e+02    4.6585438005e-12    4.0426952736e-03
    5.7300012485e+02    4.6588332505e-12    4.0427248391e-03
    5.7400009647e+02    4.6609479212e-12    4.0427544082e-03
    5.7500007044e+02    4.6663687849e-12    4.0427839809e-03
    5.7600004674e+02    4.6653177724e-12    4.0428135577e-03
    5.7700002530e+02    4.6660596636e-12    4.0428431384e-03
    5.7800000598e+02    4.6633913846e-12    4.0428727227e-03
    5.7900026150e+02    4.6623389671e-12    4.0429023181e-03
    5.8000024600e+02    4.6601582568e-12    4.0429319069e-03
    5.8100023219e+02    4.6624232729e-12    4.0429614960e-03
    5.8200021997e+02    4.6644044595e-12    4.0429910847e-03
    5.8300020932e+02    4.6630625920e-12    4.0430206722e-03
    5.8400020025e+02    4.6637426589e-12    4.0430502581e-03
    5.8500019283e+02    4.6633548521e-12    4.0430798428e-03
    5.8600018718e+02    4.6614059828e-12    4.0431094267e-03
    5.8700018345e+02    4.6600205573e-12    4.0431390107e-03
    5.8800018178e+02    4.6537861426e-12    4.0431685953e-03
    5.8900018229e+02    4.6504012643e-12    4.0431981810e-03
    5.9000018510e+02    4.6532760924e-12    4.0432277690e-03
    5.9100019029e+02    4.6498476561e-12    4.0432573599e-03
    5.9200019789e+02    4.6535079334e-12    4.0432869539e-03
    5.9300020791e+02    4.6557785699e-12    4.0433165508e-03
    5.9400022032e+02    4.6510813312e-12    4.0433461506e-03
    5.9500023504e+02    4.6453134086e-12    4.0433757534e-03
    5.9600025198e+02    4.6465962620e-12    4.0434053592e-03
    5.9700027101e+02    4.6445883786e-12    4.0434349678e-03
    5.9800001916e+02    4.6460791864e-12    4.0434645705e-03
    5.9900004203e+02    4.6461859737e-12    4.0434941829e-03
    6.0000006670e+02    4.6458375097e-12    4.0435237964e-03
    6.0100009310e+02    4.6459934755e-12    4.0435534107e-03
    6.0200012125e+02    4.6414184801e-12    4.0435830260e-03
    6.0300015117e+02    4.6435176948e-12    4.0436126426e-03
    6.0400018292e+02    4.6461325801e-12    4.0436422612e-03
    6.0500021658e+02    4.6402592752e-12    4.0436718818e-03
    6.0600025225e+02    4.6342215741e-12    4.0437015046e-03
    6.0700001712e+02    4.6360580357e-12    4.0437311210e-03
    6.0800005700e+02    4.6366158591e-12    4.0437607471e-03
    6.0900009907e+02    4.6349887570e-12    4.0437903746e-03
    6.1000014329e+02    4.6356238607e-12    4.0438200036e-03
    6.1100018965e+02    4.6309153812e-12    4.0438496339e-03
    6.1200023807e+02    4.6366453661e-12    4.0438792658e-03
    6.1300001563e+02    4.6466693271e-12    4.0439088908e-03
    6.1400006799e+02    4.6415379134e-12    4.0439385248e-03
    6.1500012225e+02    4.6417599187e-12    4.0439681593e-03
    6.1600017839e+02    4.6474983342e-12    4.0439977940e-03
    6.1700023644e+02    4.6511698523e-12    4.0440274289e-03
    6.1800002357e+02    4.6456464166e-12    4.0440570562e-03
    6.1900008558e+02    4.6434109075e-12    4.0440866924e-03
    6.2000014967e+02    4.6449747803e-12    4.0441163301e-03
    6.2100021594e+02    4.6486800207e-12    4.0441459698e-03
    6.2200001156e+02    4.6442455350e-12    4.0441756039e-03
    6.2300008234e+02    4.6438886404e-12    4.0442052492e-03
    6.2400015543e+02    4.6420563941e-12    4.0442348981e-03
    6.2500023081e+02    4.6399361030e-12    4.0442645507e-03
    6.2600003557e+02    4.6442820675e-12    4.0442941986e-03
    6.2700011534e+02    4.6440249348e-12    4.0443238575e-03
    6.2800019714e+02    4.6432015480e-12    4.0443535186e-03
    6.2900000792e+02    4.6384762073e-12    4.0443831730e-03
    6.3000009333e+02    4.6360861376e-12    4.0444128361e-03
    6.3100018036e+02    4.6303252405e-12    4.0444424988e-03
    6.3200026895e+02    4.6282358615e-12    4.0444721625e-03
    6.3300008624e+02    4.6287740136e-12    4.0445018179e-03
    6.3400017803e+02    4.6234753934e-12    4.0445314803e-03
    6.3500027155e+02    4.6179280710e-12    4.0445611407e-03
    6.3600009406e+02    4.6143254027e-12    4.0445907911e-03
    6.3700019145e+02    4.6165595067e-12    4.0446204487e-03
    6.3800001811e+02    4.6137057550e-12    4.0446500984e-03
    6.3900011993e+02    4.6175135675e-12    4.0446797575e-03
    6.4000022411e+02    4.6172283328e-12    4.0447094188e-03
    6.4100005783e+02    4.6230440287e-12    4.0447390747e-03
    6.4200016685e+02    4.6181008979e-12    4.0447687417e-03
    6.4300000538e+02    4.6172873469e-12    4.0447984040e-03
    6.4400011911e+02    4.6199106627e-12    4.0448280780e-03
    6.4500023508e+02    4.6168742484e-12    4.0448577553e-03
    6.4600008028e+02    4.6089171850e-12    4.0448874273e-03
    6.4700020037e+02    4.6141132331e-12    4.0449171092e-03
    6.4800004944e+02    4.6244870631e-12    4.0449467849e-03
    6.4900017319e+02    4.6262645106e-12    4.0449764711e-03
    6.5000002577e+02    4.6330707998e-12    4.0450061515e-03
    6.5100015294e+02    4.6351180259e-12    4.0450358401e-03
    6.5200000895e+02    4.6314141906e-12    4.0450655192e-03
    6.5300013962e+02    4.6249507451e-12    4.0450952053e-03
    6.5400027217e+02    4.6256195712e-12    4.0451248916e-03
    6.5500013376e+02    4.6246964226e-12    4.0451545710e-03
    6.5600027028e+02    4.6213888246e-12    4.0451842600e-03
    6.5700013602e+02    4.6209841567e-12    4.0452139424e-03
    6.5800000390e+02    4.6178578162e-12    4.0452436263e-03
    6.5900014683e+02    4.6186783928e-12    4.0452733197e-03
    6.6000001900e+02    4.6126139948e-12    4.0453030061e-03
    6.6100016616e+02    4.6201762260e-12    4.0453327010e-03
    6.6200004245e+02    4.6246444340e-12    4.0453623877e-03
    6.6300019360e+02    4.6175543153e-12    4.0453920822e-03
    6.6400007378e+02    4.6099527413e-12    4.0454217683e-03
    6.6500022876e+02    4.6121952759e-12    4.0454514623e-03
    6.6600011272e+02    4.6132954667e-12    4.0454811478e-03
    6.6700027151e+02    4.6162827026e-12    4.0455108412e-03
    6.6800015935e+02    4.6138420494e-12    4.0455405265e-03
    6.6900004923e+02    4.6148958720e-12    4.0455702124e-03
    6.7000021409e+02    4.6114477644e-12    4.0455999077e-03
    6.7100010821e+02    4.6106595050e-12    4.0456295968e-03
    6.7200000456e+02    4.6147778439e-12    4.0456592882e-03
    6.7300017605e+02    4.6053145166e-12    4.0456889901e-03
    6.7400007691e+02    4.6033895340e-12    4.0457186865e-03
    6.7500025290e+02    4.5987386634e-12    4.0457483936e-03
    6.7600015816e+02    4.6031675286e-12    4.0457780948e-03
    6.7700006548e+02    4.6028696481e-12    4.0458077978e-03
    6.7800024763e+02    4.5975822687e-12    4.0458375098e-03
    6.7900015867e+02    4.5918888163e-12    4.0458672137e-03
    6.8000007138e+02    4.5927936986e-12    4.0458969166e-03
    6.8100025860e+02    4.5964497606e-12    4.0459266261e-03
    6.8200017449e+02    4.5995732909e-12    4.0459563254e-03
    6.8300009199e+02    4.5963345427e-12    4.0459860229e-03
    6.8400001119e+02    4.5966464742e-12    4.0460157188e-03
    6.8500020509e+02    4.5932995335e-12    4.0460454218e-03
    6.8600012805e+02    4.5931744799e-12    4.0460751164e-03
    6.8700005309e+02    4.5940540705e-12    4.0461048113e-03
    6.8800025325e+02    4.5959607869e-12    4.0461345151e-03
    6.8900018284e+02    4.5995437839e-12    4.0461642129e-03
    6.9000011481e+02    4.5960998915e-12    4.0461939093e-03
    6.9100004918e+02    4.5931688595e-12    4.0462236057e-03
    6.9200025882e+02    4.5961687412e-12    4.0462533159e-03
    6.9300019786e+02    4.5885545214e-12    4.0462830249e-03
    6.9400013915e+02    4.5826151771e-12    4.0463127385e-03
    6.9500008257e+02    4.5850417793e-12    4.0463424537e-03
    6.9600002801e+02    4.5806339905e-12    4.0463721694e-03
    6.9700024825e+02    4.5834006262e-12    4.0464018939e-03
    6.9800019737e+02    4.5833092949e-12    4.0464316114e-03
    6.9900014819e+02    4.5817482323e-12    4.0464613292e-03
    7.0000010068e+02    4.5820699995e-12    4.0464910466e-03
    7.0100005486e+02    4.5789071265e-12    4.0465207634e-03
    7.0200001077e+02    4.5753466111e-12    4.0465504796e-03
    7.0300024140e+02    4.5730296064e-12    4.0465802036e-03
    7.0400020101e+02    4.5713406799e-12    4.0466099193e-03
    7.0500016262e+02    4.5706297009e-12    4.0466396351e-03
    7.0600012631e+02    4.5764763089e-12    4.0466693513e-03
    7.0700009214e+02    4.5744037911e-12    4.0466990681e-03
    7.0800006013e+02    4.5738529931e-12    4.0467287854e-03
    7.0900003028e+02    4.5767207958e-12    4.0467585032e-03
    7.1000000257e+02    4.5756796190e-12    4.0467882215e-03
    7.1100024986e+02    4.5733302971e-12    4.0468179481e-03
    7.1200022623e+02    4.5757259872e-12    4.0468476670e-03
    7.1300020457e+02    4.5723045764e-12    4.0468773866e-03
    7.1400018482e+02    4.5716849287e-12    4.0469071068e-03
    7.1500016697e+02    4.5679572067e-12    4.0469368267e-03
    7.1600015101e+02    4.5675848561e-12    4.0469665449e-03
    7.1700013697e+02    4.5703107440e-12    4.0469962609e-03
    7.1800012490e+02    4.5713224137e-12    4.0470259750e-03
    7.1900011485e+02    4.5677759492e-12    4.0470556883e-03
    7.2000010687e+02    4.5692260092e-12    4.0470854017e-03
    7.2100010098e+02    4.5722146502e-12    4.0471151162e-03
    7.2200009720e+02    4.5692442754e-12    4.0471448327e-03
    7.2300009554e+02    4.5614656593e-12    4.0471745516e-03
    7.2400009604e+02    4.5583800666e-12    4.0472042730e-03
    7.2500009874e+02    4.5549136927e-12    4.0472339969e-03
    7.2600010362e+02    4.5576718978e-12    4.0472637227e-03
    7.2700011065e+02    4.5570143125e-12    4.0472934495e-03
    7.2800011971e+02    4.5620108369e-12    4.0473231761e-03
    7.2900013062e+02    4.5630857360e-12    4.0473529015e-03
    7.3000014324e+02    4.5583632055e-12    4.0473826251e-03
    7.3100015744e+02    4.5523100482e-12    4.0474123469e-03
    7.3200017315e+02    4.5505297905e-12    4.0474420677e-03
    7.3300019042e+02    4.5489448413e-12    4.0474717889e-03
    7.3400020933e+02    4.5502782782e-12    4.0475015120e-03
    7.3500023005e+02    4.5501841367e-12    4.0475312385e-03
    7.3600025275e+02    4.5479781347e-12    4.0475609694e-03
    7.3700000469e+02    4.5494520812e-12    4.0475906973e-03
    7.3800003187e+02    4.5479584633e-12    4.0476204385e-03
    7.3900006147e+02    4.5492764441e-12    4.0476501846e-03
    7.4000009354e+02    4.5487748246e-12    4.0476799351e-03
    7.4100012808e+02    4.5506984022e-12    4.0477096898e-03
    7.4200016503e+02    4.5538992128e-12    4.0477394492e-03
    7.4300020431e+02    4.5568358652e-12    4.0477692140e-03
    7.4400024578e+02    4.5558818044e-12    4.0477989857e-03
    7.4500001639e+02    4.5556963316e-12    4.0478287566e-03
    7.4600006188e+02    4.5507883284e-12    4.0478585419e-03
    7.4700010918e+02    4.5542575125e-12    4.0478883313e-03
    7.4800015819e+02    4.5514979023e-12    4.0479181214e-03
    7.4900020887e+02    4.5491837078e-12    4.0479479095e-03
    7.5000026123e+02    4.5502052132e-12    4.0479776940e-03
    7.5100004236e+02    4.5510468662e-12    4.0480074669e-03
    7.5200009822e+02    4.5525180026e-12    4.0480372456e-03
    7.5300015597e+02    4.5559281726e-12    4.0480670237e-03
    7.5400021571e+02    4.5565351745e-12    4.0480968022e-03
    7.5500000458e+02    4.5581580613e-12    4.0481265737e-03
    7.5600006854e+02    4.5615499651e-12    4.0481563542e-03
    7.5700013469e+02    4.5565955936e-12    4.0481861349e-03
    7.5800020305e+02    4.5569201710e-12    4.0482159149e-03
    7.5900000065e+02    4.5538978077e-12    4.0482456855e-03
    7.6000007333e+02    4.5580105262e-12    4.0482754625e-03
    7.6100014810e+02    4.5539273147e-12    4.0483052375e-03
    7.6200022488e+02    4.5485612498e-12    4.0483350103e-03
    7.6300003066e+02    4.5529395316e-12    4.0483647728e-03
    7.6400011130e+02    4.5468428164e-12    4.0483945414e-03
    7.6500019384e+02    4.5437445779e-12    4.0484243086e-03
    7.6600000534e+02    4.5385780367e-12    4.0484540669e-03
    7.6700009174e+02    4.5364465048e-12    4.0484838333e-03
    7.6800018012e+02    4.5379288820e-12    4.0485136002e-03
    7.6900027054e+02    4.5407826337e-12    4.0485433681e-03
    7.7000009011e+02    4.5443572001e-12    4.0485731291e-03
    7.7100018476e+02    4.5514093812e-12    4.0486028997e-03
    7.7200000862e+02    4.5577913310e-12    4.0486326635e-03
    7.7300010762e+02    4.5661755439e-12    4.0486624369e-03
    7.7400020877e+02    4.5736056961e-12    4.0486922117e-03
    7.7500003908e+02    4.5723368936e-12    4.0487219796e-03
    7.7600014435e+02    4.5714755692e-12    4.0487517565e-03
    7.7700025153e+02    4.5760407289e-12    4.0487815335e-03
    7.7800008755e+02    4.5742211285e-12    4.0488113021e-03
    7.7900019822e+02    4.5740314404e-12    4.0488410784e-03
    7.8000003758e+02    4.5747873825e-12    4.0488708461e-03
    7.8100015152e+02    4.5755320838e-12    4.0489006212e-03
    7.8200026713e+02    4.5759803097e-12    4.0489303955e-03
    7.8300011151e+02    4.5804499228e-12    4.0489601614e-03
    7.8400023068e+02    4.5851822890e-12    4.0489899353e-03
    7.8500007885e+02    4.5873925063e-12    4.0490197005e-03
    7.8600020207e+02    4.5918326124e-12    4.0490494728e-03
    7.8700005453e+02    4.5888369459e-12    4.0490792359e-03
    7.8800018223e+02    4.5878744546e-12    4.0491090069e-03
    7.8900003929e+02    4.5912719787e-12    4.0491387705e-03
    7.9000017167e+02    4.5905132264e-12    4.0491685436e-03
    7.9100003344e+02    4.5873967216e-12    4.0491983105e-03
    7.9200017043e+02    4.5897516639e-12    4.0492280876e-03
    7.9300003665e+02    4.5876665002e-12    4.0492578589e-03
    7.9400017789e+02    4.5900425190e-12    4.0492876400e-03
    7.9500004810e+02    4.5905891017e-12    4.0493174143e-03
    7.9600019307e+02    4.5928990809e-12    4.0493471963e-03
    7.9700006677e+02    4.5936423771e-12    4.0493769692e-03
    7.9800021507e+02    4.5929609051e-12    4.0494067494e-03
    7.9900009201e+02    4.5973911755e-12    4.0494365203e-03
    8.0000024356e+02    4.5968530234e-12    4.0494662975e-03
    8.0100012385e+02    4.5972295894e-12    4.0494960641e-03
    8.0200000594e+02    4.5947439730e-12    4.0495258286e-03
    8.0300016289e+02    4.5933501170e-12    4.0495556000e-03
    8.0400004886e+02    4.5951092982e-12    4.0495853629e-03
    8.0500020988e+02    4.5987766010e-12    4.0496151340e-03
    8.0600010007e+02    4.6022176832e-12    4.0496448974e-03
    8.0700026540e+02    4.6006636461e-12    4.0496746698e-03
    8.0800015993e+02    4.5915979612e-12    4.0497044350e-03
    8.0900005660e+02    4.5889774556e-12    4.0497342011e-03
    8.1000022833e+02    4.5910738601e-12    4.0497639759e-03
    8.1100012911e+02    4.5868206319e-12    4.0497937427e-03
    8.1200003184e+02    4.5920461871e-12    4.0498235092e-03
    8.1300020944e+02    4.5861040325e-12    4.0498532830e-03
    8.1400011593e+02    4.5850572354e-12    4.0498830479e-03
    8.1500002428e+02    4.5913731457e-12    4.0499128123e-03
    8.1600020746e+02    4.5937168473e-12    4.0499425852e-03
    8.1700011955e+02    4.5885994845e-12    4.0499723513e-03
    8.1800003356e+02    4.5869133683e-12    4.0500021195e-03
    8.1900022251e+02    4.5893975795e-12    4.0500318981e-03
    8.2000014049e+02    4.5865325871e-12    4.0500616708e-03
    8.2100006053e+02    4.5849729296e-12    4.0500914456e-03
    8.2200025564e+02    4.5844263469e-12    4.0501212306e-03
    8.2300017986e+02    4.5876875767e-12    4.0501510091e-03
    8.2400010614e+02    4.5893793133e-12    4.0501807885e-03
    8.2500003443e+02    4.5896490919e-12    4.0502105685e-03
    8.2600023759e+02    4.5914490209e-12    4.0502403578e-03
    8.2700016957e+02    4.5964638116e-12    4.0502701405e-03
    8.2800010323e+02    4.5921796713e-12    4.0502999245e-03
    8.2900003849e+02    4.5891994609e-12    4.0503297083e-03
    8.3000024831e+02    4.5844656896e-12    4.0503594991e-03
    8.3100018673e+02    4.5773573046e-12    4.0503892805e-03
    8.3200012680e+02    4.5763400145e-12    4.0504190609e-03
    8.3300006859e+02    4.5816948386e-12    4.0504488406e-03
    8.3400001222e+02    4.5769484215e-12    4.0504786195e-03
    8.3500023079e+02    4.5828807404e-12    4.0505084055e-03
    8.3600017843e+02    4.5835186543e-12    4.0505381825e-03
    8.3700012823e+02    4.5853972688e-12    4.0505679594e-03
    8.3800008026e+02    4.5848534963e-12    4.0505977369e-03
    8.3900003455e+02    4.5861279192e-12    4.0506275163e-03
    8.4000026409e+02    4.5889549740e-12    4.0506573068e-03
    8.4100022287e+02    4.5889605944e-12    4.0506870929e-03
    8.4200018381e+02    4.5921023910e-12    4.0507168831e-03
    8.4300014678e+02    4.5911609761e-12    4.0507466772e-03
    8.4400011168e+02    4.5914757178e-12    4.0507764741e-03
    8.4500007835e+02    4.5930157039e-12    4.0508062724e-03
    8.4600004668e+02    4.5901633573e-12    4.0508360705e-03
    8.4700001657e+02    4.5885053430e-12    4.0508658671e-03
    8.4800026097e+02    4.5884941023e-12    4.0508956697e-03
    8.4900023391e+02    4.5883620232e-12    4.0509254624e-03
    8.5000020841e+02    4.5890744073e-12    4.0509552541e-03
    8.5100018456e+02    4.5901703828e-12    4.0509850458e-03
    8.5200016247e+02    4.5914574515e-12    4.0510148385e-03
    8.5300014223e+02    4.5898514258e-12    4.0510446331e-03
    8.5400012395e+02    4.5881821708e-12    4.0510744305e-03
    8.5500010772e+02    4.5898991991e-12    4.0511042311e-03
    8.5600009359e+02    4.5867840994e-12    4.0511340356e-03
    8.5700008157e+02    4.5916134173e-12    4.0511638445e-03
    8.5800007167e+02    4.5933388762e-12    4.0511936571e-03
    8.5900006383e+02    4.5913169418e-12    4.0512234725e-03
    8.6000005801e+02    4.5979756958e-12    4.0512532902e-03
    8.6100005410e+02    4.5883114397e-12    4.0512831085e-03
    8.6200005207e+02    4.5883353263e-12    4.0513129253e-03
    8.6300005185e+02    4.5873250617e-12    4.0513427397e-03
    8.6400005341e+02    4.5888664529e-12    4.0513725530e-03
    8.6500005674e+02    4.5875934352e-12    4.0514023674e-03
    8.6600006188e+02    4.5900087967e-12    4.0514321847e-03
    8.6700006884e+02    4.5897966270e-12    4.0514620053e-03
    8.6800007767e+02    4.5867489720e-12    4.0514918292e-03
    8.6900008843e+02    4.5888917447e-12    4.0515216563e-03
    8.7000010118e+02    4.5931548085e-12    4.0515514867e-03
    8.7100011595e+02    4.5951978193e-12    4.0515813202e-03
    8.7200013278e+02    4.5918607143e-12    4.0516111564e-03
    8.7300015166e+02    4.5865663094e-12    4.0516409952e-03
    8.7400017255e+02    4.5828723098e-12    4.0516708360e-03
    8.7500019538e+02    4.5837223934e-12    4.0517006783e-03
    8.7600022008e+02    4.5891362315e-12    4.0517305215e-03
    8.7700024654e+02    4.5832123432e-12    4.0517603648e-03
    8.7800000168e+02    4.5784139375e-12    4.0517901995e-03
    8.7900003147e+02    4.5719111493e-12    4.0518200415e-03
    8.8000006287e+02    4.5645062889e-12    4.0518498826e-03
    8.8100009592e+02    4.5594085975e-12    4.0518797229e-03
    8.8200013067e+02    4.5574639435e-12    4.0519095625e-03
    8.8300016719e+02    4.5557469151e-12    4.0519394011e-03
    8.8400020560e+02    4.5554307683e-12    4.0519692386e-03
    8.8500024599e+02    4.5552888536e-12    4.0519990754e-03
    8.8600001549e+02    4.5521934252e-12    4.0520289018e-03
    8.8700006019e+02    4.5597106933e-12    4.0520587334e-03
    8.8800010713e+02    4.5589730175e-12    4.0520885640e-03
    8.8900015634e+02    4.5565843528e-12    4.0521183971e-03
    8.9000020779e+02    4.5604806864e-12    4.0521482350e-03
    8.9100026143e+02    4.5578025718e-12    4.0521780784e-03
    8.9200004417e+02    4.5623719468e-12    4.0522079186e-03
    8.9300010190e+02    4.5630435831e-12    4.0522377704e-03
    8.9400016149e+02    4.5612324132e-12    4.0522676245e-03
    8.9500022280e+02    4.5634285796e-12    4.0522974795e-03
    8.9600001271e+02    4.5653605878e-12    4.0523273260e-03
    8.9700007718e+02    4.5633906420e-12    4.0523571797e-03
    8.9800014318e+02    4.5630196964e-12    4.0523870322e-03
    8.9900021072e+02    4.5639259839e-12    4.0524168835e-03
    9.0000000687e+02    4.5633021209e-12    4.0524467260e-03
    9.0100007775e+02    4.5630112658e-12    4.0524765766e-03
    9.0200015044e+02    4.5615626110e-12    4.0525064278e-03
    9.0300022507e+02    4.5582381518e-12    4.0525362806e-03
    9.0400002869e+02    4.5609542040e-12    4.0525661278e-03
    9.0500010741e+02    4.5675553490e-12    4.0525959861e-03
    9.0600018827e+02    4.5713533258e-12    4.0526258472e-03
    9.0700027128e+02    4.5721851432e-12    4.0526557110e-03
    9.0800008337e+02    4.5696124108e-12    4.0526855688e-03
    9.0900017056e+02    4.5690405364e-12    4.0527154364e-03
    9.1000025974e+02    4.5658945246e-12    4.0527453050e-03
    9.1100007783e+02    4.5685515627e-12    4.0527751656e-03
    9.1200017082e+02    4.5664144104e-12    4.0528050339e-03
    9.1300026561e+02    4.5681286286e-12    4.0528349018e-03
    9.1400008916e+02    4.5620220777e-12    4.0528647619e-03
    9.1500018753e+02    4.5581580613e-12    4.0528946312e-03
    9.1600001467e+02    4.5541732067e-12    4.0529244943e-03
    9.1700011668e+02    4.5592020483e-12    4.0529543677e-03
    9.1800022058e+02    4.5599931178e-12    4.0529842432e-03
    9.1900005338e+02    4.5592779235e-12    4.0530141123e-03
    9.2000016120e+02    4.5546607753e-12    4.0530439911e-03
    9.2100027104e+02    4.5461037355e-12    4.0530738714e-03
    9.2200010989e+02    4.5429043299e-12    4.0531037448e-03
    9.2300022380e+02    4.5403962321e-12    4.0531336272e-03
    9.2400006666e+02    4.5443445542e-12    4.0531635016e-03
    9.2500018447e+02    4.5443895173e-12    4.0531933837e-03
    9.2600003108e+02    4.5440860164e-12    4.0532232567e-03
    9.2700015247e+02    4.5538247426e-12    4.0532531370e-03
    9.2800000251e+02    4.5598680642e-12    4.0532830088e-03
    9.2900012722e+02    4.5680808553e-12    4.0533128888e-03
    9.3000025358e+02    4.5737827383e-12    4.0533427685e-03
    9.3100010859e+02    4.5750768325e-12    4.0533726392e-03
    9.3200023837e+02    4.5744993377e-12    4.0534025166e-03
    9.3300009695e+02    4.5765634249e-12    4.0534323845e-03
    9.3400023050e+02    4.5773727607e-12    4.0534622596e-03
    9.3500009305e+02    4.5791993866e-12    4.0534921264e-03
    9.3600023076e+02    4.5743237006e-12    4.0535220018e-03
    9.3700009762e+02    4.5727977654e-12    4.0535518704e-03
    9.3800023975e+02    4.5764369662e-12    4.0535817490e-03
    9.3900011107e+02    4.5829144627e-12    4.0536116222e-03
    9.4000025763e+02    4.5797515897e-12    4.0536415066e-03
    9.4100013328e+02    4.5834048415e-12    4.0536713863e-03
    9.4200001097e+02    4.5890392798e-12    4.0537012693e-03
    9.4300016361e+02    4.5895563555e-12    4.0537311631e-03
    9.4400004497e+02    4.5965256358e-12    4.0537610505e-03
    9.4500020103e+02    4.5964413300e-12    4.0537909466e-03
    9.4600008560e+02    4.5985883180e-12    4.0538208341e-03
    9.4700024473e+02    4.6006481900e-12    4.0538507287e-03
    9.4800013234e+02    4.6007156346e-12    4.0538806140e-03
    9.4900002151e+02    4.6011722911e-12    4.0539104987e-03
    9.5000018539e+02    4.5982623356e-12    4.0539403914e-03
    9.5100007799e+02    4.5935159184e-12    4.0539702763e-03
    9.5200024551e+02    4.5944755995e-12    4.0540001703e-03
    9.5300014196e+02    4.5962839592e-12    4.0540300578e-03
    9.5400004049e+02    4.6011835319e-12    4.0540599473e-03
    9.5500021419e+02    4.6018565733e-12    4.0540898470e-03
    9.5600011700e+02    4.6016078711e-12    4.0541197404e-03
    9.5700002197e+02    4.6055842952e-12    4.0541496356e-03
    9.5800020210e+02    4.6101157326e-12    4.0541795402e-03
    9.5900011122e+02    4.6121657689e-12    4.0542094378e-03
    9.6000002232e+02    4.6052934402e-12    4.0542393364e-03
    9.6100020835e+02    4.6084127552e-12    4.0542692438e-03
    9.6200012316e+02    4.6137577436e-12    4.0542991435e-03
    9.6300003975e+02    4.6152007781e-12    4.0543290435e-03
    9.6400023115e+02    4.6226843239e-12    4.0543589521e-03
    9.6500015126e+02    4.6293472931e-12    4.0543888531e-03
    9.6600007314e+02    4.6272986619e-12    4.0544187550e-03
    9.6700026989e+02    4.6255956845e-12    4.0544486659e-03
    9.6800019544e+02    4.6213551022e-12    4.0544785699e-03
    9.6900012289e+02    4.6161759153e-12    4.0545084750e-03
    9.7000005230e+02    4.6214984221e-12    4.0545383813e-03
    9.7100025676e+02    4.6233222378e-12    4.0545682969e-03
    9.7200019017e+02    4.6250729885e-12    4.0545982053e-03
    9.7300012556e+02    4.6233531500e-12    4.0546281143e-03
    9.7400006290e+02    4.6240936360e-12    4.0546580236e-03
    9.7500000212e+02    4.6214464335e-12    4.0546879327e-03
    9.7600021619e+02    4.6286798721e-12    4.0547178496e-03
    9.7700015893e+02    4.6206989220e-12    4.0547477579e-03
    9.7800010334e+02    4.6192811793e-12    4.0547776655e-03
    9.7900004940e+02    4.6194919438e-12    4.0548075729e-03
    9.8000027017e+02    4.6225016613e-12    4.0548374881e-03
    9.8100021959e+02    4.6186952539e-12    4.0548673944e-03
    9.8200017079e+02    4.6248903259e-12    4.0548972995e-03
    9.8300012385e+02    4.6235273820e-12    4.0549272037e-03
    9.8400007888e+02    4.6286658211e-12    4.0549571075e-03
    9.8500003597e+02    4.6229049241e-12    4.0549870117e-03
    9.8600026824e+02    4.6295805392e-12    4.0550169255e-03
    9.8700022964e+02    4.6282681787e-12    4.0550468332e-03
    9.8800019325e+02    4.6261296213e-12    4.0550767438e-03
    9.8900015904e+02    4.6200258806e-12    4.0551066579e-03
    9.9000012697e+02    4.6223204038e-12    4.0551365757e-03
    9.9100009697e+02    4.6266284307e-12    4.0551664972e-03
    9.9200006893e+02    4.6274532226e-12    4.0551964219e-03
    9.9300004272e+02    4.6214309775e-12    4.0552263490e-03
    9.9400001821e+02    4.6165862035e-12    4.0552562774e-03
    9.9500026836e+02    4.6123596722e-12    4.0552862143e-03
    9.9600024697e+02    4.6087570039e-12    4.0553161426e-03
    9.9700022709e+02    4.6112833680e-12    4.0553460698e-03
    9.9800020874e+02    4.6085827719e-12    4.0553759957e-03
    9.9900019198e+02    4.6116669595e-12    4.0554059205e-03
    1.0000001769e+03    4.6120603866e-12    4.0554358450e-03
    1.0010001636e+03    4.6173786782e-12    4.0554657693e-03
    1.0020001523e+03    4.6141624115e-12    4.0554956942e-03
    1.0030001429e+03    4.6177664849e-12    4.0555256201e-03
    1.0040001357e+03    4.6162124478e-12    4.0555555476e-03
    1.0050001306e+03    4.6156026358e-12    4.0555854771e-03
    1.0060001277e+03    4.6203392172e-12    4.0556154088e-03
    1.0070001268e+03    4.6234023284e-12    4.0556453425e-03
    1.0080001281e+03    4.6238449339e-12    4.0556752779e-03
    1.0090001314e+03    4.6196155924e-12    4.0557052139e-03
    1.0100001366e+03    4.6163768441e-12    4.0557351500e-03
    1.0110001436e+03    4.6208591031e-12    4.0557650858e-03
    1.0120001525e+03    4.6155871797e-12    4.0557950214e-03
    1.0130001631e+03    4.6184325008e-12    4.0558249571e-03
    1.0140001754e+03    4.6136340951e-12    4.0558548929e-03
    1.0150001894e+03    4.6091237342e-12    4.0558848289e-03
    1.0160002052e+03    4.6036733635e-12    4.0559147651e-03
    1.0170002228e+03    4.6014884379e-12    4.0559447017e-03
    1.0180002422e+03    4.6052639331e-12    4.0559746392e-03
    1.0190002635e+03    4.6064652910e-12    4.0560045775e-03
    1.0200000136e+03    4.6044798891e-12    4.0560345079e-03
    1.0210000389e+03    4.6060760791e-12    4.0560644467e-03
    1.0220000661e+03    4.6016331629e-12    4.0560943865e-03
    1.0230000952e+03    4.6020898194e-12    4.0561243277e-03
    1.0240001263e+03    4.6020912245e-12    4.0561542696e-03
    1.0250001593e+03    4.6011245178e-12    4.0561842116e-03
    1.0260001941e+03    4.6023905101e-12    4.0562141530e-03
    1.0270002306e+03    4.6023553827e-12    4.0562440937e-03
    1.0280002687e+03    4.6039684339e-12    4.0562740337e-03
    1.0290000355e+03    4.5995522145e-12    4.0563039647e-03
    1.0300000770e+03    4.6000411882e-12    4.0563339036e-03
    1.0310001203e+03    4.6011807217e-12    4.0563638426e-03
    1.0320001654e+03    4.6044728636e-12    4.0563937817e-03
    1.0330002124e+03    4.6019408791e-12    4.0564237209e-03
    1.0340002614e+03    4.5967476412e-12    4.0564536601e-03
    1.0350000394e+03    4.5948057973e-12    4.0564835916e-03
    1.0360000926e+03    4.5930199192e-12    4.0565135328e-03
    1.0370001479e+03    4.6010669089e-12    4.0565434766e-03
    1.0380002054e+03    4.6080671014e-12    4.0565734241e-03
    1.0390002651e+03    4.6067420950e-12    4.0566033757e-03
    1.0400000539e+03    4.6122725562e-12    4.0566333232e-03
    1.0410001177e+03    4.6154607210e-12    4.0566632822e-03
    1.0420001834e+03    4.6159876323e-12    4.0566932440e-03
    1.0430002509e+03    4.6147370961e-12    4.0567232075e-03
    1.0440000470e+03    4.6125507654e-12    4.0567531637e-03
    1.0450001178e+03    4.6097602431e-12    4.0567831281e-03
    1.0460001900e+03    4.6090113264e-12    4.0568130917e-03
    1.0470002638e+03    4.6005175160e-12    4.0568430540e-03
    1.0480000660e+03    4.6016317578e-12    4.0568730065e-03
    1.0490001429e+03    4.5981948909e-12    4.0569029657e-03
    1.0500002216e+03    4.5929243726e-12    4.0569329240e-03
    1.0510000291e+03    4.5906663820e-12    4.0569628742e-03
    1.0520001116e+03    4.5915122503e-12    4.0569928337e-03
    1.0530001962e+03    4.5912326360e-12    4.0570227951e-03
    1.0540000098e+03    4.5870974360e-12    4.0570527504e-03
    1.0550000987e+03    4.5788593532e-12    4.0570827161e-03
    1.0560001897e+03    4.5783717846e-12    4.0571126837e-03
    1.0570000098e+03    4.5787736423e-12    4.0571426444e-03
    1.0580001051e+03    4.5743307260e-12    4.0571726141e-03
    1.0590002023e+03    4.5777647827e-12    4.0572025837e-03
    1.0600000284e+03    4.5776959330e-12    4.0572325450e-03
    1.0610001294e+03    4.5739204378e-12    4.0572625143e-03
    1.0620002322e+03    4.5701913107e-12    4.0572924838e-03
    1.0630000635e+03    4.5756613528e-12    4.0573224450e-03
    1.0640001697e+03    4.5739513499e-12    4.0573524142e-03
    1.0650000046e+03    4.5757835962e-12    4.0573823748e-03
    1.0660001142e+03    4.5726783321e-12    4.0574123441e-03
    1.0670002256e+03    4.5666181494e-12    4.0574423142e-03
    1.0680000658e+03    4.5721921686e-12    4.0574722771e-03
    1.0690001810e+03    4.5724563268e-12    4.0575022485e-03
    1.0700000250e+03    4.5699707105e-12    4.0575322116e-03
    1.0710001441e+03    4.5733331073e-12    4.0575621827e-03
    1.0720002652e+03    4.5751808096e-12    4.0575921549e-03
    1.0730001152e+03    4.5765802861e-12    4.0576221208e-03
    1.0740002402e+03    4.5776144374e-12    4.0576520967e-03
    1.0750000939e+03    4.5740216047e-12    4.0576820650e-03
    1.0760002226e+03    4.5753128887e-12    4.0577120409e-03
    1.0770000799e+03    4.5700803081e-12    4.0577420070e-03
    1.0780002120e+03    4.5662289376e-12    4.0577719799e-03
    1.0790000727e+03    4.5608951900e-12    4.0578019440e-03
    1.0800002082e+03    4.5586189331e-12    4.0578319168e-03
    1.0810000724e+03    4.5600844491e-12    4.0578618828e-03
    1.0820002115e+03    4.5632360813e-12    4.0578918589e-03
    1.0830000794e+03    4.5661052891e-12    4.0579218286e-03
    1.0840002224e+03    4.5656500377e-12    4.0579518082e-03
    1.0850000944e+03    4.5653043839e-12    4.0579817817e-03
    1.0860002416e+03    4.5669216504e-12    4.0580117660e-03
    1.0870001178e+03    4.5659774253e-12    4.0580417454e-03
    1.0880002693e+03    4.5723678057e-12    4.0580717369e-03
    1.0890001498e+03    4.5726530404e-12    4.0581017243e-03
    1.0900000324e+03    4.5676410599e-12    4.0581317153e-03
    1.0910001900e+03    4.5690138396e-12    4.0581617179e-03
    1.0920000764e+03    4.5662345580e-12    4.0581917152e-03
    1.0930002377e+03    4.5675005503e-12    4.0582217226e-03
    1.0940001274e+03    4.5701421323e-12    4.0582517229e-03
    1.0950000187e+03    4.5757793809e-12    4.0582817229e-03
    1.0960001846e+03    4.5798949096e-12    4.0583117300e-03
    1.0970000789e+03    4.5839064611e-12    4.0583417272e-03
    1.0980002479e+03    4.5825477324e-12    4.0583717309e-03
    1.0990001455e+03    4.5779095077e-12    4.0584017288e-03
    1.1000000448e+03    4.5830844794e-12    4.0584317173e-03
    1.1010002191e+03    4.5826067465e-12    4.0584617177e-03
    1.1020001223e+03    4.5824198686e-12    4.0584917165e-03
    1.1030000276e+03    4.5836788354e-12    4.0585217176e-03
    1.1040002082e+03    4.5797403489e-12    4.0585517258e-03
    1.1050001179e+03    4.5821163677e-12    4.0585817262e-03
    1.1060000297e+03    4.5852820509e-12    4.0586117287e-03
    1.1070002168e+03    4.5889142262e-12    4.0586417414e-03
    1.1080001328e+03    4.5859522821e-12    4.0586717472e-03
    1.1090000509e+03    4.5885601418e-12    4.0587017536e-03
    1.1100002439e+03    4.5878744546e-12    4.0587317684e-03
    1.1110001656e+03    4.5899315163e-12    4.0587617751e-03
    1.1120000891e+03    4.5902631192e-12    4.0587917813e-03
    1.1130000143e+03    4.5907830050e-12    4.0588217880e-03
    1.1140002143e+03    4.5915052248e-12    4.0588518025e-03
    1.1150001429e+03    4.5918902213e-12    4.0588818063e-03
    1.1160000732e+03    4.5929440440e-12    4.0589118084e-03
    1.1170000054e+03    4.5983916045e-12    4.0589418099e-03
    1.1180002125e+03    4.5919309692e-12    4.0589718207e-03
    1.1190001484e+03    4.5902715498e-12    4.0590018253e-03
    1.1200000864e+03    4.5914771229e-12    4.0590318317e-03
    1.1210000263e+03    4.5870763595e-12    4.0590618398e-03
    1.1220002414e+03    4.5874585459e-12    4.0590918571e-03
    1.1230001853e+03    4.5874444949e-12    4.0591218670e-03
    1.1240001311e+03    4.5831378731e-12    4.0591518776e-03
    1.1250000789e+03    4.5830310857e-12    4.0591818884e-03
    1.1260000285e+03    4.5841031746e-12    4.0592118990e-03
    1.1270002530e+03    4.5880571171e-12    4.0592419175e-03
    1.1280002060e+03    4.5888425663e-12    4.0592719274e-03
    1.1290001608e+03    4.5892893871e-12    4.0593019373e-03
    1.1300001174e+03    4.5905961272e-12    4.0593319475e-03
    1.1310000758e+03    4.5905019857e-12    4.0593619583e-03
    1.1320000360e+03    4.5939486882e-12    4.0593919695e-03
    1.1330002713e+03    4.5961940330e-12    4.0594219894e-03
    1.1340002355e+03    4.5984478083e-12    4.0594520019e-03
    1.1350002017e+03    4.5986557627e-12    4.0594820156e-03
    1.1360001700e+03    4.5972352098e-12    4.0595120311e-03
    1.1370001405e+03    4.6042803654e-12    4.0595420490e-03
    1.1380001131e+03    4.6085462394e-12    4.0595720699e-03
    1.1390000877e+03    4.6013914862e-12    4.0596020940e-03
    1.1400000644e+03    4.6041595270e-12    4.0596321211e-03
    1.1410000431e+03    4.6041946544e-12    4.0596621507e-03
    1.1420000235e+03    4.6076371417e-12    4.0596921819e-03
    1.1430000057e+03    4.6096956086e-12    4.0597222137e-03
    1.1440002625e+03    4.6107845587e-12    4.0597522532e-03
    1.1450002478e+03    4.6115742231e-12    4.0597822830e-03
    1.1460002346e+03    4.6070975845e-12    4.0598123111e-03
    1.1470002230e+03    4.6110978953e-12    4.0598423373e-03
    1.1480002130e+03    4.6118397864e-12    4.0598723616e-03
    1.1490002047e+03    4.6130088270e-12    4.0599023844e-03
    1.1500001983e+03    4.6174503381e-12    4.0599324059e-03
    1.1510001938e+03    4.6147356910e-12    4.0599624266e-03
    1.1520001914e+03    4.6145122806e-12    4.0599924473e-03
    1.1530001911e+03    4.6231437905e-12    4.0600224687e-03
    1.1540001930e+03    4.6253708690e-12    4.0600524913e-03
    1.1550001970e+03    4.6204094721e-12    4.0600825157e-03
    1.1560002033e+03    4.6145319520e-12    4.0601125417e-03
    1.1570002116e+03    4.6143085416e-12    4.0601425693e-03
    1.1580002220e+03    4.6169641746e-12    4.0601725979e-03
    1.1590002344e+03    4.6140528139e-12    4.0602026273e-03
    1.1600002485e+03    4.6142129950e-12    4.0602326570e-03
    1.1610002645e+03    4.6124341424e-12    4.0602626864e-03
    1.1620000089e+03    4.6132673648e-12    4.0602927072e-03
    1.1630000283e+03    4.6039417370e-12    4.0603227355e-03
    1.1640000492e+03    4.6055435474e-12    4.0603527631e-03
    1.1650000719e+03    4.6074671250e-12    4.0603827903e-03
    1.1660000963e+03    4.6007114194e-12    4.0604128171e-03
    1.1670001225e+03    4.6041370455e-12    4.0604428438e-03
    1.1680001506e+03    4.5999920098e-12    4.0604728708e-03
    1.1690001806e+03    4.6019085619e-12    4.0605028983e-03
    1.1700002125e+03    4.5996646222e-12    4.0605329269e-03
    1.1710002465e+03    4.5994313761e-12    4.0605629570e-03
    1.1720000093e+03    4.6018228510e-12    4.0605929805e-03
    1.1730000472e+03    4.6046906536e-12    4.0606230139e-03
    1.1740000871e+03    4.6080952033e-12    4.0606530484e-03
    1.1750001288e+03    4.6072619809e-12    4.0606830837e-03
    1.1760001723e+03    4.6096225436e-12    4.0607131194e-03
    1.1770002177e+03    4.6154747719e-12    4.0607431552e-03
    1.1780002648e+03    4.6116613391e-12    4.0607731908e-03
    1.1790000404e+03    4.6040344734e-12    4.0608032182e-03
    1.1800000910e+03    4.5997334720e-12    4.0608332538e-03
    1.1810001434e+03    4.5963162764e-12    4.0608632901e-03
    1.1820001977e+03    4.5993653366e-12    4.0608933277e-03
    1.1830002538e+03    4.6021165162e-12    4.0609233668e-03
    1.1840000389e+03    4.5972871983e-12    4.0609533990e-03
    1.1850000991e+03    4.6029413081e-12    4.0609834391e-03
    1.1860001615e+03    4.5992754104e-12    4.0610134804e-03
    1.1870002259e+03    4.6019240179e-12    4.0610435247e-03
    1.1880000193e+03    4.5999147294e-12    4.0610735643e-03
    1.1890000879e+03    4.5997700045e-12    4.0611036153e-03
    1.1900001584e+03    4.6021333774e-12    4.0611336692e-03
    1.1910002309e+03    4.5999358059e-12    4.0611637252e-03
    1.1920000320e+03    4.6013507384e-12    4.0611937740e-03
    1.1930001079e+03    4.5999020836e-12    4.0612238303e-03
    1.1940001853e+03    4.5906467106e-12    4.0612538852e-03
    1.1950002643e+03    4.5908195375e-12    4.0612839381e-03
    1.1960000717e+03    4.5941144897e-12    4.0613139810e-03
    1.1970001538e+03    4.5942086311e-12    4.0613440303e-03
    1.1980002376e+03    4.5932208481e-12    4.0613740781e-03
    1.1990000499e+03    4.5914321598e-12    4.0614041164e-03
    1.2000001373e+03    4.5884631901e-12    4.0614341623e-03
    1.2010002266e+03    4.5882468052e-12    4.0614642079e-03
    1.2020000448e+03    4.5877381602e-12    4.0614942454e-03
    1.2030001384e+03    4.5897994372e-12    4.0615242919e-03
    1.2040002341e+03    4.5936803147e-12    4.0615543394e-03
    1.2050000588e+03    4.5896561174e-12    4.0615843798e-03
    1.2060001588e+03    4.5884336831e-12    4.0616144298e-03
    1.2070002609e+03    4.5878899106e-12    4.0616444814e-03
    1.2080000918e+03    4.5832994592e-12    4.0616745265e-03
    1.2090001977e+03    4.5864932444e-12    4.0617045808e-03
    1.2100000323e+03    4.5905862915e-12    4.0617346273e-03
    1.2110001418e+03    4.5866716917e-12    4.0617646816e-03
    1.2120002530e+03    4.5873180362e-12    4.0617947353e-03
    1.2130000925e+03    4.5872674527e-12    4.0618247803e-03
    1.2140002069e+03    4.5841397071e-12    4.0618548332e-03
    1.2150000498e+03    4.5839598547e-12    4.0618848776e-03
    1.2160001676e+03    4.5873503534e-12    4.0619149303e-03
    1.2170000139e+03    4.5867040089e-12    4.0619449753e-03
    1.2180001353e+03    4.5831870515e-12    4.0619750294e-03
    1.2190002586e+03    4.5844544488e-12    4.0620050848e-03
    1.2200001107e+03    4.5815613544e-12    4.0620351336e-03
    1.2210002379e+03    4.5789647354e-12    4.0620651923e-03
    1.2220000940e+03    4.5828863607e-12    4.0620952444e-03
    1.2230002251e+03    4.5816484704e-12    4.0621253062e-03
    1.2240000850e+03    4.5782200341e-12    4.0621553611e-03
    1.2250002199e+03    4.5810822164e-12    4.0621854251e-03
    1.2260000834e+03    4.5781202722e-12    4.0622154813e-03
    1.2270002219e+03    4.5759943607e-12    4.0622455452e-03
    1.2280000889e+03    4.5707392985e-12    4.0622755974e-03
    1.2290002309e+03    4.5635733046e-12    4.0623056562e-03
    1.2300001014e+03    4.5652186730e-12    4.0623357071e-03
    1.2310002468e+03    4.5670565397e-12    4.0623657674e-03
    1.2320001210e+03    4.5658776634e-12    4.0623958203e-03
    1.2330002702e+03    4.5683407982e-12    4.0624258824e-03
    1.2340001482e+03    4.5703978600e-12    4.0624559378e-03
    1.2350000282e+03    4.5695238897e-12    4.0624859953e-03
    1.2360001835e+03    4.5669258657e-12    4.0625160634e-03
    1.2370000677e+03    4.5690784740e-12    4.0625461257e-03
    1.2380002270e+03    4.5690278905e-12    4.0625761986e-03
    1.2390001152e+03    4.5696025751e-12    4.0626062652e-03
    1.2400000054e+03    4.5700479908e-12    4.0626363334e-03
    1.2410001705e+03    4.5692948589e-12    4.0626664104e-03
    1.2420000642e+03    4.5711762836e-12    4.0626964791e-03
    1.2430002327e+03    4.5689843325e-12    4.0627265547e-03
    1.2440001295e+03    4.5732122689e-12    4.0627566193e-03
    1.2450000279e+03    4.5704175313e-12    4.0627866801e-03
    1.2460002011e+03    4.5735213903e-12    4.0628167461e-03
    1.2470001026e+03    4.5771423248e-12    4.0628468018e-03
    1.2480000058e+03    4.5802995774e-12    4.0628768561e-03
    1.2490001839e+03    4.5788495175e-12    4.0629069190e-03
    1.2500000907e+03    4.5774514461e-12    4.0629369818e-03
    1.2510002726e+03    4.5715921923e-12    4.0629670540e-03
    1.2520001834e+03    4.5741860011e-12    4.0629971134e-03
    1.2530000964e+03    4.5750079827e-12    4.0630271706e-03
    1.2540000115e+03    4.5732038384e-12    4.0630572206e-03
    1.2550002019e+03    4.5745091733e-12    4.0630872731e-03
    1.2560001213e+03    4.5757892166e-12    4.0631173210e-03
    1.2570000453e+03    4.5788073646e-12    4.0631473777e-03
    1.2580002548e+03    4.5803234641e-12    4.0631774499e-03
    1.2590002031e+03    4.5789324182e-12    4.0632075175e-03
    1.2600001626e+03    4.5749644247e-12    4.0632375862e-03
    1.2610001329e+03    4.5784673312e-12    4.0632676558e-03
    1.2620001136e+03    4.5861040325e-12    4.0632977263e-03
    1.2630001046e+03    4.5852132011e-12    4.0633277972e-03
    1.2640001061e+03    4.5882889581e-12    4.0633578684e-03
    1.2650001183e+03    4.5860239420e-12    4.0633879402e-03
    1.2660001416e+03    4.5885685724e-12    4.0634180132e-03
    1.2670001766e+03    4.5876763359e-12    4.0634480874e-03
    1.2680002237e+03    4.5850010315e-12    4.0634781626e-03
    1.2690000102e+03    4.5918508786e-12    4.0635082305e-03
    1.2700000827e+03    4.5907647388e-12    4.0635383074e-03
    1.2710001683e+03    4.5906846483e-12    4.0635683855e-03
    1.2720002668e+03    4.5942592146e-12    4.0635984653e-03
    1.2730001049e+03    4.5928920554e-12    4.0636285389e-03
    1.2740002288e+03    4.5927276591e-12    4.0636586228e-03
    1.2750000916e+03    4.5900368986e-12    4.0636887005e-03
    1.2760002394e+03    4.5938433060e-12    4.0637187877e-03
    1.2770001255e+03    4.5984562389e-12    4.0637488675e-03
    1.2780000228e+03    4.5998107523e-12    4.0637789475e-03
    1.2790002048e+03    4.6002294711e-12    4.0638090355e-03
    1.2800001249e+03    4.5975682177e-12    4.0638391151e-03
    1.2810000568e+03    4.5897896016e-12    4.0638691943e-03
    1.2820000007e+03    4.5897123212e-12    4.0638992732e-03
    1.2830002303e+03    4.5851106291e-12    4.0639293604e-03
    1.2840001994e+03    4.5835074136e-12    4.0639594399e-03
    1.2850001815e+03    4.5843715481e-12    4.0639895212e-03
    1.2860001769e+03    4.5836816456e-12    4.0640196050e-03
    1.2870001856e+03    4.5807955766e-12    4.0640496919e-03
    1.2880002074e+03    4.5811215591e-12    4.0640797815e-03
    1.2890002421e+03    4.5786780957e-12    4.0641098731e-03
    1.2900000158e+03    4.5797586152e-12    4.0641399576e-03
    1.2910000747e+03    4.5804948859e-12    4.0641700506e-03
    1.2920001446e+03    4.5753620671e-12    4.0642001425e-03
    1.2930002249e+03    4.5707154118e-12    4.0642302326e-03
    1.2940000420e+03    4.5727162698e-12    4.0642603130e-03
    1.2950001424e+03    4.5727036239e-12    4.0642904010e-03
    1.2960002529e+03    4.5770622343e-12    4.0643204884e-03
    1.2970001006e+03    4.5795885984e-12    4.0643505664e-03
    1.2980002326e+03    4.5775779049e-12    4.0643806511e-03
    1.2990001031e+03    4.5719167697e-12    4.0644107264e-03
    1.3000002594e+03    4.5720165315e-12    4.0644408095e-03
    1.3010001555e+03    4.5725560887e-12    4.0644708845e-03
    1.3020000653e+03    4.5780809295e-12    4.0645009604e-03
    1.3030002623e+03    4.5754337271e-12    4.0645310458e-03
    1.3040002002e+03    4.5753648773e-12    4.0645611249e-03
    1.3050001521e+03    4.5739120072e-12    4.0645912062e-03
    1.3060001179e+03    4.5787497556e-12    4.0646212898e-03
    1.3070000969e+03    4.5785488268e-12    4.0646513753e-03
    1.3080000886e+03    4.5821964582e-12    4.0646814623e-03
    1.3090000923e+03    4.5815557340e-12    4.0647115502e-03
    1.3100001072e+03    4.5821402543e-12    4.0647416385e-03
    1.3110001328e+03    4.5828371824e-12    4.0647717266e-03
    1.3120001688e+03    4.5854309911e-12    4.0648018144e-03
    1.3130002151e+03    4.5840610217e-12    4.0648319017e-03
    1.3140002717e+03    4.5846722388e-12    4.0648619888e-03
    1.3150000657e+03    4.5851710482e-12    4.0648920675e-03
    1.3160001443e+03    4.5854633084e-12    4.0649221547e-03
    1.3170002346e+03    4.5828891709e-12    4.0649522425e-03
    1.3180000639e+03    4.5840272994e-12    4.0649823230e-03
    1.3190001792e+03    4.5863063665e-12    4.0650124128e-03
    1.3200000341e+03    4.5836619742e-12    4.0650424961e-03
    1.3210001756e+03    4.5865396126e-12    4.0650725898e-03
    1.3220000567e+03    4.5830788590e-12    4.0651026772e-03
    1.3230002242e+03    4.5798906943e-12    4.0651327741e-03
    1.3240001307e+03    4.5794790009e-12    4.0651628641e-03
    1.3250000493e+03    4.5781919322e-12    4.0651929551e-03
    1.3260002533e+03    4.5787371098e-12    4.0652230551e-03
    1.3270001952e+03    4.5834765014e-12    4.0652531472e-03
    1.3280001485e+03    4.5885236093e-12    4.0652832392e-03
    1.3290001129e+03    4.5864243946e-12    4.0653133305e-03
    1.3300000887e+03    4.5832699522e-12    4.0653434209e-03
    1.3310000762e+03    4.5807885512e-12    4.0653735101e-03
    1.3320000756e+03    4.5809726188e-12    4.0654035987e-03
    1.3330000874e+03    4.5795703322e-12    4.0654336871e-03
    1.3340001117e+03    4.5790476362e-12    4.0654637755e-03
    1.3350001489e+03    4.5776903126e-12    4.0654938686e-03
    1.3360001992e+03    4.5734567558e-12    4.0655239628e-03
    1.3370002627e+03    4.5740497067e-12    4.0655540566e-03
    1.3380000657e+03    4.5770523986e-12    4.0655841437e-03
    1.3390001549e+03    4.5766126033e-12    4.0656142437e-03
    1.3400002564e+03    4.5736618999e-12    4.0656443462e-03
    1.3410000962e+03    4.5750417050e-12    4.0656744358e-03
    1.3420002205e+03    4.5721795228e-12    4.0657045310e-03
    1.3430000818e+03    4.5739049817e-12    4.0657346182e-03
    1.3440002269e+03    4.5809332761e-12    4.0657647142e-03
    1.3450001085e+03    4.5876229422e-12    4.0657948008e-03
    1.3460000004e+03    4.5863906723e-12    4.0658248851e-03
    1.3470001765e+03    4.5832966490e-12    4.0658549752e-03
    1.3480000904e+03    4.5844727151e-12    4.0658850554e-03
    1.3490000162e+03    4.5864468762e-12    4.0659151345e-03
    1.3500002280e+03    4.5895704065e-12    4.0659452213e-03
    1.3510001796e+03    4.5883535926e-12    4.0659753000e-03
    1.3520001448e+03    4.5909249198e-12    4.0660053798e-03
    1.3530001240e+03    4.5923946511e-12    4.0660354611e-03
    1.3540001172e+03    4.5893076533e-12    4.0660655441e-03
    1.3550001244e+03    4.5912466870e-12    4.0660956291e-03
    1.3560001454e+03    4.5926166564e-12    4.0661257163e-03
    1.3570001795e+03    4.5941144897e-12    4.0661558061e-03
    1.3580002260e+03    4.5930536415e-12    4.0661858980e-03
    1.3590000106e+03    4.5904598328e-12    4.0662159831e-03
    1.3600000777e+03    4.5894551885e-12    4.0662460724e-03
    1.3610001469e+03    4.5892359934e-12    4.0662761633e-03
    1.3620002177e+03    4.5938952945e-12    4.0663062597e-03
    1.3630000165e+03    4.5911455200e-12    4.0663363482e-03
    1.3640000905e+03    4.5871971979e-12    4.0663664416e-03
    1.3650001661e+03    4.5882552358e-12    4.0663965320e-03
    1.3660002434e+03    4.5893006279e-12    4.0664266217e-03
    1.3670000490e+03    4.5907239910e-12    4.0664567033e-03
    1.3680001300e+03    4.5957275408e-12    4.0664867936e-03
    1.3690002130e+03    4.5907366368e-12    4.0665168845e-03
    1.3700000243e+03    4.5960169908e-12    4.0665469680e-03
    1.3710001113e+03    4.6012270899e-12    4.0665770608e-03
    1.3720002002e+03    4.6051248286e-12    4.0666071549e-03
    1.3730000175e+03    4.6025436656e-12    4.0666372422e-03
    1.3740001103e+03    4.6063191609e-12    4.0666673397e-03
    1.3750002048e+03    4.6067406899e-12    4.0666974388e-03
    1.3760000277e+03    4.6080347841e-12    4.0667275301e-03
    1.3770001258e+03    4.6119831063e-12    4.0667576293e-03
    1.3780002256e+03    4.6163150199e-12    4.0667877272e-03
    1.3790000536e+03    4.6174587687e-12    4.0668178154e-03
    1.3800001569e+03    4.6147286655e-12    4.0668479105e-03
    1.3810002619e+03    4.6162026121e-12    4.0668780047e-03
    1.3820000952e+03    4.6124917513e-12    4.0669080901e-03
    1.3830002039e+03    4.6110346659e-12    4.0669381837e-03
    1.3840000409e+03    4.6118636730e-12    4.0669682693e-03
    1.3850001534e+03    4.6087218765e-12    4.0669983636e-03
    1.3860002679e+03    4.6054423804e-12    4.0670284587e-03
    1.3870001108e+03    4.6065425713e-12    4.0670585465e-03
    1.3880002291e+03    4.6067069676e-12    4.0670886436e-03
    1.3890000758e+03    4.6038937859e-12    4.0671187334e-03
    1.3900001979e+03    4.6094412861e-12    4.0671488317e-03
    1.3910000482e+03    4.6115287836e-12    4.0671789214e-03
    1.3920001738e+03    4.6162434439e-12    4.0672090183e-03
    1.3930000273e+03    4.6164990875e-12    4.0672391051e-03
    1.3940001560e+03    4.6231915638e-12    4.0672691978e-03
    1.3950000128e+03    4.6304840165e-12    4.0672992796e-03
    1.3960001446e+03    4.6372734444e-12    4.0673293669e-03
    1.3970000046e+03    4.6374617274e-12    4.0673594438e-03
    1.3980001398e+03    4.6410770416e-12    4.0673895274e-03
    1.3990000033e+03    4.6406021189e-12    4.0674196020e-03
    1.4000001423e+03    4.6434980235e-12    4.0674496846e-03
    1.4010000097e+03    4.6409084300e-12    4.0674797591e-03
    1.4020001527e+03    4.6389722065e-12    4.0675098425e-03
    1.4030000243e+03    4.6453864736e-12    4.0675399186e-03
    1.4040001715e+03    4.6460300080e-12    4.0675700043e-03
    1.4050000472e+03    4.6483006445e-12    4.0676000831e-03
    1.4060001986e+03    4.6445917776e-12    4.0676301715e-03
    1.4070000783e+03    4.6501291867e-12    4.0676602530e-03
    1.4080002335e+03    4.6528220748e-12    4.0676903440e-03
    1.4090001168e+03    4.6607505103e-12    4.0677204275e-03
    1.4100000018e+03    4.6667217580e-12    4.0677505110e-03
    1.4110001619e+03    4.6700366219e-12    4.0677806024e-03
    1.4120000499e+03    4.6671345365e-12    4.0678106854e-03
    1.4130002131e+03    4.6742640912e-12    4.0678407764e-03
    1.4140001043e+03    4.6810314117e-12    4.0678708581e-03
    1.4150002706e+03    4.6810356237e-12    4.0679009459e-03
    1.4160001652e+03    4.6827990583e-12    4.0679310236e-03
    1.4170000615e+03    4.6809134750e-12    4.0679611002e-03
    1.4180002333e+03    4.6818780287e-12    4.0679911847e-03
    1.4190001336e+03    4.6821321543e-12    4.0680212616e-03
    1.4200000359e+03    4.6914758302e-12    4.0680513368e-03
    1.4210002138e+03    4.6908580665e-12    4.0680814187e-03
    1.4220001200e+03    4.6953298333e-12    4.0681114950e-03
    1.4230000283e+03    4.6968503744e-12    4.0681415749e-03
    1.4240002120e+03    4.7083463952e-12    4.0681716653e-03
    1.4250001240e+03    4.7115377063e-12    4.0682017477e-03
    1.4260000378e+03    4.7101744141e-12    4.0682318293e-03
    1.4270002270e+03    4.7082424986e-12    4.0682619180e-03
    1.4280001442e+03    4.7118746683e-12    4.0682919977e-03
    1.4290000632e+03    4.7147346334e-12    4.0683220765e-03
    1.4300002575e+03    4.7193664571e-12    4.0683521625e-03
    1.4310001799e+03    4.7276543187e-12    4.0683822388e-03
    1.4320001042e+03    4.7336775148e-12    4.0684123139e-03
    1.4330000303e+03    4.7361247015e-12    4.0684423883e-03
    1.4340002318e+03    4.7390983913e-12    4.0684724707e-03
    1.4350001617e+03    4.7476810946e-12    4.0685025453e-03
    1.4360000935e+03    4.7510422907e-12    4.0685326204e-03
    1.4370000272e+03    4.7532662401e-12    4.0685626965e-03
    1.4380002365e+03    4.7608970257e-12    4.0685927815e-03
    1.4390001740e+03    4.7680953768e-12    4.0686228585e-03
    1.4400001135e+03    4.7726247079e-12    4.0686529349e-03
    1.4410000546e+03    4.7771905433e-12    4.0686830101e-03
    1.4420002711e+03    4.7793428881e-12    4.0687130914e-03
    1.4430002155e+03    4.7824120505e-12    4.0687431614e-03
    1.4440001615e+03    4.7902183372e-12    4.0687732279e-03
    1.4450001092e+03    4.7916925461e-12    4.0688032911e-03
    1.4460000584e+03    4.7966234236e-12    4.0688333514e-03
    1.4470000093e+03    4.8027196281e-12    4.0688634093e-03
    1.4480002354e+03    4.8076842018e-12    4.0688934734e-03
    1.4490001897e+03    4.8115564570e-12    4.0689235277e-03
    1.4500001458e+03    4.8086880678e-12    4.0689535812e-03
    1.4510001039e+03    4.8136526415e-12    4.0689836348e-03
    1.4520000641e+03    4.8158007744e-12    4.0690136891e-03
    1.4530000264e+03    4.8200015675e-12    4.0690437447e-03
    1.4540002646e+03    4.8238387225e-12    4.0690738100e-03
    1.4550002315e+03    4.8260191475e-12    4.0691038683e-03
    1.4560002006e+03    4.8245182626e-12    4.0691339277e-03
    1.4570001716e+03    4.8300444396e-12    4.0691639876e-03
    1.4580001445e+03    4.8412371946e-12    4.0691940472e-03
    1.4590001191e+03    4.8444650100e-12    4.0692241055e-03
    1.4600000951e+03    4.8420571355e-12    4.0692541630e-03
    1.4610000726e+03    4.8417721218e-12    4.0692842217e-03
    1.4620000515e+03    4.8495798126e-12    4.0693142838e-03
    1.4630000318e+03    4.8569873609e-12    4.0693443499e-03
    1.4640000138e+03    4.8671537858e-12    4.0693744189e-03
    1.4650002710e+03    4.8638880622e-12    4.0694044979e-03
    1.4660002564e+03    4.8622664325e-12    4.0694345698e-03
    1.4670002436e+03    4.8618803302e-12    4.0694646425e-03
    1.4680002329e+03    4.8689551285e-12    4.0694947161e-03
    1.4690002242e+03    4.8665177700e-12    4.0695247910e-03
    1.4700002175e+03    4.8771222454e-12    4.0695548685e-03
    1.4710002128e+03    4.8720551791e-12    4.0695849501e-03
    1.4720002102e+03    4.8773510988e-12    4.0696150372e-03
    1.4730002095e+03    4.8848442917e-12    4.0696451297e-03
    1.4740002107e+03    4.8891953137e-12    4.0696752266e-03
    1.4750002137e+03    4.8960384507e-12    4.0697053258e-03
    1.4760002185e+03    4.9018440254e-12    4.0697354250e-03
    1.4770002250e+03    4.9032578619e-12    4.0697655211e-03
    1.4780002332e+03    4.9124232287e-12    4.0697956134e-03
    1.4790002431e+03    4.9161438510e-12    4.0698257036e-03
    1.4800002548e+03    4.9236482759e-12    4.0698557926e-03
    1.4810002682e+03    4.9295282631e-12    4.0698858803e-03
    1.4820000099e+03    4.9385504211e-12    4.0699159592e-03
    1.4830000269e+03    4.9413233377e-12    4.0699460451e-03
    1.4840000459e+03    4.9439010972e-12    4.0699761292e-03
    1.4850000667e+03    4.9446733018e-12    4.0700062115e-03
    1.4860000895e+03    4.9454314663e-12    4.0700362922e-03
    1.4870001142e+03    4.9464788566e-12    4.0700663719e-03
    1.4880001408e+03    4.9529386993e-12    4.0700964502e-03
    1.4890001694e+03    4.9602240989e-12    4.0701265268e-03
    1.4900001997e+03    4.9615143826e-12    4.0701566010e-03
    1.4910002318e+03    4.9659173529e-12    4.0701866724e-03
    1.4920002656e+03    4.9699679172e-12    4.0702167405e-03
    1.4930000274e+03    4.9725667367e-12    4.0702467969e-03
    1.4940000644e+03    4.9767520858e-12    4.0702768582e-03
    1.4950001030e+03    4.9804769201e-12    4.0703069163e-03
    1.4960001432e+03    4.9791838284e-12    4.0703369717e-03
    1.4970001851e+03    4.9818486363e-12    4.0703670247e-03
    1.4980002288e+03    4.9931930242e-12    4.0703970755e-03
    1.4990000006e+03    4.9959827889e-12    4.0704271163e-03
    1.5000000480e+03    4.9974387456e-12    4.0704571636e-03
    1.5010000973e+03    5.0050948034e-12    4.0704872095e-03
    1.5020001486e+03    5.0064412475e-12    4.0705172544e-03
    1.5030002020e+03    5.0126750448e-12    4.0705472988e-03
    1.5040002575e+03    5.0236726427e-12    4.0705773431e-03
    1.5050000414e+03    5.0277302269e-12    4.0706073794e-03
    1.5060001009e+03    5.0301521414e-12    4.0706374242e-03
    1.5070001623e+03    5.0325698439e-12    4.0706674696e-03
    1.5080002255e+03    5.0345972320e-12    4.0706975154e-03
    1.5090000167e+03    5.0400251285e-12    4.0707275530e-03
    1.5100000830e+03    5.0408970178e-12    4.0707575983e-03
    1.5110001509e+03    5.0432922561e-12    4.0707876426e-03
    1.5120002203e+03    5.0445390156e-12    4.0708176853e-03
    1.5130000175e+03    5.0512445597e-12    4.0708477180e-03
    1.5140000898e+03    5.0473049121e-12    4.0708777571e-03
    1.5150001638e+03    5.0410991950e-12    4.0709077944e-03
    1.5160002395e+03    5.0437260947e-12    4.0709378305e-03
    1.5170000433e+03    5.0471911874e-12    4.0709678578e-03
    1.5180001227e+03    5.0527328086e-12    4.0709978923e-03
    1.5190002039e+03    5.0537156145e-12    4.0710279263e-03
    1.5200000135e+03    5.0547967010e-12    4.0710579524e-03
    1.5210000988e+03    5.0580203043e-12    4.0710879883e-03
    1.5220001860e+03    5.0634847050e-12    4.0711180262e-03
    1.5230000015e+03    5.0678244949e-12    4.0711480577e-03
    1.5240000925e+03    5.0750747943e-12    4.0711780983e-03
    1.5250001853e+03    5.0834862087e-12    4.0712081386e-03
    1.5260000063e+03    5.0900752201e-12    4.0712381693e-03
    1.5270001026e+03    5.0961321124e-12    4.0712682060e-03
    1.5280002005e+03    5.1029710373e-12    4.0712982399e-03
    1.5290000265e+03    5.1048622366e-12    4.0713282626e-03
    1.5300001277e+03    5.1098520825e-12    4.0713582907e-03
    1.5310002307e+03    5.1191817183e-12    4.0713883165e-03
    1.5320000617e+03    5.1255081802e-12    4.0714183326e-03
    1.5330001681e+03    5.1292709227e-12    4.0714483560e-03
    1.5340000027e+03    5.1314681959e-12    4.0714783711e-03
    1.5350001127e+03    5.1410940775e-12    4.0715083945e-03
    1.5360002247e+03    5.1464068453e-12    4.0715384178e-03
    1.5370000648e+03    5.1512773505e-12    4.0715684328e-03
    1.5380001805e+03    5.1591748977e-12    4.0715984554e-03
    1.5390000244e+03    5.1657358290e-12    4.0716284690e-03
    1.5400001437e+03    5.1751581294e-12    4.0716584897e-03
    1.5410002648e+03    5.1831357052e-12    4.0716885083e-03
    1.5420001138e+03    5.1835667357e-12    4.0717185162e-03
    1.5430002381e+03    5.1936447081e-12    4.0717485291e-03
    1.5440000904e+03    5.2018890454e-12    4.0717785307e-03
    1.5450002179e+03    5.2065391213e-12    4.0718085376e-03
    1.5460000733e+03    5.2129329755e-12    4.0718385338e-03
    1.5470002040e+03    5.2222934996e-12    4.0718685363e-03
    1.5480000627e+03    5.2255816872e-12    4.0718985291e-03
    1.5490001969e+03    5.2257263001e-12    4.0719285291e-03
    1.5500000593e+03    5.2345364528e-12    4.0719585203e-03
    1.5510001972e+03    5.2375999992e-12    4.0719885195e-03
    1.5520000635e+03    5.2409766394e-12    4.0720185102e-03
    1.5530002053e+03    5.2449949114e-12    4.0720485090e-03
    1.5540000755e+03    5.2428046583e-12    4.0720784996e-03
    1.5550002214e+03    5.2431430244e-12    4.0721084997e-03
    1.5560000955e+03    5.2422725391e-12    4.0721384935e-03
    1.5570002452e+03    5.2499777373e-12    4.0721684976e-03
    1.5580001229e+03    5.2492069367e-12    4.0721984947e-03
    1.5590000022e+03    5.2554407340e-12    4.0722284924e-03
    1.5600001567e+03    5.2528952667e-12    4.0722584978e-03
    1.5610000391e+03    5.2573501854e-12    4.0722884938e-03
    1.5620001965e+03    5.2655748666e-12    4.0723184958e-03
    1.5630000817e+03    5.2685752326e-12    4.0723484871e-03
    1.5640002421e+03    5.2692477526e-12    4.0723784840e-03
    1.5650001304e+03    5.2724180036e-12    4.0724084704e-03
    1.5660000203e+03    5.2742755067e-12    4.0724384552e-03
    1.5670001856e+03    5.2771003716e-12    4.0724684475e-03
    1.5680000791e+03    5.2845472322e-12    4.0724984314e-03
    1.5690002481e+03    5.2840347691e-12    4.0725284241e-03
    1.5700001454e+03    5.2879533566e-12    4.0725584096e-03
    1.5710000446e+03    5.2935876423e-12    4.0725883968e-03
    1.5720002194e+03    5.2974009291e-12    4.0726183938e-03
    1.5730001225e+03    5.2971987519e-12    4.0726483840e-03
    1.5740000273e+03    5.2975146538e-12    4.0726783751e-03
    1.5750002076e+03    5.3051412275e-12    4.0727083744e-03
    1.5760001159e+03    5.3070885871e-12    4.0727383648e-03
    1.5770000257e+03    5.3110717590e-12    4.0727683537e-03
    1.5780002108e+03    5.3189033178e-12    4.0727983484e-03
    1.5790001238e+03    5.3230732228e-12    4.0728283324e-03
    1.5800000384e+03    5.3303810865e-12    4.0728583139e-03
    1.5810002282e+03    5.3319549800e-12    4.0728883020e-03
    1.5820001459e+03    5.3344639430e-12    4.0729182812e-03
    1.5830000652e+03    5.3339079557e-12    4.0729482605e-03
    1.5840002599e+03    5.3387082604e-12    4.0729782492e-03
    1.5850001826e+03    5.3461101927e-12    4.0730082316e-03
    1.5860001071e+03    5.3513457400e-12    4.0730382160e-03
    1.5870000334e+03    5.3520000080e-12    4.0730682022e-03
    1.5880002351e+03    5.3564787948e-12    4.0730981978e-03
    1.5890001648e+03    5.3562288813e-12    4.0731281855e-03
    1.5900000963e+03    5.3598736871e-12    4.0731581726e-03
    1.5910000294e+03    5.3678091426e-12    4.0731881584e-03
    1.5920002377e+03    5.3707758123e-12    4.0732181509e-03
    1.5930001739e+03    5.3749415053e-12    4.0732481335e-03
    1.5940001117e+03    5.3796042172e-12    4.0732781144e-03
    1.5950000509e+03    5.3800506919e-12    4.0733080935e-03
    1.5960002653e+03    5.3842248088e-12    4.0733380798e-03
    1.5970002077e+03    5.3896681494e-12    4.0733680575e-03
    1.5980001517e+03    5.3900528477e-12    4.0733980358e-03
    1.5990000974e+03    5.3934561641e-12    4.0734280150e-03
    1.6000000449e+03    5.3953206873e-12    4.0734579953e-03
    1.6010002679e+03    5.3943884257e-12    4.0734879846e-03
    1.6020002192e+03    5.3938829827e-12    4.0735179669e-03
    1.6030001723e+03    5.4024713021e-12    4.0735479509e-03
    1.6040001274e+03    5.4116815972e-12    4.0735779370e-03
    1.6050000844e+03    5.4168511561e-12    4.0736079251e-03
    1.6060000432e+03    5.4237911697e-12    4.0736379151e-03
    1.6070000037e+03    5.4231284777e-12    4.0736679072e-03
    1.6080002396e+03    5.4226932351e-12    4.0736979087e-03
    1.6090002034e+03    5.4216163607e-12    4.0737279011e-03
    1.6100001687e+03    5.4299744227e-12    4.0737578924e-03
    1.6110001354e+03    5.4282699565e-12    4.0737878838e-03
    1.6120001036e+03    5.4310948214e-12    4.0738178764e-03
    1.6130000731e+03    5.4371573297e-12    4.0738478695e-03
    1.6140000442e+03    5.4376613687e-12    4.0738778616e-03
    1.6150000168e+03    5.4368456398e-12    4.0739078519e-03
    1.6160002647e+03    5.4429629044e-12    4.0739378488e-03
    1.6170002406e+03    5.4455518959e-12    4.0739678368e-03
    1.6180002184e+03    5.4518895899e-12    4.0739978251e-03
    1.6190001980e+03    5.4537470930e-12    4.0740278145e-03
    1.6200001796e+03    5.4525789580e-12    4.0740578056e-03
    1.6210001631e+03    5.4509025720e-12    4.0740877986e-03
    1.6220001485e+03    5.4552816742e-12    4.0741177937e-03
    1.6230001359e+03    5.4578580296e-12    4.0741477906e-03
    1.6240001251e+03    5.4590963650e-12    4.0741777889e-03
    1.6250001160e+03    5.4643319123e-12    4.0742077879e-03
    1.6260001086e+03    5.4637141486e-12    4.0742377868e-03
    1.6270001029e+03    5.4662722520e-12    4.0742677848e-03
    1.6280000987e+03    5.4762828319e-12    4.0742977812e-03
    1.6290000961e+03    5.4791456050e-12    4.0743277757e-03
    1.6300000950e+03    5.4800357463e-12    4.0743577682e-03
    1.6310000955e+03    5.4837619847e-12    4.0743877589e-03
    1.6320000976e+03    5.4861642430e-12    4.0744177480e-03
    1.6330001014e+03    5.4890228041e-12    4.0744477363e-03
    1.6340001069e+03    5.4915823115e-12    4.0744777247e-03
    1.6350001142e+03    5.4927532545e-12    4.0745077135e-03
    1.6360001232e+03    5.4915893315e-12    4.0745377030e-03
    1.6370001340e+03    5.4999909178e-12    4.0745676933e-03
    1.6380001466e+03    5.5049948037e-12    4.0745976846e-03
    1.6390001610e+03    5.5114279703e-12    4.0746276765e-03
    1.6400001772e+03    5.5088488068e-12    4.0746576680e-03
    1.6410001950e+03    5.5108986591e-12    4.0746876584e-03
    1.6420002145e+03    5.5110404639e-12    4.0747176471e-03
    1.6430002355e+03    5.5110306359e-12    4.0747476338e-03
    1.6440002581e+03    5.5164206241e-12    4.0747776189e-03
    1.6450000086e+03    5.5205287527e-12    4.0748075942e-03
    1.6460000343e+03    5.5264410321e-12    4.0748375764e-03
    1.6470000615e+03    5.5275852990e-12    4.0748675575e-03
    1.6480000904e+03    5.5308720826e-12    4.0748975379e-03
    1.6490001211e+03    5.5354533621e-12    4.0749275177e-03
    1.6500001535e+03    5.5387822660e-12    4.0749574975e-03
    1.6510001877e+03    5.5443491593e-12    4.0749874780e-03
    1.6520002238e+03    5.5431866404e-12    4.0750174594e-03
    1.6530002618e+03    5.5459806171e-12    4.0750474417e-03
    1.6540000280e+03    5.5406987375e-12    4.0750774169e-03
    1.6550000698e+03    5.5456899873e-12    4.0751074016e-03
    1.6560001135e+03    5.5495875147e-12    4.0751373879e-03
    1.6570001590e+03    5.5533432371e-12    4.0751673759e-03
    1.6580002061e+03    5.5594506737e-12    4.0751973652e-03
    1.6590002548e+03    5.5642762506e-12    4.0752273553e-03
    1.6600000314e+03    5.5667781936e-12    4.0752573372e-03
    1.6610000830e+03    5.5659624647e-12    4.0752873266e-03
    1.6620001361e+03    5.5650273951e-12    4.0753173145e-03
    1.6630001906e+03    5.5721190415e-12    4.0753473004e-03
    1.6640002465e+03    5.5751165995e-12    4.0753772841e-03
    1.6650000304e+03    5.5759463684e-12    4.0754072575e-03
    1.6660000895e+03    5.5790646711e-12    4.0754372372e-03
    1.6670001504e+03    5.5821043493e-12    4.0754672159e-03
    1.6680002131e+03    5.5862616182e-12    4.0754971943e-03
    1.6690000039e+03    5.5879506403e-12    4.0755271651e-03
    1.6700000704e+03    5.5902883143e-12    4.0755571455e-03
    1.6710001388e+03    5.5957611391e-12    4.0755871279e-03
    1.6720002091e+03    5.5982841422e-12    4.0756171124e-03
    1.6730000076e+03    5.6001753415e-12    4.0756470904e-03
    1.6740000817e+03    5.5993146843e-12    4.0756770777e-03
    1.6750001575e+03    5.5987741411e-12    4.0757070654e-03
    1.6760002350e+03    5.6003339944e-12    4.0757370526e-03
    1.6770000404e+03    5.6063880787e-12    4.0757670304e-03
    1.6780001210e+03    5.6085137474e-12    4.0757970147e-03
    1.6790002031e+03    5.6157724708e-12    4.0758269968e-03
    1.6800000131e+03    5.6145467715e-12    4.0758569685e-03
    1.6810000984e+03    5.6159493759e-12    4.0758869465e-03
    1.6820001852e+03    5.6160294044e-12    4.0759169233e-03
    1.6830002737e+03    5.6222126574e-12    4.0759468993e-03
    1.6840000901e+03    5.6202582777e-12    4.0759768669e-03
    1.6850001820e+03    5.6242007333e-12    4.0760068428e-03
    1.6860000020e+03    5.6268641372e-12    4.0760368110e-03
    1.6870000975e+03    5.6330389662e-12    4.0760667876e-03
    1.6880001947e+03    5.6406669439e-12    4.0760967643e-03
    1.6890000201e+03    5.6418926432e-12    4.0761267326e-03
    1.6900001209e+03    5.6445967634e-12    4.0761567058e-03
    1.6910002234e+03    5.6471085344e-12    4.0761866754e-03
    1.6920000539e+03    5.6516139974e-12    4.0762166364e-03
    1.6930001597e+03    5.6499235713e-12    4.0762466052e-03
    1.6940002670e+03    5.6449533815e-12    4.0762765734e-03
    1.6950001022e+03    5.6519116472e-12    4.0763065322e-03
    1.6960002126e+03    5.6554665964e-12    4.0763364980e-03
    1.6970000510e+03    5.6553626998e-12    4.0763664546e-03
    1.6980001646e+03    5.6616512535e-12    4.0763964185e-03
    1.6990000063e+03    5.6672785191e-12    4.0764263736e-03
    1.7000001234e+03    5.6696021531e-12    4.0764563365e-03
    1.7010002424e+03    5.6728524325e-12    4.0764862993e-03
    1.7020000894e+03    5.6741778164e-12    4.0765162542e-03
    1.7030002121e+03    5.6770532257e-12    4.0765462179e-03
    1.7040000629e+03    5.6839735831e-12    4.0765761744e-03
    1.7050001894e+03    5.6908026800e-12    4.0766061401e-03
    1.7060000440e+03    5.6954527558e-12    4.0766360990e-03
    1.7070001741e+03    5.7015279002e-12    4.0766660674e-03
    1.7080000321e+03    5.7004524297e-12    4.0766960288e-03
    1.7090001655e+03    5.7027872957e-12    4.0767259996e-03
    1.7100000266e+03    5.7072562544e-12    4.0767559627e-03
    1.7110001629e+03    5.7098227818e-12    4.0767859339e-03
    1.7120000269e+03    5.7144672416e-12    4.0768158954e-03
    1.7130001660e+03    5.7184770896e-12    4.0768458629e-03
    1.7140000328e+03    5.7194135632e-12    4.0768758195e-03
    1.7150001749e+03    5.7241899998e-12    4.0769057818e-03
    1.7160000450e+03    5.7274037750e-12    4.0769357347e-03
    1.7170001904e+03    5.7314150270e-12    4.0769656955e-03
    1.7180000640e+03    5.7370591408e-12    4.0769956487e-03
    1.7190002131e+03    5.7400258106e-12    4.0770256109e-03
    1.7200000905e+03    5.7449623041e-12    4.0770555659e-03
    1.7210002435e+03    5.7439724782e-12    4.0770855299e-03
    1.7220001247e+03    5.7380644109e-12    4.0771154867e-03
    1.7230000079e+03    5.7463368284e-12    4.0771454452e-03
    1.7240001666e+03    5.7502610319e-12    4.0771754136e-03
    1.7250000533e+03    5.7499956743e-12    4.0772053745e-03
    1.7260002155e+03    5.7498805456e-12    4.0772353430e-03
    1.7270001055e+03    5.7488500034e-12    4.0772653025e-03
    1.7280002708e+03    5.7533217702e-12    4.0772952694e-03
    1.7290001639e+03    5.7561185549e-12    4.0773252268e-03
    1.7300000585e+03    5.7563389842e-12    4.0773551826e-03
    1.7310002283e+03    5.7597802088e-12    4.0773851448e-03
    1.7320001260e+03    5.7583074040e-12    4.0774150973e-03
    1.7330000253e+03    5.7592831899e-12    4.0774450489e-03
    1.7340002000e+03    5.7593154821e-12    4.0774750085e-03
    1.7350001028e+03    5.7590192363e-12    4.0775049599e-03
    1.7360000072e+03    5.7669069555e-12    4.0775349111e-03
    1.7370001873e+03    5.7683278120e-12    4.0775648702e-03
    1.7380000953e+03    5.7734608667e-12    4.0775948213e-03
    1.7390000052e+03    5.7767560745e-12    4.0776247726e-03
    1.7400001906e+03    5.7832341692e-12    4.0776547319e-03
    1.7410001040e+03    5.7852966576e-12    4.0776846824e-03
    1.7420000191e+03    5.7905687091e-12    4.0777146313e-03
    1.7430002095e+03    5.7981559705e-12    4.0777445863e-03
    1.7440001277e+03    5.8014230981e-12    4.0777745306e-03
    1.7450000476e+03    5.8050833480e-12    4.0778044727e-03
    1.7460002427e+03    5.7943454917e-12    4.0778344216e-03
    1.7470001656e+03    5.8006340454e-12    4.0778643615e-03
    1.7480000902e+03    5.8046340653e-12    4.0778943010e-03
    1.7490000165e+03    5.8048123744e-12    4.0779242393e-03
    1.7500002182e+03    5.8032258449e-12    4.0779541848e-03
    1.7510001480e+03    5.7997832163e-12    4.0779841222e-03
    1.7520000795e+03    5.8030377078e-12    4.0780140604e-03
    1.7530000130e+03    5.8038113164e-12    4.0780439993e-03
    1.7540002220e+03    5.8040205137e-12    4.0780739474e-03
    1.7550001592e+03    5.8089317350e-12    4.0781038888e-03
    1.7560000982e+03    5.8103371475e-12    4.0781338319e-03
    1.7570000390e+03    5.8164965323e-12    4.0781637767e-03
    1.7580002552e+03    5.8157243277e-12    4.0781937309e-03
    1.7590001993e+03    5.8252350806e-12    4.0782236774e-03
    1.7600001448e+03    5.8247703539e-12    4.0782536237e-03
    1.7610000919e+03    5.8272357926e-12    4.0782835691e-03
    1.7620000403e+03    5.8240346535e-12    4.0783135132e-03
    1.7630002639e+03    5.8300143252e-12    4.0783434639e-03
    1.7640002152e+03    5.8333081290e-12    4.0783734047e-03
    1.7650001681e+03    5.8313846374e-12    4.0784033440e-03
    1.7660001226e+03    5.8347444296e-12    4.0784332820e-03
    1.7670000787e+03    5.8354829380e-12    4.0784632195e-03
    1.7680000367e+03    5.8429354146e-12    4.0784931569e-03
    1.7690002703e+03    5.8505311001e-12    4.0785231033e-03
    1.7700002320e+03    5.8538656200e-12    4.0785530429e-03
    1.7710001957e+03    5.8607073530e-12    4.0785829844e-03
    1.7720001612e+03    5.8656620986e-12    4.0786129280e-03
    1.7730001287e+03    5.8638481198e-12    4.0786428737e-03
    1.7740000981e+03    5.8706968728e-12    4.0786728209e-03
    1.7750000692e+03    5.8777548230e-12    4.0787027689e-03
    1.7760000419e+03    5.8803241584e-12    4.0787327170e-03
    1.7770000163e+03    5.8808029253e-12    4.0787626643e-03
    1.7780002659e+03    5.8805319516e-12    4.0787926184e-03
    1.7790002432e+03    5.8841430612e-12    4.0788225628e-03
    1.7800002221e+03    5.8904625031e-12    4.0788525054e-03
    1.7810002024e+03    5.8983165261e-12    4.0788824466e-03
    1.7820001843e+03    5.9003214501e-12    4.0789123867e-03
    1.7830001678e+03    5.9046008677e-12    4.0789423260e-03
    1.7840001529e+03    5.9072684837e-12    4.0789722646e-03
    1.7850001397e+03    5.9141060046e-12    4.0790022032e-03
    1.7860001283e+03    5.9217999707e-12    4.0790321425e-03
    1.7870001187e+03    5.9357501982e-12    4.0790620818e-03
    1.7880001109e+03    5.9355157288e-12    4.0790920200e-03
    1.7890001049e+03    5.9376315694e-12    4.0791219570e-03
    1.7900001007e+03    5.9365209988e-12    4.0791518937e-03
    1.7910000983e+03    5.9332103470e-12    4.0791818310e-03
    1.7920000975e+03    5.9369281612e-12    4.0792117688e-03
    1.7930000983e+03    5.9399537993e-12    4.0792417061e-03
    1.7940001008e+03    5.9396435135e-12    4.0792716427e-03
    1.7950001048e+03    5.9391717666e-12    4.0793015786e-03
    1.7960001103e+03    5.9416400134e-12    4.0793315140e-03
    1.7970001175e+03    5.9446291473e-12    4.0793614479e-03
    1.7980001262e+03    5.9362949534e-12    4.0793913789e-03
    1.7990001366e+03    5.9309176012e-12    4.0794213071e-03
    1.8000001487e+03    5.9268501889e-12    4.0794512344e-03
    1.8010001626e+03    5.9213338399e-12    4.0794811624e-03
    1.8020001783e+03    5.9170698663e-12    4.0795110917e-03
    1.8030001958e+03    5.9116433739e-12    4.0795410224e-03
    1.8040002151e+03    5.9097563866e-12    4.0795709546e-03
    1.8050002363e+03    5.9072474235e-12    4.0796008883e-03
    1.8060002593e+03    5.9016594701e-12    4.0796308235e-03
    1.8070000104e+03    5.8991575271e-12    4.0796607519e-03
    1.8080000369e+03    5.9010360904e-12    4.0796906894e-03
    1.8090000650e+03    5.8941775093e-12    4.0797206273e-03
    1.8100000946e+03    5.8895934219e-12    4.0797505648e-03
    1.8110001257e+03    5.8837218587e-12    4.0797805015e-03
    1.8120001582e+03    5.8763058863e-12    4.0798104368e-03
    1.8130001921e+03    5.8684013190e-12    4.0798403705e-03
    1.8140002275e+03    5.8639899246e-12    4.0798703026e-03
    1.8150002644e+03    5.8584216273e-12    4.0799002334e-03
    1.8160000292e+03    5.8621899858e-12    4.0799301548e-03
    1.8170000694e+03    5.8620931093e-12    4.0799600837e-03
    1.8180001114e+03    5.8578852961e-12    4.0799900125e-03
    1.8190001552e+03    5.8508582340e-12    4.0800199418e-03
    1.8200002009e+03    5.8452899367e-12    4.0800498721e-03
    1.8210002485e+03    5.8384243356e-12    4.0800798039e-03
    1.8220000243e+03    5.8334429138e-12    4.0801097292e-03
    1.8230000758e+03    5.8253207252e-12    4.0801396645e-03
    1.8240001291e+03    5.8233340533e-12    4.0801696014e-03
    1.8250001843e+03    5.8233803855e-12    4.0801995392e-03
    1.8260002411e+03    5.8268272262e-12    4.0802294772e-03
    1.8270000257e+03    5.8241806703e-12    4.0802594065e-03
    1.8280000856e+03    5.8235629066e-12    4.0802893429e-03
    1.8290001470e+03    5.8184368719e-12    4.0803192783e-03
    1.8300002099e+03    5.8137278278e-12    4.0803492124e-03
    1.8310000004e+03    5.8137376558e-12    4.0803791371e-03
    1.8320000663e+03    5.8121047940e-12    4.0804090689e-03
    1.8330001337e+03    5.8162073066e-12    4.0804389994e-03
    1.8340002028e+03    5.8193817696e-12    4.0804689288e-03
    1.8350002735e+03    5.8164558161e-12    4.0804988572e-03
    1.8360000722e+03    5.8130651358e-12    4.0805287768e-03
    1.8370001465e+03    5.8060057815e-12    4.0805587042e-03
    1.8380002225e+03    5.8035136666e-12    4.0805886314e-03
    1.8390000266e+03    5.8029450432e-12    4.0806185503e-03
    1.8400001062e+03    5.7946276974e-12    4.0806484772e-03
    1.8410001876e+03    5.7955122227e-12    4.0806784037e-03
    1.8420002707e+03    5.8001805507e-12    4.0807083294e-03
    1.8430000816e+03    5.8025098006e-12    4.0807382460e-03
    1.8440001679e+03    5.7980941942e-12    4.0807681697e-03
    1.8450002558e+03    5.8006396614e-12    4.0807980922e-03
    1.8460000714e+03    5.8002507511e-12    4.0808280056e-03
    1.8470001624e+03    5.7996259673e-12    4.0808579270e-03
    1.8480002549e+03    5.8041258143e-12    4.0808878471e-03
    1.8490000754e+03    5.8160991980e-12    4.0809177579e-03
    1.8500001713e+03    5.8133473415e-12    4.0809476777e-03
    1.8510002689e+03    5.8163561315e-12    4.0809775984e-03
    1.8520000945e+03    5.8156499153e-12    4.0810075107e-03
    1.8530001957e+03    5.8159307169e-12    4.0810374310e-03
    1.8540000249e+03    5.8160949859e-12    4.0810673439e-03
    1.8550001298e+03    5.8185604247e-12    4.0810972668e-03
    1.8560002365e+03    5.8175340945e-12    4.0811271914e-03
    1.8570000712e+03    5.8170075914e-12    4.0811571095e-03
    1.8580001813e+03    5.8213838856e-12    4.0811870368e-03
    1.8590000193e+03    5.8249669150e-12    4.0812169566e-03
    1.8600001326e+03    5.8214372379e-12    4.0812468848e-03
    1.8610002474e+03    5.8179286209e-12    4.0812768125e-03
    1.8620000899e+03    5.8216239710e-12    4.0813067308e-03
    1.8630002075e+03    5.8193270133e-12    4.0813366553e-03
    1.8640000529e+03    5.8207731419e-12    4.0813665697e-03
    1.8650001736e+03    5.8209921672e-12    4.0813964906e-03
    1.8660000221e+03    5.8184551241e-12    4.0814264021e-03
    1.8670001460e+03    5.8218387843e-12    4.0814563210e-03
    1.8680002718e+03    5.8209303909e-12    4.0814862395e-03
    1.8690001255e+03    5.8278058200e-12    4.0815161500e-03
    1.8700002550e+03    5.8231318760e-12    4.0815460696e-03
    1.8710001126e+03    5.8337546036e-12    4.0815759822e-03
    1.8720002459e+03    5.8338936005e-12    4.0816059047e-03
    1.8730001073e+03    5.8314773020e-12    4.0816358214e-03
    1.8740002444e+03    5.8352274084e-12    4.0816657485e-03
    1.8750001095e+03    5.8305717166e-12    4.0816956688e-03
    1.8760002501e+03    5.8264678000e-12    4.0817255975e-03
    1.8770001185e+03    5.8261420701e-12    4.0817555174e-03
    1.8780002621e+03    5.8221701303e-12    4.0817854446e-03
    1.8790001335e+03    5.8189296789e-12    4.0818153627e-03
    1.8800000063e+03    5.8161385102e-12    4.0818452797e-03
    1.8810001543e+03    5.8150307476e-12    4.0818752037e-03
    1.8820000301e+03    5.8158942127e-12    4.0819051180e-03
    1.8830001811e+03    5.8240978338e-12    4.0819350390e-03
    1.8840000601e+03    5.8258837325e-12    4.0819649506e-03
    1.8850002144e+03    5.8285246723e-12    4.0819948697e-03
    1.8860000968e+03    5.8231585522e-12    4.0820247802e-03
    1.8870002547e+03    5.8235067463e-12    4.0820546990e-03
    1.8880001406e+03    5.8247984340e-12    4.0820846097e-03
    1.8890000283e+03    5.8273719814e-12    4.0821145206e-03
    1.8900001917e+03    5.8275825827e-12    4.0821444399e-03
    1.8910000830e+03    5.8241020459e-12    4.0821743510e-03
    1.8920002498e+03    5.8227682379e-12    4.0822042703e-03
    1.8930001444e+03    5.8279757050e-12    4.0822341808e-03
    1.8940000407e+03    5.8291298000e-12    4.0822640901e-03
    1.8950002124e+03    5.8330231153e-12    4.0822940059e-03
    1.8960001118e+03    5.8294948421e-12    4.0823239117e-03
    1.8970000128e+03    5.8293530373e-12    4.0823538154e-03
    1.8980001892e+03    5.8262431587e-12    4.0823837252e-03
    1.8990000934e+03    5.8299708010e-12    4.0824136251e-03
    1.9000002731e+03    5.8281231259e-12    4.0824435318e-03
    1.9010001807e+03    5.8296380510e-12    4.0824734297e-03
    1.9020000900e+03    5.8341982703e-12    4.0825033278e-03
    1.9030000011e+03    5.8381631900e-12    4.0825332263e-03
    1.9040001879e+03    5.8402509505e-12    4.0825631335e-03
    1.9050001026e+03    5.8417728956e-12    4.0825930331e-03
    1.9060000191e+03    5.8431207437e-12    4.0826229332e-03
    1.9070002113e+03    5.8477132552e-12    4.0826528422e-03
    1.9080001313e+03    5.8513019007e-12    4.0826827436e-03
    1.9090000530e+03    5.8548203457e-12    4.0827126451e-03
    1.9100002500e+03    5.8580088488e-12    4.0827425539e-03
    1.9110001747e+03    5.8552162761e-12    4.0827724528e-03
    1.9120001009e+03    5.8574303974e-12    4.0828023499e-03
    1.9130000285e+03    5.8597961515e-12    4.0828322453e-03
    1.9140002314e+03    5.8568070176e-12    4.0828621478e-03
    1.9150001620e+03    5.8607901895e-12    4.0828920408e-03
    1.9160000941e+03    5.8629579784e-12    4.0829219325e-03
    1.9170000280e+03    5.8591727718e-12    4.0829518229e-03
    1.9180002373e+03    5.8624609595e-12    4.0829817208e-03
    1.9190001747e+03    5.8613644289e-12    4.0830116108e-03
    1.9200001139e+03    5.8652759963e-12    4.0830415019e-03
    1.9210000550e+03    5.8663374267e-12    4.0830713945e-03
    1.9220002718e+03    5.8777646511e-12    4.0831012966e-03
    1.9230002167e+03    5.8796684865e-12    4.0831311914e-03
    1.9240001635e+03    5.8841879895e-12    4.0831610870e-03
    1.9250001121e+03    5.8878875517e-12    4.0831909839e-03
    1.9260000624e+03    5.8922273416e-12    4.0832208821e-03
    1.9270000142e+03    5.8970683626e-12    4.0832507810e-03
    1.9280002414e+03    5.9006626241e-12    4.0832806878e-03
    1.9290001963e+03    5.9032389796e-12    4.0833105852e-03
    1.9300001526e+03    5.9109090775e-12    4.0833404807e-03
    1.9310001103e+03    5.9155142250e-12    4.0833703741e-03
    1.9320000695e+03    5.9119410236e-12    4.0834002657e-03
    1.9330000302e+03    5.9102365574e-12    4.0834301563e-03
    1.9340002664e+03    5.9065257632e-12    4.0834600547e-03
    1.9350002304e+03    5.9091330068e-12    4.0834899449e-03
    1.9360001961e+03    5.9113302800e-12    4.0835198356e-03
    1.9370001635e+03    5.9206388557e-12    4.0835497266e-03
    1.9380001328e+03    5.9232699675e-12    4.0835796178e-03
    1.9390001039e+03    5.9222941816e-12    4.0836095088e-03
    1.9400000769e+03    5.9266423956e-12    4.0836393994e-03
    1.9410000516e+03    5.9308586329e-12    4.0836692893e-03
    1.9420000280e+03    5.9388923690e-12    4.0836991787e-03
    1.9430000061e+03    5.9389976696e-12    4.0837290677e-03
    1.9440002597e+03    5.9435480608e-12    4.0837589644e-03
    1.9450002410e+03    5.9475565048e-12    4.0837888526e-03
    1.9460002239e+03    5.9531037420e-12    4.0838187401e-03
    1.9470002083e+03    5.9578085742e-12    4.0838486265e-03
    1.9480001943e+03    5.9629991933e-12    4.0838785114e-03
    1.9490001820e+03    5.9679862311e-12    4.0839083945e-03
    1.9500001712e+03    5.9654519959e-12    4.0839382761e-03
    1.9510001622e+03    5.9650911658e-12    4.0839681563e-03
    1.9520001548e+03    5.9635902808e-12    4.0839980358e-03
    1.9530001493e+03    5.9715608365e-12    4.0840279150e-03
    1.9540001455e+03    5.9704643059e-12    4.0840577947e-03
    1.9550001436e+03    5.9662143725e-12    4.0840876639e-03
    1.9560001434e+03    5.9673572354e-12    4.0841175334e-03
    1.9570001450e+03    5.9651108219e-12    4.0841474197e-03
    1.9580001482e+03    5.9644551500e-12    4.0841773111e-03
    1.9590001532e+03    5.9674218197e-12    4.0842071951e-03
    1.9600001597e+03    5.9645534306e-12    4.0842370716e-03
    1.9610001678e+03    5.9679595550e-12    4.0842669462e-03
    1.9620001773e+03    5.9514694763e-12    4.0842968211e-03
    1.9630001882e+03    5.9531486703e-12    4.0843266952e-03
    1.9640002007e+03    5.9529801893e-12    4.0843565670e-03
    1.9650002147e+03    5.9564845943e-12    4.0843864368e-03
    1.9660002302e+03    5.9614814602e-12    4.0844163058e-03
    1.9670002474e+03    5.9621174760e-12    4.0844461747e-03
    1.9680002662e+03    5.9610602577e-12    4.0844760432e-03
    1.9690000131e+03    5.9643063251e-12    4.0845059034e-03
    1.9700000356e+03    5.9628110561e-12    4.0845357723e-03
    1.9710000600e+03    5.9656008208e-12    4.0845656423e-03
    1.9720000863e+03    5.9689086646e-12    4.0845955141e-03
    1.9730001146e+03    5.9771824862e-12    4.0846253879e-03
    1.9740001447e+03    5.9813874913e-12    4.0846552634e-03
    1.9750001766e+03    5.9875974205e-12    4.0846851402e-03
    1.9760002102e+03    5.9910807654e-12    4.0847150175e-03
    1.9770002455e+03    5.9926883550e-12    4.0847448946e-03
    1.9780000084e+03    5.9953910712e-12    4.0847747626e-03
    1.9790000466e+03    6.0026666427e-12    4.0848046377e-03
    1.9800000863e+03    6.0063016205e-12    4.0848345117e-03
    1.9810001274e+03    6.0122181119e-12    4.0848643847e-03
    1.9820001700e+03    6.0105557659e-12    4.0848942566e-03
    1.9830002140e+03    6.0063577808e-12    4.0849241273e-03
    1.9840002597e+03    6.0052626542e-12    4.0849539968e-03
    1.9850000331e+03    6.0100601510e-12    4.0849838570e-03
    1.9860000821e+03    6.0114374832e-12    4.0850137247e-03
    1.9870001329e+03    6.0193883828e-12    4.0850435917e-03
    1.9880001854e+03    6.0207306148e-12    4.0850734582e-03
    1.9890002398e+03    6.0259942423e-12    4.0851033245e-03
    1.9900000222e+03    6.0263213763e-12    4.0851331828e-03
    1.9910000802e+03    6.0232185177e-12    4.0851630497e-03
    1.9920001399e+03    6.0281395672e-12    4.0851929173e-03
    1.9930002013e+03    6.0287643509e-12    4.0852227852e-03
    1.9940002644e+03    6.0301627433e-12    4.0852526529e-03
    1.9950000552e+03    6.0273617465e-12    4.0852825116e-03
    1.9960001214e+03    6.0286155260e-12    4.0853123774e-03
    1.9970001892e+03    6.0304884732e-12    4.0853422423e-03
    1.9980002585e+03    6.0387636988e-12    4.0853721059e-03
    1.9990000555e+03    6.0444134286e-12    4.0854019599e-03
    2.0000000000e+03    6.0507188303e-12    4.0854318190e-03
