                   t                divB                mass
    0.0000000000e+00    3.9786992484e-12    3.8453548222e-03
    1.0002174023e+00    3.9810134001e-12    3.8453555895e-03
    2.0001726683e+00    3.9794153255e-12    3.8453563861e-03
    3.0001306781e+00    3.9798228491e-12    3.8453571925e-03
    4.0000915215e+00    3.9767169372e-12    3.8453579996e-03
    5.0000552996e+00    3.9795026520e-12    3.8453588059e-03
    6.0000220688e+00    3.9762657504e-12    3.8453596187e-03
    7.0002688549e+00    3.9756253562e-12    3.8453604269e-03
    8.0002417796e+00    3.9747637350e-12    3.8453612455e-03
    9.0002178232e+00    3.9686625248e-12    3.8453620885e-03
    1.0000196928e+01    3.9754739903e-12    3.8453629512e-03
    1.1000179041e+01    3.9784285363e-12    3.8453638224e-03
    1.2000164100e+01    3.9785537042e-12    3.8453646961e-03
    1.3000152017e+01    3.9752469415e-12    3.8453655707e-03
    1.4000142699e+01    3.9763239681e-12    3.8453664466e-03
    1.5000136125e+01    3.9769847384e-12    3.8453673261e-03
    1.6000132280e+01    3.9835895313e-12    3.8453682122e-03
    1.7000131189e+01    3.9863781569e-12    3.8453691090e-03
    1.8000132916e+01    3.9905378082e-12    3.8453700193e-03
    1.9000137567e+01    3.9919117449e-12    3.8453709419e-03
    2.0000145291e+01    3.9910443018e-12    3.8453718720e-03
    2.1000156272e+01    3.9919379428e-12    3.8453728026e-03
    2.2000170708e+01    3.9970669181e-12    3.8453737275e-03
    2.3000188810e+01    3.9997012669e-12    3.8453746440e-03
    2.4000210791e+01    3.9968951760e-12    3.8453755550e-03
    2.5000236807e+01    3.9988047151e-12    3.8453764683e-03
    2.6000266953e+01    3.9986824580e-12    3.8453773941e-03
    2.7000024064e+01    3.9993781590e-12    3.8453783419e-03
    2.8000061338e+01    3.9978936088e-12    3.8453793183e-03
    2.9000101764e+01    4.0026208823e-12    3.8453803244e-03
    3.0000145526e+01    4.0077760555e-12    3.8453813569e-03
    3.1000192824e+01    4.0058141206e-12    3.8453824107e-03
    3.2000243874e+01    4.0050834890e-12    3.8453834801e-03
    3.3000021719e+01    3.9986795471e-12    3.8453845605e-03
    3.4000079294e+01    3.9981090141e-12    3.8453856500e-03
    3.5000139091e+01    3.9982458256e-12    3.8453867472e-03
    3.6000200915e+01    4.0065709501e-12    3.8453878517e-03
    3.7000264660e+01    4.0078604711e-12    3.8453889639e-03
    3.8000053276e+01    4.0113069562e-12    3.8453900839e-03
    3.9000120911e+01    4.0085183306e-12    3.8453912136e-03
    4.0000190710e+01    4.0093071798e-12    3.8453923547e-03
    4.1000262901e+01    4.0093566648e-12    3.8453935091e-03
    4.2000060729e+01    4.0127623976e-12    3.8453946775e-03
    4.3000138551e+01    4.0169133163e-12    3.8453958601e-03
    4.4000219638e+01    4.0133067326e-12    3.8453970551e-03
    4.5000027231e+01    4.0121278251e-12    3.8453982584e-03
    4.6000115621e+01    4.0119939245e-12    3.8453994660e-03
    4.7000207949e+01    4.0127594867e-12    3.8454006725e-03
    4.8000027266e+01    4.0174110772e-12    3.8454018734e-03
    4.9000127681e+01    4.0199813866e-12    3.8454030676e-03
    5.0000231986e+01    4.0150590840e-12    3.8454042552e-03
    5.1000062217e+01    4.0106432750e-12    3.8454054403e-03
    5.2000172552e+01    4.0077061943e-12    3.8454066307e-03
    5.3000009220e+01    4.0017010433e-12    3.8454078346e-03
    5.4000126567e+01    4.0019804881e-12    3.8454090607e-03
    5.5000247763e+01    4.0054997453e-12    3.8454103138e-03
    5.6000095912e+01    4.0061343177e-12    3.8454115955e-03
    5.7000224788e+01    4.0097845646e-12    3.8454129025e-03
    5.8000079447e+01    4.0137084344e-12    3.8454142279e-03
    5.9000213841e+01    4.0141596212e-12    3.8454155670e-03
    6.0000073799e+01    4.0160080318e-12    3.8454169165e-03
    6.1000213390e+01    4.0167473960e-12    3.8454182767e-03
    6.2000078556e+01    4.0197630704e-12    3.8454196463e-03
    6.3000223464e+01    4.0238004647e-12    3.8454210250e-03
    6.4000094117e+01    4.0272702369e-12    3.8454224158e-03
    6.5000244706e+01    4.0278436808e-12    3.8454238199e-03
    6.6000121212e+01    4.0231484270e-12    3.8454252337e-03
    6.7000000778e+01    4.0272061974e-12    3.8454266530e-03
    6.8000160483e+01    4.0159818338e-12    3.8454280744e-03
    6.9000046226e+01    4.0210060173e-12    3.8454294964e-03
    7.0000212076e+01    4.0210525914e-12    3.8454309215e-03
    7.1000103874e+01    4.0238877912e-12    3.8454323554e-03
    7.2000275660e+01    4.0217075401e-12    3.8454338071e-03
    7.3000173254e+01    4.0263242000e-12    3.8454352800e-03
    7.4000073666e+01    4.0258118846e-12    3.8454367716e-03
    7.5000253939e+01    4.0382238884e-12    3.8454382761e-03
    7.6000159957e+01    4.0414986314e-12    3.8454397870e-03
    7.7000068820e+01    4.0465606564e-12    3.8454413014e-03
    7.8000257668e+01    4.0466916462e-12    3.8454428190e-03
    7.9000172510e+01    4.0456990352e-12    3.8454443403e-03
    8.0000090546e+01    4.0432713590e-12    3.8454458678e-03
    8.1000011944e+01    4.0443134550e-12    3.8454474034e-03
    8.2000213959e+01    4.0458125596e-12    3.8454489484e-03
    8.3000142660e+01    4.0454254122e-12    3.8454505021e-03
    8.4000075269e+01    4.0534448940e-12    3.8454520654e-03
    8.5000011884e+01    4.0549672856e-12    3.8454536393e-03
    8.6000229577e+01    4.0562044108e-12    3.8454552256e-03
    8.7000173670e+01    4.0536806755e-12    3.8454568258e-03
    8.8000120854e+01    4.0552147107e-12    3.8454584435e-03
    8.9000071276e+01    4.0583817510e-12    3.8454600820e-03
    9.0000025127e+01    4.0603378642e-12    3.8454617419e-03
    9.1000259689e+01    4.0596945591e-12    3.8454634218e-03
    9.2000220541e+01    4.0603960818e-12    3.8454651159e-03
    9.3000183811e+01    4.0592783029e-12    3.8454668198e-03
    9.4000149233e+01    4.0616419396e-12    3.8454685302e-03
    9.5000116632e+01    4.0642675558e-12    3.8454702471e-03
    9.6000085917e+01    4.0670066964e-12    3.8454719731e-03
    9.7000057092e+01    4.0722753941e-12    3.8454737110e-03
    9.8000030255e+01    4.0742518834e-12    3.8454754618e-03
    9.9000005577e+01    4.0737570334e-12    3.8454772236e-03
    1.0000026038e+02    4.0765602134e-12    3.8454789917e-03
    1.0100024076e+02    4.0761817987e-12    3.8454807588e-03
    1.0200022411e+02    4.0720861867e-12    3.8454825208e-03
    1.0300021071e+02    4.0745458826e-12    3.8454842788e-03
    1.0400020085e+02    4.0705725277e-12    3.8454860395e-03
    1.0500019474e+02    4.0687241172e-12    3.8454878124e-03
    1.0600019255e+02    4.0697865894e-12    3.8454896055e-03
    1.0700019434e+02    4.0662120255e-12    3.8454914227e-03
    1.0800020016e+02    4.0621513441e-12    3.8454932616e-03
    1.0900020971e+02    4.0590396105e-12    3.8454951143e-03
    1.1000022210e+02    4.0603873492e-12    3.8454969715e-03
    1.1100023754e+02    4.0620989482e-12    3.8454988266e-03
    1.1200025634e+02    4.0581779892e-12    3.8455006786e-03
    1.1300000168e+02    4.0635049046e-12    3.8455025323e-03
    1.1400002794e+02    4.0637610622e-12    3.8455043981e-03
    1.1500005818e+02    4.0695187882e-12    3.8455062855e-03
    1.1600009211e+02    4.0685960384e-12    3.8455082015e-03
    1.1700012879e+02    4.0666573905e-12    3.8455101476e-03
    1.1800016804e+02    4.0710382689e-12    3.8455121197e-03
    1.1900020978e+02    4.0686397016e-12    3.8455141102e-03
    1.2000025395e+02    4.0680342380e-12    3.8455161115e-03
    1.2100002348e+02    4.0679061592e-12    3.8455181185e-03
    1.2200007266e+02    4.0664186981e-12    3.8455201315e-03
    1.2300012450e+02    4.0702697959e-12    3.8455221514e-03
    1.2400017915e+02    4.0744934867e-12    3.8455241799e-03
    1.2500023672e+02    4.0819948314e-12    3.8455262169e-03
    1.2600002023e+02    4.0820414055e-12    3.8455282596e-03
    1.2700008395e+02    4.0865503628e-12    3.8455303065e-03
    1.2800015080e+02    4.0859681862e-12    3.8455323554e-03
    1.2900022079e+02    4.0882590509e-12    3.8455344082e-03
    1.3000001677e+02    4.0902442729e-12    3.8455364697e-03
    1.3100009290e+02    4.0871674699e-12    3.8455385478e-03
    1.3200017202e+02    4.0875051323e-12    3.8455406477e-03
    1.3300025407e+02    4.0817415846e-12    3.8455427711e-03
    1.3400006190e+02    4.0828418982e-12    3.8455449137e-03
    1.3500014972e+02    4.0834386292e-12    3.8455470687e-03
    1.3600024040e+02    4.0771656770e-12    3.8455492267e-03
    1.3700005691e+02    4.0824227311e-12    3.8455513804e-03
    1.3800015357e+02    4.0893506319e-12    3.8455535284e-03
    1.3900025335e+02    4.0891323157e-12    3.8455556716e-03
    1.4000007927e+02    4.0868356293e-12    3.8455578148e-03
    1.4100018575e+02    4.0832465109e-12    3.8455599663e-03
    1.4200001874e+02    4.0820559599e-12    3.8455621322e-03
    1.4300013264e+02    4.0892836816e-12    3.8455643187e-03
    1.4400025041e+02    4.0931114924e-12    3.8455665272e-03
    1.4500009497e+02    4.0930590965e-12    3.8455687585e-03
    1.4600022044e+02    4.0911350030e-12    3.8455710145e-03
    1.4700007202e+02    4.0925031179e-12    3.8455732938e-03
    1.4800020389e+02    4.0875138650e-12    3.8455755952e-03
    1.4900006198e+02    4.0858313748e-12    3.8455779129e-03
    1.5000020068e+02    4.0874469147e-12    3.8455802421e-03
    1.5100006516e+02    4.0878369729e-12    3.8455825749e-03
    1.5200020915e+02    4.0843497355e-12    3.8455849065e-03
    1.5300007816e+02    4.0899822935e-12    3.8455872317e-03
    1.5400022626e+02    4.0889372866e-12    3.8455895516e-03
    1.5500009913e+02    4.0884657236e-12    3.8455918686e-03
    1.5600025104e+02    4.0944155678e-12    3.8455941920e-03
    1.5700012783e+02    4.0944097460e-12    3.8455965303e-03
    1.5800000677e+02    4.0935568574e-12    3.8455988930e-03
    1.5900016524e+02    4.0954081788e-12    3.8456012867e-03
    1.6000004924e+02    4.0954285550e-12    3.8456037112e-03
    1.6100021333e+02    4.0941157469e-12    3.8456061634e-03
    1.6200010359e+02    4.0907071033e-12    3.8456086328e-03
    1.6300027453e+02    4.0870044605e-12    3.8456111091e-03
    1.6400017209e+02    4.0831562736e-12    3.8456135794e-03
    1.6500007354e+02    4.0853161485e-12    3.8456160367e-03
    1.6600025608e+02    4.0907973406e-12    3.8456184797e-03
    1.6700016551e+02    4.0903024906e-12    3.8456209091e-03
    1.6800007851e+02    4.0878515273e-12    3.8456233311e-03
    1.6900027141e+02    4.0873188358e-12    3.8456257537e-03
    1.7000019021e+02    4.0844632599e-12    3.8456281842e-03
    1.7100011237e+02    4.0859448992e-12    3.8456306329e-03
    1.7200003815e+02    4.0897115814e-12    3.8456331076e-03
    1.7300024488e+02    4.0875167758e-12    3.8456356137e-03
    1.7400017843e+02    4.0884249712e-12    3.8456381522e-03
    1.7500011556e+02    4.0935801445e-12    3.8456407227e-03
    1.7600005534e+02    4.0946862799e-12    3.8456433199e-03
    1.7700027472e+02    4.0896329876e-12    3.8456459356e-03
    1.7800021932e+02    4.0874236276e-12    3.8456485566e-03
    1.7900016622e+02    4.0914435566e-12    3.8456511731e-03
    1.8000011545e+02    4.0921974752e-12    3.8456537787e-03
    1.8100006707e+02    4.0975127470e-12    3.8456563731e-03
    1.8200002122e+02    4.0989070598e-12    3.8456589619e-03
    1.8300025519e+02    4.1017830119e-12    3.8456615554e-03
    1.8400021483e+02    4.1010028953e-12    3.8456641616e-03
    1.8500017744e+02    4.0982259132e-12    3.8456667882e-03
    1.8600014311e+02    4.0902937579e-12    3.8456694385e-03
    1.8700011192e+02    4.0906576183e-12    3.8456721129e-03
    1.8800008389e+02    4.0901802335e-12    3.8456748095e-03
    1.8900005902e+02    4.0846641108e-12    3.8456775255e-03
    1.9000003725e+02    4.0867366593e-12    3.8456802568e-03
    1.9100001855e+02    4.0907333012e-12    3.8456829991e-03
    1.9200000287e+02    4.0920053569e-12    3.8456857477e-03
    1.9300026728e+02    4.0941885190e-12    3.8456884998e-03
    1.9400025744e+02    4.0936208968e-12    3.8456912482e-03
    1.9500025049e+02    4.0969247487e-12    3.8456939896e-03
    1.9600024653e+02    4.0958127915e-12    3.8456967225e-03
    1.9700024561e+02    4.0972478567e-12    3.8456994495e-03
    1.9800024768e+02    4.0969160160e-12    3.8457021480e-03
    1.9900025280e+02    4.0929979679e-12    3.8457048332e-03
    2.0000026119e+02    4.0936208968e-12    3.8457075590e-03
    2.0100027303e+02    4.0903723518e-12    3.8457103415e-03
    2.0200001131e+02    4.0925496920e-12    3.8457131622e-03
    2.0300003047e+02    4.0968898181e-12    3.8457160068e-03
    2.0400005336e+02    4.1015676066e-12    3.8457188688e-03
    2.0500007999e+02    4.1012561421e-12    3.8457217426e-03
    2.0600011029e+02    4.1051771011e-12    3.8457246195e-03
    2.0700014390e+02    4.1024379605e-12    3.8457274880e-03
    2.0800018068e+02    4.1048976564e-12    3.8457303529e-03
    2.0900022044e+02    4.1006244806e-12    3.8457332270e-03
    2.1000026278e+02    4.0972478567e-12    3.8457361190e-03
    2.1100003027e+02    4.0969946099e-12    3.8457390299e-03
    2.1200007702e+02    4.0916676946e-12    3.8457419589e-03
    2.1300012570e+02    4.0915658137e-12    3.8457449015e-03
    2.1400017622e+02    4.0923139105e-12    3.8457478525e-03
    2.1500022859e+02    4.0924041479e-12    3.8457508065e-03
    2.1600000571e+02    4.0908468256e-12    3.8457537584e-03
    2.1700006211e+02    4.0933472739e-12    3.8457567103e-03
    2.1800012084e+02    4.0951636647e-12    3.8457596667e-03
    2.1900018217e+02    4.0943951916e-12    3.8457626342e-03
    2.2000024639e+02    4.0930445421e-12    3.8457656181e-03
    2.2100003661e+02    4.0910185677e-12    3.8457686183e-03
    2.2200010745e+02    4.0888703363e-12    3.8457716323e-03
    2.2300018196e+02    4.0863902642e-12    3.8457746520e-03
    2.2400026026e+02    4.0898221949e-12    3.8457776708e-03
    2.2500006529e+02    4.0888266730e-12    3.8457806852e-03
    2.2600015147e+02    4.0884773671e-12    3.8457837008e-03
    2.2700024107e+02    4.0860875324e-12    3.8457867250e-03
    2.2800005615e+02    4.0893942952e-12    3.8457897653e-03
    2.2900015139e+02    4.0875138650e-12    3.8457928293e-03
    2.3000024990e+02    4.0856276130e-12    3.8457959177e-03
    2.3100007475e+02    4.0799979659e-12    3.8457990267e-03
    2.3200018053e+02    4.0822568108e-12    3.8458021518e-03
    2.3300001300e+02    4.0823790679e-12    3.8458052861e-03
    2.3400012621e+02    4.0821898605e-12    3.8458084269e-03
    2.3500024195e+02    4.0795060267e-12    3.8458115716e-03
    2.3600008282e+02    4.0810109530e-12    3.8458147193e-03
    2.3700020307e+02    4.0815581990e-12    3.8458178744e-03
    2.3800004826e+02    4.0825449882e-12    3.8458210390e-03
    2.3900017279e+02    4.0826002950e-12    3.8458242188e-03
    2.4000002234e+02    4.0832959959e-12    3.8458274147e-03
    2.4100015144e+02    4.0759867695e-12    3.8458306279e-03
    2.4200000586e+02    4.0796311946e-12    3.8458338524e-03
    2.4300014016e+02    4.0803268956e-12    3.8458370843e-03
    2.4400000012e+02    4.0755297609e-12    3.8458403167e-03
    2.4500014029e+02    4.0802337474e-12    3.8458435492e-03
    2.4600000636e+02    4.0808712307e-12    3.8458467813e-03
    2.4700015275e+02    4.0816484363e-12    3.8458500182e-03
    2.4800002513e+02    4.0854209403e-12    3.8458532620e-03
    2.4900017787e+02    4.0875982806e-12    3.8458565171e-03
    2.5000005651e+02    4.0933385412e-12    3.8458597824e-03
    2.5100021540e+02    4.0901278376e-12    3.8458630600e-03
    2.5200010005e+02    4.0934200459e-12    3.8458663477e-03
    2.5300026481e+02    4.0952277041e-12    3.8458696448e-03
    2.5400015524e+02    4.0989885645e-12    3.8458729455e-03
    2.5500004842e+02    4.0992301678e-12    3.8458762469e-03
    2.5600022165e+02    4.1036430659e-12    3.8458795490e-03
    2.5700012059e+02    4.1035586503e-12    3.8458828518e-03
    2.5800002254e+02    4.1059863265e-12    3.8458861586e-03
    2.5900020484e+02    4.1016869528e-12    3.8458894752e-03
    2.6000011321e+02    4.1053604867e-12    3.8458928090e-03
    2.6100002500e+02    4.1044901328e-12    3.8458961700e-03
    2.6200021755e+02    4.1020595457e-12    3.8458995633e-03
    2.6300013647e+02    4.1055875356e-12    3.8459029843e-03
    2.6400005895e+02    4.1067897301e-12    3.8459064259e-03
    2.6500026211e+02    4.1098810875e-12    3.8459098787e-03
    2.6600019133e+02    4.1198450390e-12    3.8459133323e-03
    2.6700012363e+02    4.1176968075e-12    3.8459167830e-03
    2.6800005876e+02    4.1174610260e-12    3.8459202312e-03
    2.6900027366e+02    4.1144919257e-12    3.8459236828e-03
    2.7000021362e+02    4.1146578460e-12    3.8459271434e-03
    2.7100015563e+02    4.1130102864e-12    3.8459306203e-03
    2.7200009954e+02    4.1034480368e-12    3.8459341159e-03
    2.7300004527e+02    4.1015006563e-12    3.8459376277e-03
    2.7400027002e+02    4.1023360796e-12    3.8459411505e-03
    2.7500021942e+02    4.0982986853e-12    3.8459446754e-03
    2.7600017087e+02    4.1021730702e-12    3.8459481982e-03
    2.7700012457e+02    4.1009883409e-12    3.8459517164e-03
    2.7800008077e+02    4.0981560521e-12    3.8459552309e-03
    2.7900003977e+02    4.0989187033e-12    3.8459587461e-03
    2.8000000185e+02    4.0989216142e-12    3.8459622679e-03
    2.8100024452e+02    4.0967675610e-12    3.8459658023e-03
    2.8200021354e+02    4.1031715029e-12    3.8459693502e-03
    2.8300018632e+02    4.1045949246e-12    3.8459729121e-03
    2.8400016294e+02    4.1036023136e-12    3.8459764846e-03
    2.8500014345e+02    4.0982375568e-12    3.8459800644e-03
    2.8600012735e+02    4.0945465575e-12    3.8459836496e-03
    2.8700011384e+02    4.0891323157e-12    3.8459872402e-03
    2.8800010320e+02    4.0899822935e-12    3.8459908347e-03
    2.8900009573e+02    4.0904014606e-12    3.8459944394e-03
    2.9000009169e+02    4.0870830543e-12    3.8459980649e-03
    2.9100009130e+02    4.0845127449e-12    3.8460017103e-03
    2.9200009472e+02    4.0832261348e-12    3.8460053719e-03
    2.9300010167e+02    4.0777071012e-12    3.8460090472e-03
    2.9400011108e+02    4.0706773195e-12    3.8460127348e-03
    2.9500012268e+02    4.0663546587e-12    3.8460164335e-03
    2.9600013635e+02    4.0682874848e-12    3.8460201433e-03
    2.9700015201e+02    4.0667126973e-12    3.8460238645e-03
    2.9800016965e+02    4.0645528223e-12    3.8460275976e-03
    2.9900018934e+02    4.0679178027e-12    3.8460313428e-03
    3.0000021122e+02    4.0694256399e-12    3.8460351006e-03
    3.0100023546e+02    4.0710993975e-12    3.8460388708e-03
    3.0200026225e+02    4.0746070111e-12    3.8460426528e-03
    3.0300001455e+02    4.0757044139e-12    3.8460464442e-03
    3.0400004701e+02    4.0758412254e-12    3.8460502444e-03
    3.0500008251e+02    4.0794565417e-12    3.8460540483e-03
    3.0600012110e+02    4.0789122066e-12    3.8460578511e-03
    3.0700016279e+02    4.0799106394e-12    3.8460616482e-03
    3.0800020759e+02    4.0801376882e-12    3.8460654367e-03
    3.0900025551e+02    4.0805743206e-12    3.8460692174e-03
    3.1000002929e+02    4.0769619152e-12    3.8460729934e-03
    3.1100008346e+02    4.0760915613e-12    3.8460767737e-03
    3.1200014072e+02    4.0720716323e-12    3.8460805656e-03
    3.1300020100e+02    4.0807373301e-12    3.8460843765e-03
    3.1400026421e+02    4.0782019512e-12    3.8460882104e-03
    3.1500005300e+02    4.0746972485e-12    3.8460920653e-03
    3.1600012180e+02    4.0757306118e-12    3.8460959382e-03
    3.1700019334e+02    4.0776372400e-12    3.8460998201e-03
    3.1800026768e+02    4.0831271647e-12    3.8461037035e-03
    3.1900006768e+02    4.0837355392e-12    3.8461075845e-03
    3.2000014803e+02    4.0847485264e-12    3.8461114642e-03
    3.2100023165e+02    4.0851938915e-12    3.8461153495e-03
    3.2200004140e+02    4.0868065205e-12    3.8461192516e-03
    3.2300013184e+02    4.0841372410e-12    3.8461231822e-03
    3.2400022567e+02    4.0781582880e-12    3.8461271443e-03
    3.2500004552e+02    4.0709916948e-12    3.8461311345e-03
    3.2600014574e+02    4.0698011438e-12    3.8461351467e-03
    3.2700024878e+02    4.0704386271e-12    3.8461391682e-03
    3.2800007713e+02    4.0705783495e-12    3.8461431911e-03
    3.2900018507e+02    4.0753318209e-12    3.8461472157e-03
    3.3000001783e+02    4.0736464198e-12    3.8461512412e-03
    3.3100012977e+02    4.0755617806e-12    3.8461552745e-03
    3.3200024354e+02    4.0772064294e-12    3.8461593233e-03
    3.3300008184e+02    4.0725461062e-12    3.8461633940e-03
    3.3400019927e+02    4.0702435980e-12    3.8461674899e-03
    3.3500004144e+02    4.0755646915e-12    3.8461716023e-03
    3.3600016309e+02    4.0718911576e-12    3.8461757227e-03
    3.3700000993e+02    4.0766388072e-12    3.8461798377e-03
    3.3800013675e+02    4.0751542571e-12    3.8461839423e-03
    3.3900026659e+02    4.0728546597e-12    3.8461880332e-03
    3.4000012242e+02    4.0709247445e-12    3.8461921122e-03
    3.4100025903e+02    4.0731719460e-12    3.8461961872e-03
    3.4200012204e+02    4.0691694823e-12    3.8462002629e-03
    3.4300026608e+02    4.0665787967e-12    3.8462043469e-03
    3.4400013666e+02    4.0687939784e-12    3.8462084400e-03
    3.4500001064e+02    4.0649283262e-12    3.8462125436e-03
    3.4600016440e+02    4.0686571669e-12    3.8462166579e-03
    3.4700004360e+02    4.0698477179e-12    3.8462207810e-03
    3.4800020310e+02    4.0744556452e-12    3.8462249198e-03
    3.4900008863e+02    4.0683719004e-12    3.8462290789e-03
    3.5000025496e+02    4.0699059356e-12    3.8462332649e-03
    3.5100014770e+02    4.0755734242e-12    3.8462374741e-03
    3.5200004401e+02    4.0747787532e-12    3.8462417007e-03
    3.5300022003e+02    4.0710208037e-12    3.8462459355e-03
    3.5400012084e+02    4.0695944711e-12    3.8462501662e-03
    3.5500002357e+02    4.0658598086e-12    3.8462543875e-03
    3.5600020542e+02    4.0632516578e-12    3.8462586001e-03
    3.5700011181e+02    4.0643548823e-12    3.8462628070e-03
    3.5800002008e+02    4.0664157872e-12    3.8462670182e-03
    3.5900020764e+02    4.0651088009e-12    3.8462712436e-03
    3.6000012010e+02    4.0639852002e-12    3.8462754867e-03
    3.6100003493e+02    4.0653242062e-12    3.8462797504e-03
    3.6200022967e+02    4.0643694367e-12    3.8462840339e-03
    3.6300014994e+02    4.0575725256e-12    3.8462883307e-03
    3.6400007320e+02    4.0573338333e-12    3.8462926371e-03
    3.6500027687e+02    4.0592666594e-12    3.8462969476e-03
    3.6600020642e+02    4.0571999327e-12    3.8463012539e-03
    3.6700013916e+02    4.0600147562e-12    3.8463055531e-03
    3.6800007505e+02    4.0595606585e-12    3.8463098419e-03
    3.6900001402e+02    4.0555494622e-12    3.8463141179e-03
    3.7000023331e+02    4.0541173079e-12    3.8463183826e-03
    3.7100017819e+02    4.0579305642e-12    3.8463226379e-03
    3.7200012586e+02    4.0566002908e-12    3.8463268938e-03
    3.7300007625e+02    4.0558580157e-12    3.8463311609e-03
    3.7400002932e+02    4.0560850646e-12    3.8463354492e-03
    3.7500026233e+02    4.0598109944e-12    3.8463397671e-03
    3.7600022068e+02    4.0562189652e-12    3.8463441136e-03
    3.7700018172e+02    4.0543647329e-12    3.8463484857e-03
    3.7800014551e+02    4.0538495067e-12    3.8463528746e-03
    3.7900011221e+02    4.0513839890e-12    3.8463572703e-03
    3.8000008191e+02    4.0519516112e-12    3.8463616651e-03
    3.8100005470e+02    4.0541347732e-12    3.8463660576e-03
    3.8200003063e+02    4.0533139043e-12    3.8463704534e-03
    3.8300000966e+02    4.0546703756e-12    3.8463748578e-03
    3.8400026902e+02    4.0597236679e-12    3.8463792738e-03
    3.8500025393e+02    4.0627684512e-12    3.8463836999e-03
    3.8600024149e+02    4.0576307433e-12    3.8463881394e-03
    3.8700023148e+02    4.0598168162e-12    3.8463925922e-03
    3.8800022366e+02    4.0542861391e-12    3.8463970553e-03
    3.8900021784e+02    4.0514480285e-12    3.8464015257e-03
    3.9000021383e+02    4.0487991252e-12    3.8464060032e-03
    3.9100021151e+02    4.0446831371e-12    3.8464104900e-03
    3.9200021086e+02    4.0420575209e-12    3.8464149888e-03
    3.9300021188e+02    4.0436876152e-12    3.8464195007e-03
    3.9400021472e+02    4.0416063341e-12    3.8464240253e-03
    3.9500021949e+02    4.0437749417e-12    3.8464285605e-03
    3.9600022642e+02    4.0479375039e-12    3.8464331003e-03
    3.9700023575e+02    4.0464180232e-12    3.8464376373e-03
    3.9800024775e+02    4.0500857354e-12    3.8464421663e-03
    3.9900026271e+02    4.0492270250e-12    3.8464466838e-03
    4.0000000353e+02    4.0466916462e-12    3.8464511882e-03
    4.0100002506e+02    4.0459872125e-12    3.8464556873e-03
    4.0200005008e+02    4.0478094251e-12    3.8464601893e-03
    4.0300007869e+02    4.0431403693e-12    3.8464647038e-03
    4.0400011070e+02    4.0433586855e-12    3.8464692356e-03
    4.0500014505e+02    4.0470089324e-12    3.8464737840e-03
    4.0600018181e+02    4.0478472666e-12    3.8464783452e-03
    4.0700022129e+02    4.0490116197e-12    3.8464829153e-03
    4.0800026375e+02    4.0442639700e-12    3.8464874916e-03
    4.0900003210e+02    4.0392630735e-12    3.8464920726e-03
    4.1000008120e+02    4.0390272920e-12    3.8464966631e-03
    4.1100013376e+02    4.0435711799e-12    3.8465012653e-03
    4.1200018869e+02    4.0397521018e-12    3.8465058828e-03
    4.1300024548e+02    4.0366752988e-12    3.8465105179e-03
    4.1400002662e+02    4.0296920913e-12    3.8465151694e-03
    4.1500008668e+02    4.0364569826e-12    3.8465198385e-03
    4.1600014830e+02    4.0366752988e-12    3.8465245221e-03
    4.1700021154e+02    4.0379473546e-12    3.8465292198e-03
    4.1800027651e+02    4.0389981832e-12    3.8465339324e-03
    4.1900006606e+02    4.0361164094e-12    3.8465386606e-03
    4.2000013502e+02    4.0372924060e-12    3.8465434062e-03
    4.2100020629e+02    4.0347803142e-12    3.8465481639e-03
    4.2200000283e+02    4.0342418009e-12    3.8465529243e-03
    4.2300007949e+02    4.0310834932e-12    3.8465576775e-03
    4.2400015910e+02    4.0354410846e-12    3.8465624167e-03
    4.2500024176e+02    4.0352897187e-12    3.8465671465e-03
    4.2600005017e+02    4.0339361582e-12    3.8465718734e-03
    4.2700013902e+02    4.0345532653e-12    3.8465766078e-03
    4.2800023090e+02    4.0394610136e-12    3.8465813544e-03
    4.2900004840e+02    4.0392747171e-12    3.8465861150e-03
    4.3000014609e+02    4.0389457873e-12    3.8465908913e-03
    4.3100024653e+02    4.0445055733e-12    3.8465956763e-03
    4.3200007225e+02    4.0473436839e-12    3.8466004603e-03
    4.3300017785e+02    4.0460890934e-12    3.8466052386e-03
    4.3400000857e+02    4.0481354440e-12    3.8466100058e-03
    4.3500011908e+02    4.0445405038e-12    3.8466147679e-03
    4.3600023204e+02    4.0484934825e-12    3.8466195323e-03
    4.3700007016e+02    4.0466770917e-12    3.8466243073e-03
    4.3800018818e+02    4.0454952734e-12    3.8466291053e-03
    4.3900003152e+02    4.0453060660e-12    3.8466339334e-03
    4.4000015502e+02    4.0415801362e-12    3.8466387899e-03
    4.4100000399e+02    4.0418217394e-12    3.8466436591e-03
    4.4200013319e+02    4.0460279649e-12    3.8466485361e-03
    4.4300026526e+02    4.0477191877e-12    3.8466534175e-03
    4.4400012271e+02    4.0483799581e-12    3.8466582958e-03
    4.4500026010e+02    4.0457776290e-12    3.8466631743e-03
    4.4600012254e+02    4.0455796890e-12    3.8466680613e-03
    4.4700026453e+02    4.0454021251e-12    3.8466729704e-03
    4.4800013118e+02    4.0447471765e-12    3.8466778977e-03
    4.4900027703e+02    4.0484905717e-12    3.8466828377e-03
    4.5000014723e+02    4.0466945570e-12    3.8466877801e-03
    4.5100001909e+02    4.0474106342e-12    3.8466927203e-03
    4.5200016996e+02    4.0472126942e-12    3.8466976548e-03
    4.5300004521e+02    4.0450993933e-12    3.8467025779e-03
    4.5400019969e+02    4.0443571182e-12    3.8467074958e-03
    4.5500007884e+02    4.0423195004e-12    3.8467124160e-03
    4.5600023763e+02    4.0466101414e-12    3.8467173546e-03
    4.5700012156e+02    4.0473640601e-12    3.8467223178e-03
    4.5800000825e+02    4.0468139032e-12    3.8467273098e-03
    4.5900017535e+02    4.0474921389e-12    3.8467323292e-03
    4.6000006834e+02    4.0460803608e-12    3.8467373637e-03
    4.6100024209e+02    4.0463598055e-12    3.8467423999e-03
    4.6200014198e+02    4.0474688518e-12    3.8467474200e-03
    4.6300004536e+02    4.0407505346e-12    3.8467524165e-03
    4.6400022860e+02    4.0411143949e-12    3.8467573905e-03
    4.6500013676e+02    4.0396735080e-12    3.8467623490e-03
    4.6600004748e+02    4.0335228129e-12    3.8467673087e-03
    4.6700023840e+02    4.0377115731e-12    3.8467722853e-03
    4.6800015502e+02    4.0321197674e-12    3.8467772860e-03
    4.6900007492e+02    4.0304576534e-12    3.8467823167e-03
    4.7000027562e+02    4.0270024357e-12    3.8467873783e-03
    4.7100020159e+02    4.0298580116e-12    3.8467924634e-03
    4.7200012937e+02    4.0340613262e-12    3.8467975669e-03
    4.7300005878e+02    4.0354090649e-12    3.8468026817e-03
    4.7400026708e+02    4.0347075421e-12    3.8468078044e-03
    4.7500019947e+02    4.0276894040e-12    3.8468129290e-03
    4.7600013337e+02    4.0311271564e-12    3.8468180561e-03
    4.7700006888e+02    4.0284607879e-12    3.8468231855e-03
    4.7800000616e+02    4.0335111693e-12    3.8468283182e-03
    4.7900022282e+02    4.0365646853e-12    3.8468334565e-03
    4.8000016432e+02    4.0364948241e-12    3.8468385976e-03
    4.8100010829e+02    4.0376388010e-12    3.8468437427e-03
    4.8200005495e+02    4.0355225893e-12    3.8468488911e-03
    4.8300000450e+02    4.0346405918e-12    3.8468540416e-03
    4.8400023444e+02    4.0434518337e-12    3.8468591949e-03
    4.8500019008e+02    4.0429220531e-12    3.8468643489e-03
    4.8600014882e+02    4.0379328001e-12    3.8468695071e-03
    4.8700011061e+02    4.0342679988e-12    3.8468746728e-03
    4.8800007539e+02    4.0347919577e-12    3.8468798495e-03
    4.8900004304e+02    4.0359272020e-12    3.8468850396e-03
    4.9000001331e+02    4.0376504445e-12    3.8468902438e-03
    4.9100026366e+02    4.0321808960e-12    3.8468954624e-03
    4.9200023922e+02    4.0312406809e-12    3.8469006887e-03
    4.9300021719e+02    4.0285452035e-12    3.8469059187e-03
    4.9400019751e+02    4.0296222301e-12    3.8469111475e-03
    4.9500018015e+02    4.0299686251e-12    3.8469163718e-03
    4.9600016513e+02    4.0350131848e-12    3.8469215903e-03
    4.9700015247e+02    4.0292729242e-12    3.8469268043e-03
    4.9800014228e+02    4.0311038694e-12    3.8469320187e-03
    4.9900013464e+02    4.0308302464e-12    3.8469372396e-03
    5.0000012964e+02    4.0306352173e-12    3.8469424736e-03
    5.0100012733e+02    4.0315259474e-12    3.8469477249e-03
    5.0200012771e+02    4.0283036002e-12    3.8469529959e-03
    5.0300013073e+02    4.0281376799e-12    3.8469582871e-03
    5.0400013628e+02    4.0279164528e-12    3.8469635977e-03
    5.0500014422e+02    4.0240071374e-12    3.8469689259e-03
    5.0600015439e+02    4.0245543833e-12    3.8469742689e-03
    5.0700016659e+02    4.0283443526e-12    3.8469796226e-03
    5.0800018070e+02    4.0353333819e-12    3.8469849820e-03
    5.0900019657e+02    4.0392194103e-12    3.8469903419e-03
    5.1000021414e+02    4.0402207539e-12    3.8469956984e-03
    5.1100023338e+02    4.0417838979e-12    3.8470010492e-03
    5.1200025432e+02    4.0385440855e-12    3.8470063927e-03
    5.1300027704e+02    4.0426018560e-12    3.8470117286e-03
    5.1400002431e+02    4.0404652681e-12    3.8470170585e-03
    5.1500005111e+02    4.0403517437e-12    3.8470223912e-03
    5.1600008026e+02    4.0419207094e-12    3.8470277289e-03
    5.1700011199e+02    4.0435100514e-12    3.8470330725e-03
    5.1800014657e+02    4.0436585064e-12    3.8470384220e-03
    5.1900018421e+02    4.0424563118e-12    3.8470437795e-03
    5.2000022509e+02    4.0422234412e-12    3.8470491491e-03
    5.2100026934e+02    4.0422321739e-12    3.8470545353e-03
    5.2200003961e+02    4.0407447128e-12    3.8470599386e-03
    5.2300009013e+02    4.0448112159e-12    3.8470653604e-03
    5.2400014279e+02    4.0473698818e-12    3.8470707942e-03
    5.2500019781e+02    4.0478152469e-12    3.8470762332e-03
    5.2600025544e+02    4.0450149777e-12    3.8470816700e-03
    5.2700003851e+02    4.0458620446e-12    3.8470871011e-03
    5.2800010208e+02    4.0495850635e-12    3.8470925230e-03
    5.2900016892e+02    4.0491571638e-12    3.8470979307e-03
    5.3000023879e+02    4.0455156495e-12    3.8471033329e-03
    5.3100003310e+02    4.0438855552e-12    3.8471087435e-03
    5.3200010637e+02    4.0461531329e-12    3.8471141743e-03
    5.3300018104e+02    4.0452129177e-12    3.8471196265e-03
    5.3400025707e+02    4.0455360257e-12    3.8471251070e-03
    5.3500005705e+02    4.0477250095e-12    3.8471306153e-03
    5.3600013591e+02    4.0427328457e-12    3.8471361450e-03
    5.3700021639e+02    4.0405467728e-12    3.8471416797e-03
    5.3800002130e+02    4.0437225458e-12    3.8471472046e-03
    5.3900010570e+02    4.0431199931e-12    3.8471527149e-03
    5.4000019243e+02    4.0478094251e-12    3.8471582074e-03
    5.4100000431e+02    4.0471224568e-12    3.8471636846e-03
    5.4200009638e+02    4.0483916016e-12    3.8471691582e-03
    5.4300019139e+02    4.0392688953e-12    3.8471746370e-03
    5.4400001202e+02    4.0407097822e-12    3.8471801281e-03
    5.4500011314e+02    4.0408902570e-12    3.8471856388e-03
    5.4600021733e+02    4.0400839425e-12    3.8471911662e-03
    5.4700004709e+02    4.0405467728e-12    3.8471967033e-03
    5.4800015686e+02    4.0475328913e-12    3.8472022456e-03
    5.4900026893e+02    4.0444473556e-12    3.8472077864e-03
    5.5000010614e+02    4.0437778526e-12    3.8472133232e-03
    5.5100022355e+02    4.0426047669e-12    3.8472188628e-03
    5.5200006640e+02    4.0465693891e-12    3.8472244085e-03
    5.5300018904e+02    4.0470322194e-12    3.8472299698e-03
    5.5400003644e+02    4.0469216059e-12    3.8472355473e-03
    5.5500016342e+02    4.0451255913e-12    3.8472411435e-03
    5.5600001511e+02    4.0420371447e-12    3.8472467504e-03
    5.5700014643e+02    4.0387536691e-12    3.8472523631e-03
    5.5800000259e+02    4.0355633416e-12    3.8472579708e-03
    5.5900013856e+02    4.0354061540e-12    3.8472635714e-03
    5.6000027698e+02    4.0406864952e-12    3.8472691628e-03
    5.6100014049e+02    4.0407650890e-12    3.8472747478e-03
    5.6200000651e+02    4.0389166785e-12    3.8472803357e-03
    5.6300015243e+02    4.0361076767e-12    3.8472859375e-03
    5.6400002328e+02    4.0422903915e-12    3.8472915575e-03
    5.6500017376e+02    4.0405496837e-12    3.8472972019e-03
    5.6600004888e+02    4.0410299793e-12    3.8473028657e-03
    5.6700020339e+02    4.0444531774e-12    3.8473085455e-03
    5.6800008228e+02    4.0466625373e-12    3.8473142298e-03
    5.6900024034e+02    4.0490989461e-12    3.8473199139e-03
    5.7000012264e+02    4.0493929453e-12    3.8473255888e-03
    5.7100000661e+02    4.0491455203e-12    3.8473312535e-03
    5.7200016973e+02    4.0458591337e-12    3.8473369112e-03
    5.7300005724e+02    4.0475416239e-12    3.8473425624e-03
    5.7400022416e+02    4.0511365640e-12    3.8473482139e-03
    5.7500011579e+02    4.0554999772e-12    3.8473538653e-03
    5.7600000978e+02    4.0582245634e-12    3.8473595204e-03
    5.7700018380e+02    4.0558609266e-12    3.8473651824e-03
    5.7800008320e+02    4.0495355785e-12    3.8473708499e-03
    5.7900026305e+02    4.0471806744e-12    3.8473765276e-03
    5.8000016865e+02    4.0430734190e-12    3.8473822141e-03
    5.8100007753e+02    4.0396705971e-12    3.8473879126e-03
    5.8200026697e+02    4.0387740452e-12    3.8473936258e-03
    5.8300018113e+02    4.0431258149e-12    3.8473993510e-03
    5.8400009746e+02    4.0454545210e-12    3.8474050891e-03
    5.8500001619e+02    4.0480131869e-12    3.8474108389e-03
    5.8600021483e+02    4.0493754800e-12    3.8474165877e-03
    5.8700013888e+02    4.0536719428e-12    3.8474223387e-03
    5.8800006597e+02    4.0514684046e-12    3.8474281002e-03
    5.8900027364e+02    4.0493347276e-12    3.8474338667e-03
    5.9000020594e+02    4.0494045888e-12    3.8474396282e-03
    5.9100013972e+02    4.0481674637e-12    3.8474453855e-03
    5.9200007482e+02    4.0462026179e-12    3.8474511427e-03
    5.9300001117e+02    4.0476464157e-12    3.8474569046e-03
    5.9400022622e+02    4.0497946471e-12    3.8474626768e-03
    5.9500016514e+02    4.0500740918e-12    3.8474684578e-03
    5.9600010552e+02    4.0537621802e-12    3.8474742483e-03
    5.9700004757e+02    4.0523591347e-12    3.8474800452e-03
    5.9800026896e+02    4.0558318178e-12    3.8474858460e-03
    5.9900021505e+02    4.0535904381e-12    3.8474916433e-03
    6.0000016355e+02    4.0534216069e-12    3.8474974365e-03
    6.0100011468e+02    4.0554766901e-12    3.8475032291e-03
    6.0200006869e+02    4.0542395650e-12    3.8475090292e-03
    6.0300002564e+02    4.0591094717e-12    3.8475148391e-03
    6.0400026308e+02    4.0586815719e-12    3.8475206545e-03
    6.0500022609e+02    4.0599681821e-12    3.8475264707e-03
    6.0600019208e+02    4.0614061581e-12    3.8475322879e-03
    6.0700016036e+02    4.0639328043e-12    3.8475381079e-03
    6.0800013078e+02    4.0603786165e-12    3.8475439313e-03
    6.0900010361e+02    4.0520243832e-12    3.8475497581e-03
    6.1000007908e+02    4.0515964835e-12    3.8475555901e-03
    6.1100005738e+02    4.0484993043e-12    3.8475614299e-03
    6.1200003860e+02    4.0526269360e-12    3.8475672797e-03
    6.1300002210e+02    4.0499751218e-12    3.8475731409e-03
    6.1400000762e+02    4.0498790627e-12    3.8475790138e-03
    6.1500027259e+02    4.0546791082e-12    3.8475848993e-03
    6.1600026210e+02    4.0588795120e-12    3.8475907924e-03
    6.1700025366e+02    4.0572727047e-12    3.8475966924e-03
    6.1800024735e+02    4.0572406850e-12    3.8476025976e-03
    6.1900024328e+02    4.0650680486e-12    3.8476085072e-03
    6.2000024151e+02    4.0655803639e-12    3.8476144216e-03
    6.2100024211e+02    4.0645178917e-12    3.8476203411e-03
    6.2200024508e+02    4.0714341490e-12    3.8476262655e-03
    6.2300025038e+02    4.0737686769e-12    3.8476321939e-03
    6.2400025792e+02    4.0756869486e-12    3.8476381241e-03
    6.2500026759e+02    4.0744410908e-12    3.8476440534e-03
    6.2600000181e+02    4.0712915157e-12    3.8476499779e-03
    6.2700001540e+02    4.0734543016e-12    3.8476558995e-03
    6.2800003078e+02    4.0674986356e-12    3.8476618165e-03
    6.2900004788e+02    4.0667243408e-12    3.8476677303e-03
    6.3000006665e+02    4.0692393434e-12    3.8476736437e-03
    6.3100008712e+02    4.0769648261e-12    3.8476795600e-03
    6.3200010934e+02    4.0681070101e-12    3.8476854819e-03
    6.3300013340e+02    4.0677256844e-12    3.8476914110e-03
    6.3400015946e+02    4.0694169073e-12    3.8476973475e-03
    6.3500018769e+02    4.0654988592e-12    3.8477032899e-03
    6.3600021831e+02    4.0700223709e-12    3.8477092353e-03
    6.3700025151e+02    4.0637697949e-12    3.8477151809e-03
    6.3800001003e+02    4.0641918729e-12    3.8477211229e-03
    6.3900004900e+02    4.0652572559e-12    3.8477270647e-03
    6.4000009111e+02    4.0652456124e-12    3.8477330070e-03
    6.4100013640e+02    4.0713992184e-12    3.8477389527e-03
    6.4200018426e+02    4.0783620498e-12    3.8477449054e-03
    6.4300023414e+02    4.0749184756e-12    3.8477508678e-03
    6.4400000872e+02    4.0708170419e-12    3.8477568412e-03
    6.4500006317e+02    4.0703367462e-12    3.8477628312e-03
    6.4600012024e+02    4.0609083972e-12    3.8477688372e-03
    6.4700018010e+02    4.0630187871e-12    3.8477748572e-03
    6.4800024296e+02    4.0650214744e-12    3.8477808866e-03
    6.4900003094e+02    4.0644160108e-12    3.8477869181e-03
    6.5000009789e+02    4.0647827821e-12    3.8477929504e-03
    6.5100016613e+02    4.0658860066e-12    3.8477989790e-03
    6.5200023555e+02    4.0652980083e-12    3.8478050039e-03
    6.5300002865e+02    4.0742693487e-12    3.8478110256e-03
    6.5400010044e+02    4.0731486589e-12    3.8478170505e-03
    6.5500017357e+02    4.0742926358e-12    3.8478230794e-03
    6.5600024822e+02    4.0756258201e-12    3.8478291140e-03
    6.5700004713e+02    4.0688900375e-12    3.8478351522e-03
    6.5800012552e+02    4.0664943811e-12    3.8478411945e-03
    6.5900020617e+02    4.0655279680e-12    3.8478472349e-03
    6.6000001184e+02    4.0711517934e-12    3.8478532687e-03
    6.6100009772e+02    4.0715651387e-12    3.8478592982e-03
    6.6200018648e+02    4.0734950539e-12    3.8478653235e-03
    6.6300000071e+02    4.0770579743e-12    3.8478713470e-03
    6.6400009545e+02    4.0764525107e-12    3.8478773770e-03
    6.6500019314e+02    4.0784610198e-12    3.8478834160e-03
    6.6600001547e+02    4.0728983230e-12    3.8478894641e-03
    6.6700011727e+02    4.0745895458e-12    3.8478955235e-03
    6.6800022130e+02    4.0767552425e-12    3.8479015894e-03
    6.6900005031e+02    4.0793517499e-12    3.8479076568e-03
    6.7000015952e+02    4.0740859631e-12    3.8479137276e-03
    6.7100027159e+02    4.0713671987e-12    3.8479197991e-03
    6.7200010904e+02    4.0775644679e-12    3.8479258701e-03
    6.7300022614e+02    4.0734804995e-12    3.8479319463e-03
    6.7400006760e+02    4.0730496889e-12    3.8479380292e-03
    6.7500018839e+02    4.0716175346e-12    3.8479441277e-03
    6.7600003352e+02    4.0744905758e-12    3.8479502420e-03
    6.7700015806e+02    4.0744643779e-12    3.8479563752e-03
    6.7800000709e+02    4.0751775441e-12    3.8479625205e-03
    6.7900013572e+02    4.0797214320e-12    3.8479686762e-03
    6.8000026654e+02    4.0817095649e-12    3.8479748335e-03
    6.8100012209e+02    4.0826934432e-12    3.8479809845e-03
    6.8200025741e+02    4.0818609308e-12    3.8479871285e-03
    6.8300011748e+02    4.0767552425e-12    3.8479932618e-03
    6.8400025725e+02    4.0768862323e-12    3.8479993902e-03
    6.8500012161e+02    4.0732738269e-12    3.8480055146e-03
    6.8600026546e+02    4.0797883823e-12    3.8480116433e-03
    6.8700013371e+02    4.0836249257e-12    3.8480177766e-03
    6.8800000377e+02    4.0797563626e-12    3.8480239181e-03
    6.8900015311e+02    4.0805044594e-12    3.8480300688e-03
    6.9000002666e+02    4.0776226856e-12    3.8480362227e-03
    6.9100017947e+02    4.0807373301e-12    3.8480423791e-03
    6.9200005657e+02    4.0843264484e-12    3.8480485309e-03
    6.9300021309e+02    4.0856334347e-12    3.8480546796e-03
    6.9400009412e+02    4.0863436901e-12    3.8480608230e-03
    6.9500025487e+02    4.0829990859e-12    3.8480669680e-03
    6.9600014049e+02    4.0910505874e-12    3.8480731152e-03
    6.9700002869e+02    4.0944039243e-12    3.8480792682e-03
    6.9800019716e+02    4.0961417212e-12    3.8480854284e-03
    6.9900009106e+02    4.1015122998e-12    3.8480915908e-03
    7.0000026553e+02    4.1032064335e-12    3.8480977570e-03
    7.0100016545e+02    4.1030667112e-12    3.8481039226e-03
    7.0200006749e+02    4.1057912973e-12    3.8481100900e-03
    7.0300024909e+02    4.1058728021e-12    3.8481162639e-03
    7.0400015538e+02    4.1065801466e-12    3.8481224459e-03
    7.0500006405e+02    4.1107834612e-12    3.8481286417e-03
    7.0600025281e+02    4.1109755794e-12    3.8481348544e-03
    7.0700016682e+02    4.1078725785e-12    3.8481410792e-03
    7.0800008373e+02    4.1038235407e-12    3.8481473087e-03
    7.0900000252e+02    4.1040593221e-12    3.8481535328e-03
    7.1000020011e+02    4.1030958200e-12    3.8481597587e-03
    7.1100012132e+02    4.1059513959e-12    3.8481659802e-03
    7.1200004363e+02    4.1060212571e-12    3.8481721904e-03
    7.1300024459e+02    4.1076397079e-12    3.8481783896e-03
    7.1400016924e+02    4.1137933139e-12    3.8481845814e-03
    7.1500009526e+02    4.1142852530e-12    3.8481907757e-03
    7.1600002289e+02    4.1122214372e-12    3.8481969778e-03
    7.1700022990e+02    4.1167449489e-12    3.8482031902e-03
    7.1800016149e+02    4.1103060764e-12    3.8482094078e-03
    7.1900009545e+02    4.1146462025e-12    3.8482156293e-03
    7.2000003203e+02    4.1130219299e-12    3.8482218546e-03
    7.2100024891e+02    4.1146607569e-12    3.8482280772e-03
    7.2200019117e+02    4.1087283780e-12    3.8482342916e-03
    7.2300013643e+02    4.1067955519e-12    3.8482404989e-03
    7.2400008467e+02    4.1046909837e-12    3.8482467019e-03
    7.2500003506e+02    4.1028775038e-12    3.8482529079e-03
    7.2600026482e+02    4.1032762947e-12    3.8482591226e-03
    7.2700021916e+02    4.1043533213e-12    3.8482653430e-03
    7.2800017587e+02    4.1103002546e-12    3.8482715690e-03
    7.2900013520e+02    4.1093833266e-12    3.8482777991e-03
    7.3000009733e+02    4.1090369315e-12    3.8482840326e-03
    7.3100006238e+02    4.1063327215e-12    3.8482902707e-03
    7.3200003032e+02    4.1144861039e-12    3.8482965159e-03
    7.3300000026e+02    4.1152982402e-12    3.8483027715e-03
    7.3400024946e+02    4.1184361717e-12    3.8483090414e-03
    7.3500022284e+02    4.1159706541e-12    3.8483153223e-03
    7.3600019794e+02    4.1148237663e-12    3.8483216139e-03
    7.3700017482e+02    4.1161220200e-12    3.8483279131e-03
    7.3800015360e+02    4.1222348736e-12    3.8483342160e-03
    7.3900013438e+02    4.1228403372e-12    3.8483405192e-03
    7.4000011726e+02    4.1287465182e-12    3.8483468193e-03
    7.4100010232e+02    4.1286708353e-12    3.8483531142e-03
    7.4200008958e+02    4.1239814033e-12    3.8483594030e-03
    7.4300007905e+02    4.1283855688e-12    3.8483656861e-03
    7.4400007067e+02    4.1342684627e-12    3.8483719651e-03
    7.4500006438e+02    4.1363439220e-12    3.8483782420e-03
    7.4600006008e+02    4.1395633583e-12    3.8483845185e-03
    7.4700005772e+02    4.1436153070e-12    3.8483907963e-03
    7.4800005722e+02    4.1484095308e-12    3.8483970762e-03
    7.4900005854e+02    4.1473150389e-12    3.8484033592e-03
    7.5000006178e+02    4.1506159798e-12    3.8484096460e-03
    7.5100006685e+02    4.1524964101e-12    3.8484159352e-03
    7.5200007375e+02    4.1548163836e-12    3.8484222235e-03
    7.5300008255e+02    4.1608331781e-12    3.8484285143e-03
    7.5400009339e+02    4.1596047856e-12    3.8484348092e-03
    7.5500010642e+02    4.1617413735e-12    3.8484411072e-03
    7.5600012181e+02    4.1652984721e-12    3.8484474061e-03
    7.5700013974e+02    4.1680754542e-12    3.8484537048e-03
    7.5800016040e+02    4.1716005331e-12    3.8484600027e-03
    7.5900018395e+02    4.1691874114e-12    3.8484662996e-03
    7.6000021047e+02    4.1693067576e-12    3.8484725951e-03
    7.6100023971e+02    4.1723282538e-12    3.8484788895e-03
    7.6200027093e+02    4.1728813215e-12    3.8484851848e-03
    7.6300002665e+02    4.1733790825e-12    3.8484914828e-03
    7.6400006212e+02    4.1752158494e-12    3.8484977914e-03
    7.6500009997e+02    4.1761182231e-12    3.8485041124e-03
    7.6600014037e+02    4.1782053260e-12    3.8485104464e-03
    7.6700018349e+02    4.1846616638e-12    3.8485167919e-03
    7.6800022913e+02    4.1817769790e-12    3.8485231454e-03
    7.6900027618e+02    4.1824901453e-12    3.8485295025e-03
    7.7000004683e+02    4.1857881754e-12    3.8485358573e-03
    7.7100009610e+02    4.1896276296e-12    3.8485422104e-03
    7.7200014642e+02    4.1924453641e-12    3.8485485584e-03
    7.7300019786e+02    4.1968786384e-12    3.8485549011e-03
    7.7400025056e+02    4.1980226153e-12    3.8485612404e-03
    7.7500002716e+02    4.2058121374e-12    3.8485675767e-03
    7.7600008299e+02    4.2037832521e-12    3.8485739157e-03
    7.7700014077e+02    4.2049155855e-12    3.8485802561e-03
    7.7800020077e+02    4.2106529353e-12    3.8485865974e-03
    7.7900026323e+02    4.2116106157e-12    3.8485929377e-03
    7.8000005081e+02    4.2106354700e-12    3.8485992724e-03
    7.8100011880e+02    4.2105248564e-12    3.8486056034e-03
    7.8200018972e+02    4.2097476507e-12    3.8486119299e-03
    7.8300026361e+02    4.2074276772e-12    3.8486182564e-03
    7.8400006236e+02    4.2081583088e-12    3.8486245872e-03
    7.8500014034e+02    4.2055676232e-12    3.8486309311e-03
    7.8600022024e+02    4.2044905966e-12    3.8486372877e-03
    7.8700002477e+02    4.2074858949e-12    3.8486436528e-03
    7.8800010931e+02    4.2076023302e-12    3.8486500239e-03
    7.8900019652e+02    4.2127254837e-12    3.8486563925e-03
    7.9000000898e+02    4.2155927032e-12    3.8486627518e-03
    7.9100010203e+02    4.2180815079e-12    3.8486691045e-03
    7.9200019784e+02    4.2201424128e-12    3.8486754518e-03
    7.9300001786e+02    4.2159099894e-12    3.8486817982e-03
    7.9400011706e+02    4.2164164830e-12    3.8486881549e-03
    7.9500021783e+02    4.2175808361e-12    3.8486945261e-03
    7.9600004264e+02    4.2208031832e-12    3.8487009115e-03
    7.9700014669e+02    4.2282783299e-12    3.8487073114e-03
    7.9800025254e+02    4.2292767627e-12    3.8487137185e-03
    7.9900008272e+02    4.2259379803e-12    3.8487201265e-03
    8.0000019250e+02    4.2301704037e-12    3.8487265368e-03
    8.0100002684e+02    4.2363414750e-12    3.8487329460e-03
    8.0200014094e+02    4.2448820048e-12    3.8487393583e-03
    8.0300025725e+02    4.2427541495e-12    3.8487457719e-03
    8.0400009815e+02    4.2397326533e-12    3.8487521849e-03
    8.0500021874e+02    4.2410658376e-12    3.8487585992e-03
    8.0600006381e+02    4.2470069491e-12    3.8487650078e-03
    8.0700018844e+02    4.2432693758e-12    3.8487714105e-03
    8.0800003742e+02    4.2449984401e-12    3.8487778023e-03
    8.0900016585e+02    4.2434323852e-12    3.8487841893e-03
    8.1000001851e+02    4.2405738984e-12    3.8487905717e-03
    8.1100015059e+02    4.2408649867e-12    3.8487969565e-03
    8.1200000697e+02    4.2423378933e-12    3.8488033426e-03
    8.1300014287e+02    4.2420497159e-12    3.8488097348e-03
    8.1400000323e+02    4.2438544632e-12    3.8488161300e-03
    8.1500014335e+02    4.2365219497e-12    3.8488225307e-03
    8.1600000821e+02    4.2312445194e-12    3.8488289316e-03
    8.1700015316e+02    4.2259874653e-12    3.8488353336e-03
    8.1800002321e+02    4.2314744791e-12    3.8488417313e-03
    8.1900017365e+02    4.2324379813e-12    3.8488481278e-03
    8.2000004940e+02    4.2357854964e-12    3.8488545208e-03
    8.2100020525e+02    4.2435546423e-12    3.8488609163e-03
    8.2200008548e+02    4.2453914093e-12    3.8488673136e-03
    8.2300024535e+02    4.2457494478e-12    3.8488737176e-03
    8.2400012983e+02    4.2539494043e-12    3.8488801255e-03
    8.2500001663e+02    4.2601146539e-12    3.8488865392e-03
    8.2600018351e+02    4.2557017557e-12    3.8488929605e-03
    8.2700007545e+02    4.2548139365e-12    3.8488993848e-03
    8.2800024700e+02    4.2598759615e-12    3.8489058147e-03
    8.2900014219e+02    4.2599894859e-12    3.8489122468e-03
    8.3000003851e+02    4.2553815586e-12    3.8489186843e-03
    8.3100021348e+02    4.2539202955e-12    3.8489251304e-03
    8.3200011195e+02    4.2545752441e-12    3.8489315827e-03
    8.3300001159e+02    4.2535651678e-12    3.8489380432e-03
    8.3400019014e+02    4.2497198918e-12    3.8489445119e-03
    8.3500009264e+02    4.2496820503e-12    3.8489509810e-03
    8.3600027448e+02    4.2501448807e-12    3.8489574474e-03
    8.3700018077e+02    4.2524648542e-12    3.8489639017e-03
    8.3800008936e+02    4.2616690652e-12    3.8489703427e-03
    8.3900000048e+02    4.2607026522e-12    3.8489767701e-03
    8.4000019192e+02    4.2580450163e-12    3.8489831874e-03
    8.4100010861e+02    4.2612149675e-12    3.8489895959e-03
    8.4200002823e+02    4.2651533918e-12    3.8489960038e-03
    8.4300022817e+02    4.2682331057e-12    3.8490024180e-03
    8.4400015217e+02    4.2723840244e-12    3.8490088370e-03
    8.4500007793e+02    4.2747680373e-12    3.8490152624e-03
    8.4600000571e+02    4.2707102669e-12    3.8490216928e-03
    8.4700021339e+02    4.2725877862e-12    3.8490281289e-03
    8.4800014599e+02    4.2744216423e-12    3.8490345654e-03
    8.4900008132e+02    4.2713477502e-12    3.8490410022e-03
    8.5000001951e+02    4.2710450184e-12    3.8490474384e-03
    8.5100023827e+02    4.2665273284e-12    3.8490538754e-03
    8.5200018199e+02    4.2739064161e-12    3.8490603113e-03
    8.5300012732e+02    4.2706811580e-12    3.8490667512e-03
    8.5400007414e+02    4.2653425992e-12    3.8490731987e-03
    8.5500002245e+02    4.2656598854e-12    3.8490796555e-03
    8.5600024988e+02    4.2665913679e-12    3.8490861218e-03
    8.5700020129e+02    4.2648797688e-12    3.8490925906e-03
    8.5800015441e+02    4.2597566153e-12    3.8490990616e-03
    8.5900010940e+02    4.2638056531e-12    3.8491055344e-03
    8.6000006638e+02    4.2686202531e-12    3.8491120101e-03
    8.6100002549e+02    4.2722384803e-12    3.8491184904e-03
    8.6200026440e+02    4.2744944144e-12    3.8491249786e-03
    8.6300022795e+02    4.2778943253e-12    3.8491314708e-03
    8.6400019374e+02    4.2838063281e-12    3.8491379671e-03
    8.6500016173e+02    4.2857886392e-12    3.8491444640e-03
    8.6600013186e+02    4.2848134935e-12    3.8491509580e-03
    8.6700010409e+02    4.2868918637e-12    3.8491574453e-03
    8.6800007833e+02    4.2930687568e-12    3.8491639235e-03
    8.6900005451e+02    4.2918316316e-12    3.8491703913e-03
    8.7000003261e+02    4.2950772658e-12    3.8491768497e-03
    8.7100001260e+02    4.3003808941e-12    3.8491833014e-03
    8.7200027212e+02    4.3044211993e-12    3.8491897522e-03
    8.7300025596e+02    4.3087846124e-12    3.8491962023e-03
    8.7400024184e+02    4.3032248265e-12    3.8492026563e-03
    8.7500022983e+02    4.3058970168e-12    3.8492091157e-03
    8.7600022011e+02    4.3090407701e-12    3.8492155802e-03
    8.7700021284e+02    4.3116023468e-12    3.8492220490e-03
    8.7800020815e+02    4.3117158713e-12    3.8492285210e-03
    8.7900020618e+02    4.3073233493e-12    3.8492349950e-03
    8.8000020699e+02    4.3067557272e-12    3.8492414696e-03
    8.8100021024e+02    4.3075300220e-12    3.8492479440e-03
    8.8200021546e+02    4.3073233493e-12    3.8492544184e-03
    8.8300022271e+02    4.3134332921e-12    3.8492608949e-03
    8.8400023210e+02    4.3100945096e-12    3.8492673766e-03
    8.8500024377e+02    4.3119545637e-12    3.8492738663e-03
    8.8600025788e+02    4.3109241112e-12    3.8492803643e-03
    8.8700027443e+02    4.3105427856e-12    3.8492868681e-03
    8.8800001489e+02    4.3095094222e-12    3.8492933718e-03
    8.8900003417e+02    4.3135031532e-12    3.8492998746e-03
    8.9000005455e+02    4.3203117078e-12    3.8493063725e-03
    8.9100007599e+02    4.3170777172e-12    3.8493128665e-03
    8.9200009854e+02    4.3109852397e-12    3.8493193603e-03
    8.9300012231e+02    4.3113345456e-12    3.8493258590e-03
    8.9400014747e+02    4.3030967476e-12    3.8493323670e-03
    8.9500017425e+02    4.3036701915e-12    3.8493388844e-03
    8.9600020288e+02    4.3080132285e-12    3.8493454055e-03
    8.9700023365e+02    4.2991495907e-12    3.8493519246e-03
    8.9800026679e+02    4.3057485618e-12    3.8493584355e-03
    8.9900002489e+02    4.3045405454e-12    3.8493649316e-03
    9.0000006338e+02    4.3050790587e-12    3.8493714143e-03
    9.0100010475e+02    4.3066887769e-12    3.8493778836e-03
    9.0200014904e+02    4.3097044513e-12    3.8493843450e-03
    9.0300019537e+02    4.3049975540e-12    3.8493908047e-03
    9.0400024327e+02    4.3038739533e-12    3.8493972703e-03
    9.0500001536e+02    4.3002440826e-12    3.8494037450e-03
    9.0600006718e+02    4.2925273326e-12    3.8494102344e-03
    9.0700012136e+02    4.2873314070e-12    3.8494167359e-03
    9.0800017813e+02    4.2858381242e-12    3.8494232482e-03
    9.0900023766e+02    4.2878320788e-12    3.8494297648e-03
    9.1000002244e+02    4.2874682185e-12    3.8494362806e-03
    9.1100008782e+02    4.2916948202e-12    3.8494427972e-03
    9.1200015554e+02    4.2973302890e-12    3.8494493127e-03
    9.1300022471e+02    4.2975573379e-12    3.8494558280e-03
    9.1400001763e+02    4.2958428280e-12    3.8494623429e-03
    9.1500008959e+02    4.3022904331e-12    3.8494688624e-03
    9.1600016298e+02    4.3094279175e-12    3.8494753851e-03
    9.1700023791e+02    4.3058853733e-12    3.8494819106e-03
    9.1800003688e+02    4.3052246029e-12    3.8494884376e-03
    9.1900011531e+02    4.3078414864e-12    3.8494949695e-03
    9.2000019575e+02    4.3132731935e-12    3.8495015025e-03
    9.2100000067e+02    4.3189959889e-12    3.8495080324e-03
    9.2200008548e+02    4.3217060207e-12    3.8495145621e-03
    9.2300017258e+02    4.3136545191e-12    3.8495210906e-03
    9.2400026198e+02    4.3088340974e-12    3.8495276188e-03
    9.2500007602e+02    4.3111977342e-12    3.8495341458e-03
    9.2600016992e+02    4.3154563555e-12    3.8495406750e-03
    9.2700026596e+02    4.3205707764e-12    3.8495472038e-03
    9.2800008643e+02    4.3152642373e-12    3.8495537287e-03
    9.2900018653e+02    4.3073699234e-12    3.8495602516e-03
    9.3000001092e+02    4.3067819251e-12    3.8495667677e-03
    9.3100011488e+02    4.3040573389e-12    3.8495732805e-03
    9.3200022074e+02    4.2989778486e-12    3.8495797887e-03
    9.3300005089e+02    4.2987013148e-12    3.8495862921e-03
    9.3400016071e+02    4.2995134510e-12    3.8495927963e-03
    9.3500027263e+02    4.2976999711e-12    3.8495993024e-03
    9.3600010913e+02    4.3017722960e-12    3.8496058113e-03
    9.3700022566e+02    4.3000199446e-12    3.8496123288e-03
    9.3800006708e+02    4.2955459179e-12    3.8496188519e-03
    9.3900018880e+02    4.2887722939e-12    3.8496253828e-03
    9.4000003555e+02    4.2890459169e-12    3.8496319144e-03
    9.4100016245e+02    4.2921605614e-12    3.8496384463e-03
    9.4200001369e+02    4.2952635623e-12    3.8496449718e-03
    9.4300014462e+02    4.2971090619e-12    3.8496514939e-03
    9.4400000000e+02    4.3011784759e-12    3.8496580114e-03
    9.4500013529e+02    4.3061182439e-12    3.8496645321e-03
    9.4600027295e+02    4.3022438590e-12    3.8496710586e-03
    9.4700013514e+02    4.2988235719e-12    3.8496775923e-03
    9.4800027637e+02    4.2943611887e-12    3.8496841375e-03
    9.4900014117e+02    4.2916628004e-12    3.8496906891e-03
    9.5000000710e+02    4.2840683075e-12    3.8496972449e-03
    9.5100015180e+02    4.2871363779e-12    3.8497038012e-03
    9.5200001999e+02    4.2897008655e-12    3.8497103490e-03
    9.5300016707e+02    4.2941545160e-12    3.8497168889e-03
    9.5400003790e+02    4.2897532614e-12    3.8497234176e-03
    9.5500018804e+02    4.2894796384e-12    3.8497299429e-03
    9.5600006246e+02    4.2894883711e-12    3.8497364667e-03
    9.5700021681e+02    4.2885481560e-12    3.8497429986e-03
    9.5800009604e+02    4.2882832656e-12    3.8497495377e-03
    9.5900025574e+02    4.2895174799e-12    3.8497560860e-03
    9.6000014071e+02    4.2906381697e-12    3.8497626341e-03
    9.6100002868e+02    4.2950306917e-12    3.8497691763e-03
    9.6200019703e+02    4.2873139417e-12    3.8497757082e-03
    9.6300008926e+02    4.2891710849e-12    3.8497822235e-03
    9.6400026075e+02    4.2907138527e-12    3.8497887275e-03
    9.6500015636e+02    4.2902946856e-12    3.8497952223e-03
    9.6600005405e+02    4.2923876102e-12    3.8498017174e-03
    9.6700023177e+02    4.2905799521e-12    3.8498082228e-03
    9.6800013440e+02    4.2884346315e-12    3.8498147408e-03
    9.6900003983e+02    4.2831513795e-12    3.8498212760e-03
    9.7000022587e+02    4.2855353924e-12    3.8498278294e-03
    9.7100013725e+02    4.2836083880e-12    3.8498343930e-03
    9.7200005079e+02    4.2831222706e-12    3.8498409630e-03
    9.7300024348e+02    4.2789422431e-12    3.8498475357e-03
    9.7400015989e+02    4.2786657092e-12    3.8498541042e-03
    9.7500007767e+02    4.2756180151e-12    3.8498606699e-03
    9.7600027455e+02    4.2720725600e-12    3.8498672368e-03
    9.7700019527e+02    4.2663701408e-12    3.8498738058e-03
    9.7800011767e+02    4.2680438983e-12    3.8498803814e-03
    9.7900004191e+02    4.2687454210e-12    3.8498869616e-03
    9.8000024587e+02    4.2721831735e-12    3.8498935447e-03
    9.8100017434e+02    4.2710042660e-12    3.8499001249e-03
    9.8200010512e+02    4.2693392411e-12    3.8499067027e-03
    9.8300003831e+02    4.2749077597e-12    3.8499132779e-03
    9.8400025160e+02    4.2692490038e-12    3.8499198525e-03
    9.8500018961e+02    4.2657792316e-12    3.8499264245e-03
    9.8600012996e+02    4.2626121912e-12    3.8499329980e-03
    9.8700007258e+02    4.2613692443e-12    3.8499395747e-03
    9.8800001738e+02    4.2628596163e-12    3.8499461554e-03
    9.8900024197e+02    4.2626151021e-12    3.8499527410e-03
    9.9000019090e+02    4.2609762752e-12    3.8499593257e-03
    9.9100014178e+02    4.2622017568e-12    3.8499659079e-03
    9.9200009460e+02    4.2617593026e-12    3.8499724838e-03
    9.9300004938e+02    4.2593752897e-12    3.8499790496e-03
    9.9400000614e+02    4.2609908296e-12    3.8499856032e-03
    9.9500024268e+02    4.2581556298e-12    3.8499921466e-03
    9.9600020373e+02    4.2603679007e-12    3.8499986795e-03
    9.9700016711e+02    4.2575268792e-12    3.8500052093e-03
    9.9800013295e+02    4.2586359255e-12    3.8500117427e-03
    9.9900010136e+02    4.2616457782e-12    3.8500182861e-03
    1.0000000724e+03    4.2616690652e-12    3.8500248433e-03
    1.0010000460e+03    4.2577655716e-12    3.8500314147e-03
    1.0020000216e+03    4.2591569735e-12    3.8500379975e-03
    1.0030002770e+03    4.2633748425e-12    3.8500445884e-03
    1.0040002567e+03    4.2618378964e-12    3.8500511777e-03
    1.0050002386e+03    4.2640356129e-12    3.8500577617e-03
    1.0060002227e+03    4.2630342692e-12    3.8500643361e-03
    1.0070002088e+03    4.2652610945e-12    3.8500708995e-03
    1.0080001962e+03    4.2598497636e-12    3.8500774545e-03
    1.0090001848e+03    4.2678052059e-12    3.8500840066e-03
    1.0100001746e+03    4.2686697381e-12    3.8500905619e-03
    1.0110001656e+03    4.2670687526e-12    3.8500971247e-03
    1.0120001578e+03    4.2636601090e-12    3.8501036959e-03
    1.0130001514e+03    4.2645653935e-12    3.8501102727e-03
    1.0140001465e+03    4.2632438528e-12    3.8501168503e-03
    1.0150001433e+03    4.2630051604e-12    3.8501234233e-03
    1.0160001421e+03    4.2592122802e-12    3.8501299885e-03
    1.0170001431e+03    4.2565371791e-12    3.8501365461e-03
    1.0180001466e+03    4.2594393291e-12    3.8501430989e-03
    1.0190001527e+03    4.2599225356e-12    3.8501496511e-03
    1.0200001617e+03    4.2593694679e-12    3.8501562062e-03
    1.0210001735e+03    4.2581818278e-12    3.8501627658e-03
    1.0220001876e+03    4.2573027412e-12    3.8501693290e-03
    1.0230002031e+03    4.2575094139e-12    3.8501758925e-03
    1.0240002203e+03    4.2649176103e-12    3.8501824518e-03
    1.0250002395e+03    4.2656424201e-12    3.8501890036e-03
    1.0260002608e+03    4.2642713944e-12    3.8501955465e-03
    1.0270000068e+03    4.2644693344e-12    3.8502020801e-03
    1.0280000332e+03    4.2658782016e-12    3.8502086116e-03
    1.0290000624e+03    4.2688152822e-12    3.8502151437e-03
    1.0300000945e+03    4.2691209249e-12    3.8502216808e-03
    1.0310001295e+03    4.2656365983e-12    3.8502282259e-03
    1.0320001664e+03    4.2688152822e-12    3.8502347798e-03
    1.0330002047e+03    4.2670076241e-12    3.8502413413e-03
    1.0340002442e+03    4.2720871144e-12    3.8502479078e-03
    1.0350000072e+03    4.2714729181e-12    3.8502544754e-03
    1.0360000493e+03    4.2743517811e-12    3.8502610465e-03
    1.0370000928e+03    4.2758567075e-12    3.8502676188e-03
    1.0380001379e+03    4.2747389285e-12    3.8502741916e-03
    1.0390001848e+03    4.2757228068e-12    3.8502807636e-03
    1.0400002337e+03    4.2787675901e-12    3.8502873330e-03
    1.0410000070e+03    4.2787763228e-12    3.8502938968e-03
    1.0420000603e+03    4.2794865782e-12    3.8503004591e-03
    1.0430001160e+03    4.2756849654e-12    3.8503070188e-03
    1.0440001741e+03    4.2696710817e-12    3.8503135764e-03
    1.0450002345e+03    4.2745177014e-12    3.8503201316e-03
    1.0460000197e+03    4.2782756510e-12    3.8503266829e-03
    1.0470000847e+03    4.2767241505e-12    3.8503332341e-03
    1.0480001516e+03    4.2836811601e-12    3.8503397826e-03
    1.0490002203e+03    4.2841352578e-12    3.8503463293e-03
    1.0500000133e+03    4.2859894901e-12    3.8503528751e-03
    1.0510000863e+03    4.2860127771e-12    3.8503594278e-03
    1.0520001615e+03    4.2807411686e-12    3.8503659887e-03
    1.0530002384e+03    4.2821238379e-12    3.8503725584e-03
    1.0540000396e+03    4.2849706811e-12    3.8503791324e-03
    1.0550001204e+03    4.2796990726e-12    3.8503857087e-03
    1.0560002032e+03    4.2785580066e-12    3.8503922790e-03
    1.0570000105e+03    4.2776643656e-12    3.8503988363e-03
    1.0580000978e+03    4.2876690694e-12    3.8504053817e-03
    1.0590001873e+03    4.2832649039e-12    3.8504119142e-03
    1.0600000014e+03    4.2844932964e-12    3.8504184370e-03
    1.0610000958e+03    4.2840712184e-12    3.8504249613e-03
    1.0620001924e+03    4.2860098663e-12    3.8504314913e-03
    1.0630000131e+03    4.2872906546e-12    3.8504380313e-03
    1.0640001136e+03    4.2879077618e-12    3.8504445925e-03
    1.0650002160e+03    4.2876632476e-12    3.8504511756e-03
    1.0660000428e+03    4.2825546485e-12    3.8504577738e-03
    1.0670001489e+03    4.2871829520e-12    3.8504643809e-03
    1.0680002563e+03    4.2830291224e-12    3.8504709852e-03
    1.0690000871e+03    4.2877796829e-12    3.8504775772e-03
    1.0700001969e+03    4.2889265707e-12    3.8504841572e-03
    1.0710000300e+03    4.2905653977e-12    3.8504907223e-03
    1.0720001421e+03    4.2890721149e-12    3.8504972801e-03
    1.0730002555e+03    4.2806538421e-12    3.8505038345e-03
    1.0740000926e+03    4.2790877872e-12    3.8505103887e-03
    1.0750002091e+03    4.2734930707e-12    3.8505169491e-03
    1.0760000498e+03    4.2758188660e-12    3.8505235122e-03
    1.0770001703e+03    4.2738714855e-12    3.8505300803e-03
    1.0780000155e+03    4.2712953543e-12    3.8505366478e-03
    1.0790001410e+03    4.2717552737e-12    3.8505432170e-03
    1.0800002691e+03    4.2689841134e-12    3.8505497862e-03
    1.0810001223e+03    4.2740810690e-12    3.8505563552e-03
    1.0820002549e+03    4.2739064161e-12    3.8505629296e-03
    1.0830001113e+03    4.2755074015e-12    3.8505695069e-03
    1.0840002470e+03    4.2755190451e-12    3.8505760903e-03
    1.0850001068e+03    4.2745235232e-12    3.8505826741e-03
    1.0860002465e+03    4.2736589910e-12    3.8505892587e-03
    1.0870001107e+03    4.2714496311e-12    3.8505958371e-03
    1.0880002552e+03    4.2740170296e-12    3.8506024104e-03
    1.0890001246e+03    4.2771840700e-12    3.8506089751e-03
    1.0900002746e+03    4.2769832191e-12    3.8506155378e-03
    1.0910001497e+03    4.2749572447e-12    3.8506220996e-03
    1.0920000266e+03    4.2733737245e-12    3.8506286678e-03
    1.0930001824e+03    4.2698952197e-12    3.8506352479e-03
    1.0940000616e+03    4.2694178349e-12    3.8506418380e-03
    1.0950002196e+03    4.2748495420e-12    3.8506484403e-03
    1.0960001011e+03    4.2745235232e-12    3.8506550483e-03
    1.0970002618e+03    4.2757839354e-12    3.8506616620e-03
    1.0980001462e+03    4.2777720683e-12    3.8506682747e-03
    1.0990000323e+03    4.2802928927e-12    3.8506748855e-03
    1.1000001980e+03    4.2802288532e-12    3.8506814935e-03
    1.1010000881e+03    4.2824906091e-12    3.8506880920e-03
    1.1020002582e+03    4.2781388395e-12    3.8506946835e-03
    1.1030001530e+03    4.2791401831e-12    3.8507012674e-03
    1.1040000501e+03    4.2810439004e-12    3.8507078499e-03
    1.1050002275e+03    4.2769162688e-12    3.8507144347e-03
    1.1060001294e+03    4.2797048944e-12    3.8507210185e-03
    1.1070000329e+03    4.2838179716e-12    3.8507276039e-03
    1.1080002158e+03    4.2825400941e-12    3.8507341933e-03
    1.1090001227e+03    4.2842662475e-12    3.8507407823e-03
    1.1100000317e+03    4.2829301524e-12    3.8507473702e-03
    1.1110002207e+03    4.2814019390e-12    3.8507539562e-03
    1.1120001342e+03    4.2815969681e-12    3.8507605357e-03
    1.1130000501e+03    4.2809944154e-12    3.8507671120e-03
    1.1140002458e+03    4.2796001026e-12    3.8507736902e-03
    1.1150001655e+03    4.2770647238e-12    3.8507802707e-03
    1.1160000872e+03    4.2809711283e-12    3.8507868598e-03
    1.1170000109e+03    4.2903267053e-12    3.8507934603e-03
    1.1180002145e+03    4.2915434543e-12    3.8508000742e-03
    1.1190001426e+03    4.2948007320e-12    3.8508066957e-03
    1.1200000730e+03    4.2953014038e-12    3.8508133216e-03
    1.1210000058e+03    4.2897532614e-12    3.8508199461e-03
    1.1220002186e+03    4.2885481560e-12    3.8508265674e-03
    1.1230001558e+03    4.2920441261e-12    3.8508331821e-03
    1.1240000950e+03    4.2862310933e-12    3.8508397923e-03
    1.1250000360e+03    4.2817046708e-12    3.8508463996e-03
    1.1260002567e+03    4.2838179716e-12    3.8508530092e-03
    1.1270002013e+03    4.2796699638e-12    3.8508596213e-03
    1.1280001472e+03    4.2812098207e-12    3.8508662384e-03
    1.1290000944e+03    4.2802754274e-12    3.8508728576e-03
    1.1300000428e+03    4.2783280469e-12    3.8508794743e-03
    1.1310002702e+03    4.2787064616e-12    3.8508860876e-03
    1.1320002211e+03    4.2816231661e-12    3.8508926938e-03
    1.1330001733e+03    4.2839664266e-12    3.8508992980e-03
    1.1340001271e+03    4.2904518732e-12    3.8509059050e-03
    1.1350000826e+03    4.2935519633e-12    3.8509125193e-03
    1.1360000400e+03    4.2912349007e-12    3.8509191438e-03
    1.1370002772e+03    4.2923264817e-12    3.8509257797e-03
    1.1380002391e+03    4.2905042691e-12    3.8509324188e-03
    1.1390002035e+03    4.2879659794e-12    3.8509390556e-03
    1.1400001706e+03    4.2848222261e-12    3.8509456822e-03
    1.1410001403e+03    4.2852472150e-12    3.8509522925e-03
    1.1420001115e+03    4.2868132699e-12    3.8509588841e-03
    1.1430000842e+03    4.2827293015e-12    3.8509654581e-03
    1.1440000586e+03    4.2839285851e-12    3.8509720205e-03
    1.1450000348e+03    4.2857478868e-12    3.8509785812e-03
    1.1460000131e+03    4.2840246443e-12    3.8509851496e-03
    1.1470002715e+03    4.2843593958e-12    3.8509917345e-03
    1.1480002546e+03    4.2860098663e-12    3.8509983366e-03
    1.1490002403e+03    4.2853141653e-12    3.8510049589e-03
    1.1500002288e+03    4.2857624412e-12    3.8510115986e-03
    1.1510002202e+03    4.2847756520e-12    3.8510182503e-03
    1.1520002135e+03    4.2914182863e-12    3.8510249087e-03
    1.1530002079e+03    4.2890895801e-12    3.8510315673e-03
    1.1540002034e+03    4.2930745785e-12    3.8510382193e-03
    1.1550002001e+03    4.2993038675e-12    3.8510448607e-03
    1.1560001979e+03    4.2971614578e-12    3.8510514915e-03
    1.1570001971e+03    4.2952228100e-12    3.8510581142e-03
    1.1580001978e+03    4.2934064192e-12    3.8510647311e-03
    1.1590002002e+03    4.2942825949e-12    3.8510713447e-03
    1.1600002046e+03    4.2898085682e-12    3.8510779580e-03
    1.1610002111e+03    4.2922129573e-12    3.8510845747e-03
    1.1620002199e+03    4.2908564859e-12    3.8510911983e-03
    1.1630002311e+03    4.2912087027e-12    3.8510978163e-03
    1.1640002447e+03    4.2942971493e-12    3.8511044289e-03
    1.1650002608e+03    4.2969838940e-12    3.8511110602e-03
    1.1660000010e+03    4.3006981803e-12    3.8511176998e-03
    1.1670000205e+03    4.2997521434e-12    3.8511243318e-03
    1.1680000416e+03    4.2964861331e-12    3.8511309493e-03
    1.1690000645e+03    4.2966578751e-12    3.8511375583e-03
    1.1700000895e+03    4.2949782958e-12    3.8511441659e-03
    1.1710001167e+03    4.2945358417e-12    3.8511507764e-03
    1.1720001462e+03    4.2925739067e-12    3.8511573923e-03
    1.1730001783e+03    4.2938168536e-12    3.8511640155e-03
    1.1740002128e+03    4.2970159137e-12    3.8511706455e-03
    1.1750002493e+03    4.2972778931e-12    3.8511772790e-03
    1.1760000099e+03    4.2959738177e-12    3.8511839093e-03
    1.1770000502e+03    4.2977261691e-12    3.8511905368e-03
    1.1780000924e+03    4.2928125991e-12    3.8511971601e-03
    1.1790001368e+03    4.2910777130e-12    3.8512037823e-03
    1.1800001834e+03    4.2893981337e-12    3.8512104083e-03
    1.1810002322e+03    4.2871043582e-12    3.8512170429e-03
    1.1820000054e+03    4.2877825938e-12    3.8512236870e-03
    1.1830000587e+03    4.2866619040e-12    3.8512303442e-03
    1.1840001139e+03    4.2837044472e-12    3.8512370090e-03
    1.1850001711e+03    4.2857158671e-12    3.8512436749e-03
    1.1860002300e+03    4.2889003728e-12    3.8512503355e-03
    1.1870000127e+03    4.2920732349e-12    3.8512569846e-03
    1.1880000746e+03    4.2871160017e-12    3.8512636260e-03
    1.1890001380e+03    4.2850609185e-12    3.8512702620e-03
    1.1900002026e+03    4.2872993873e-12    3.8512768993e-03
    1.1910002684e+03    4.2882454242e-12    3.8512835444e-03
    1.1920000578e+03    4.2872178826e-12    3.8512901993e-03
    1.1930001264e+03    4.2917472160e-12    3.8512968666e-03
    1.1940001966e+03    4.2957089274e-12    3.8513035398e-03
    1.1950002683e+03    4.2949258999e-12    3.8513102129e-03
    1.1960000642e+03    4.2965065092e-12    3.8513168759e-03
    1.1970001400e+03    4.2939623978e-12    3.8513235257e-03
    1.1980002180e+03    4.2893748467e-12    3.8513301599e-03
    1.1990000208e+03    4.2912290789e-12    3.8513367766e-03
    1.2000001039e+03    4.2928591732e-12    3.8513433853e-03
    1.2010001896e+03    4.2870868929e-12    3.8513499959e-03
    1.2020002768e+03    4.2845718902e-12    3.8513566146e-03
    1.2030000876e+03    4.2815503940e-12    3.8513632420e-03
    1.2040001779e+03    4.2824003717e-12    3.8513698826e-03
    1.2050002701e+03    4.2818211061e-12    3.8513765334e-03
    1.2060000864e+03    4.2805374068e-12    3.8513831888e-03
    1.2070001828e+03    4.2785871154e-12    3.8513898518e-03
    1.2080000039e+03    4.2778506621e-12    3.8513965188e-03
    1.2090001053e+03    4.2792042225e-12    3.8514031923e-03
    1.2100002096e+03    4.2808750692e-12    3.8514098689e-03
    1.2110000388e+03    4.2780194933e-12    3.8514165457e-03
    1.2120001479e+03    4.2806043571e-12    3.8514232254e-03
    1.2130002581e+03    4.2848105826e-12    3.8514299041e-03
    1.2140000915e+03    4.2801939227e-12    3.8514365782e-03
    1.2150002039e+03    4.2759149251e-12    3.8514432502e-03
    1.2160000396e+03    4.2780224042e-12    3.8514499169e-03
    1.2170001544e+03    4.2728264786e-12    3.8514565831e-03
    1.2180002708e+03    4.2744565729e-12    3.8514632481e-03
    1.2190001110e+03    4.2775857718e-12    3.8514699104e-03
    1.2200002310e+03    4.2742673655e-12    3.8514765732e-03
    1.2210000753e+03    4.2777691574e-12    3.8514832323e-03
    1.2220001997e+03    4.2754055206e-12    3.8514898908e-03
    1.2230000488e+03    4.2773820100e-12    3.8514965448e-03
    1.2240001781e+03    4.2717436302e-12    3.8515031987e-03
    1.2250000322e+03    4.2718193132e-12    3.8515098507e-03
    1.2260001656e+03    4.2652145203e-12    3.8515165061e-03
    1.2270000226e+03    4.2636542872e-12    3.8515231631e-03
    1.2280001591e+03    4.2627257157e-12    3.8515298258e-03
    1.2290000195e+03    4.2645479282e-12    3.8515364889e-03
    1.2300001599e+03    4.2674093259e-12    3.8515431532e-03
    1.2310000246e+03    4.2652610945e-12    3.8515498122e-03
    1.2320001695e+03    4.2665506155e-12    3.8515564661e-03
    1.2330000391e+03    4.2747709482e-12    3.8515631090e-03
    1.2340001891e+03    4.2796408549e-12    3.8515697459e-03
    1.2350000638e+03    4.2816755619e-12    3.8515763781e-03
    1.2360002182e+03    4.2775566629e-12    3.8515830177e-03
    1.2370000965e+03    4.2851220470e-12    3.8515896689e-03
    1.2380002546e+03    4.2840770402e-12    3.8515963381e-03
    1.2390001368e+03    4.2804093280e-12    3.8516030183e-03
    1.2400000211e+03    4.2827351232e-12    3.8516097067e-03
    1.2410001854e+03    4.2802084771e-12    3.8516164015e-03
    1.2420000741e+03    4.2759265686e-12    3.8516230960e-03
    1.2430002427e+03    4.2760721128e-12    3.8516297915e-03
    1.2440001356e+03    4.2752541547e-12    3.8516364835e-03
    1.2450000304e+03    4.2739879208e-12    3.8516431745e-03
    1.2460002049e+03    4.2787792337e-12    3.8516498689e-03
    1.2470001033e+03    4.2734639619e-12    3.8516565651e-03
    1.2480000032e+03    4.2716999670e-12    3.8516632642e-03
    1.2490001824e+03    4.2665127740e-12    3.8516699648e-03
    1.2500000852e+03    4.2656773507e-12    3.8516766593e-03
    1.2510002671e+03    4.2714263440e-12    3.8516833489e-03
    1.2520001725e+03    4.2810322569e-12    3.8516900292e-03
    1.2530000794e+03    4.2830349442e-12    3.8516967021e-03
    1.2540002657e+03    4.2817919973e-12    3.8517033713e-03
    1.2550001757e+03    4.2841672775e-12    3.8517100440e-03
    1.2560000876e+03    4.2873401397e-12    3.8517167230e-03
    1.2570000015e+03    4.2881086127e-12    3.8517233994e-03
    1.2580001955e+03    4.2887519178e-12    3.8517300693e-03
    1.2590001140e+03    4.2857245998e-12    3.8517367337e-03
    1.2600000352e+03    4.2853432741e-12    3.8517433936e-03
    1.2610002367e+03    4.2852559476e-12    3.8517500428e-03
    1.2620001618e+03    4.2856430950e-12    3.8517566844e-03
    1.2630000885e+03    4.2832183298e-12    3.8517633345e-03
    1.2640000169e+03    4.2823770847e-12    3.8517699984e-03
    1.2650002249e+03    4.2825051635e-12    3.8517766745e-03
    1.2660001571e+03    4.2788345404e-12    3.8517833541e-03
    1.2670000915e+03    4.2758246877e-12    3.8517900366e-03
    1.2680000282e+03    4.2710799490e-12    3.8517967211e-03
    1.2690002454e+03    4.2719415702e-12    3.8518034086e-03
    1.2700001874e+03    4.2701630209e-12    3.8518100951e-03
    1.2710001322e+03    4.2705035942e-12    3.8518167839e-03
    1.2720000793e+03    4.2722035497e-12    3.8518234769e-03
    1.2730000274e+03    4.2742324349e-12    3.8518301749e-03
    1.2740002545e+03    4.2745671864e-12    3.8518368793e-03
    1.2750002049e+03    4.2761827263e-12    3.8518435851e-03
    1.2760001565e+03    4.2759207469e-12    3.8518502934e-03
    1.2770001093e+03    4.2702299712e-12    3.8518570042e-03
    1.2780000637e+03    4.2650340456e-12    3.8518637176e-03
    1.2790000197e+03    4.2672375838e-12    3.8518704330e-03
    1.2800002555e+03    4.2717232540e-12    3.8518771508e-03
    1.2810002156e+03    4.2675898006e-12    3.8518838646e-03
    1.2820001780e+03    4.2625510627e-12    3.8518905738e-03
    1.2830001429e+03    4.2596081603e-12    3.8518972765e-03
    1.2840001103e+03    4.2593520026e-12    3.8519039714e-03
    1.2850000801e+03    4.2544093238e-12    3.8519106589e-03
    1.2860000513e+03    4.2545985312e-12    3.8519173405e-03
    1.2870000239e+03    4.2556115184e-12    3.8519240194e-03
    1.2880002760e+03    4.2519729150e-12    3.8519307007e-03
    1.2890002520e+03    4.2464014855e-12    3.8519373850e-03
    1.2900002300e+03    4.2428181890e-12    3.8519440773e-03
    1.2910002103e+03    4.2392610903e-12    3.8519507782e-03
    1.2920001931e+03    4.2430772575e-12    3.8519574855e-03
    1.2930001783e+03    4.2392028727e-12    3.8519641959e-03
    1.2940001661e+03    4.2436536123e-12    3.8519709068e-03
    1.2950001566e+03    4.2454467160e-12    3.8519776173e-03
    1.2960001492e+03    4.2436245035e-12    3.8519843279e-03
    1.2970001435e+03    4.2448092327e-12    3.8519910404e-03
    1.2980001396e+03    4.2455194881e-12    3.8519977568e-03
    1.2990001376e+03    4.2435138899e-12    3.8520044784e-03
    1.3000001375e+03    4.2403293843e-12    3.8520112050e-03
    1.3010001395e+03    4.2435342661e-12    3.8520179357e-03
    1.3020001436e+03    4.2412812429e-12    3.8520246697e-03
    1.3030001499e+03    4.2442619868e-12    3.8520314055e-03
    1.3040001582e+03    4.2414471632e-12    3.8520381360e-03
    1.3050001686e+03    4.2449926183e-12    3.8520448676e-03
    1.3060001808e+03    4.2461278626e-12    3.8520516056e-03
    1.3070001948e+03    4.2421224880e-12    3.8520583495e-03
    1.3080002104e+03    4.2349413404e-12    3.8520650968e-03
    1.3090002277e+03    4.2379279060e-12    3.8520718465e-03
    1.3100002464e+03    4.2377969163e-12    3.8520785971e-03
    1.3110002666e+03    4.2392494468e-12    3.8520853496e-03
    1.3120000103e+03    4.2393222188e-12    3.8520921006e-03
    1.3130000334e+03    4.2409552240e-12    3.8520988504e-03
    1.3140000581e+03    4.2383965582e-12    3.8521055956e-03
    1.3150000844e+03    4.2378143816e-12    3.8521123381e-03
    1.3160001125e+03    4.2339894818e-12    3.8521190793e-03
    1.3170001426e+03    4.2357738529e-12    3.8521258192e-03
    1.3180001749e+03    4.2349850036e-12    3.8521325563e-03
    1.3190002095e+03    4.2344785101e-12    3.8521392891e-03
    1.3200002466e+03    4.2344959754e-12    3.8521460220e-03
    1.3210000084e+03    4.2325747928e-12    3.8521527498e-03
    1.3220000496e+03    4.2322837045e-12    3.8521594721e-03
    1.3230000924e+03    4.2319635074e-12    3.8521661900e-03
    1.3240001369e+03    4.2286159923e-12    3.8521729097e-03
    1.3250001832e+03    4.2283511020e-12    3.8521796412e-03
    1.3260002315e+03    4.2293961089e-12    3.8521863848e-03
    1.3270000040e+03    4.2306652537e-12    3.8521931262e-03
    1.3280000566e+03    4.2288663282e-12    3.8521998718e-03
    1.3290001118e+03    4.2272013033e-12    3.8522066240e-03
    1.3300001696e+03    4.2238275903e-12    3.8522133760e-03
    1.3310002301e+03    4.2243923015e-12    3.8522201204e-03
    1.3320000152e+03    4.2255741199e-12    3.8522268543e-03
    1.3330000794e+03    4.2281415184e-12    3.8522335854e-03
    1.3340001446e+03    4.2304614919e-12    3.8522403166e-03
    1.3350002110e+03    4.2313696873e-12    3.8522470509e-03
    1.3360000006e+03    4.2299433548e-12    3.8522537892e-03
    1.3370000694e+03    4.2304294722e-12    3.8522605381e-03
    1.3380001397e+03    4.2233502055e-12    3.8522672975e-03
    1.3390002117e+03    4.2209894797e-12    3.8522740658e-03
    1.3400000076e+03    4.2196300975e-12    3.8522808379e-03
    1.3410000836e+03    4.2221567436e-12    3.8522876147e-03
    1.3420001619e+03    4.2188558027e-12    3.8522943934e-03
    1.3430002426e+03    4.2181921214e-12    3.8523011732e-03
    1.3440000481e+03    4.2140324701e-12    3.8523079504e-03
    1.3450001337e+03    4.2148300519e-12    3.8523147268e-03
    1.3460002208e+03    4.2104986585e-12    3.8523214984e-03
    1.3470000313e+03    4.2104899258e-12    3.8523282616e-03
    1.3480001213e+03    4.2094973148e-12    3.8523350195e-03
    1.3490002131e+03    4.2053987920e-12    3.8523417705e-03
    1.3500000291e+03    4.2047962393e-12    3.8523485148e-03
    1.3510001251e+03    4.1982554859e-12    3.8523552599e-03
    1.3520002236e+03    4.2052386935e-12    3.8523620078e-03
    1.3530000467e+03    4.2051950302e-12    3.8523687595e-03
    1.3540001504e+03    4.2005871029e-12    3.8523755200e-03
    1.3550002566e+03    4.1989773848e-12    3.8523822873e-03
    1.3560000875e+03    4.1948672185e-12    3.8523890584e-03
    1.3570001980e+03    4.1974229735e-12    3.8523958362e-03
    1.3580000322e+03    4.1923551267e-12    3.8524026152e-03
    1.3590001461e+03    4.1914614857e-12    3.8524093974e-03
    1.3600002618e+03    4.1935602321e-12    3.8524161798e-03
    1.3610001016e+03    4.1944655166e-12    3.8524229596e-03
    1.3620002214e+03    4.1975801611e-12    3.8524297400e-03
    1.3630000653e+03    4.1972046572e-12    3.8524365183e-03
    1.3640001892e+03    4.2002348861e-12    3.8524433003e-03
    1.3650000374e+03    4.1946838328e-12    3.8524500840e-03
    1.3660001654e+03    4.1947536940e-12    3.8524568736e-03
    1.3670000174e+03    4.1915400795e-12    3.8524636652e-03
    1.3680001491e+03    4.1886408404e-12    3.8524704628e-03
    1.3690000046e+03    4.1861491248e-12    3.8524772619e-03
    1.3700001397e+03    4.1879480503e-12    3.8524840656e-03
    1.3710002763e+03    4.1896247187e-12    3.8524908714e-03
    1.3720001365e+03    4.1924278988e-12    3.8524976758e-03
    1.3730002762e+03    4.1926549476e-12    3.8525044799e-03
    1.3740001395e+03    4.1875812791e-12    3.8525112774e-03
    1.3750000044e+03    4.1919417814e-12    3.8525180688e-03
    1.3760001491e+03    4.1908181806e-12    3.8525248566e-03
    1.3770000177e+03    4.1911500213e-12    3.8525316386e-03
    1.3780001664e+03    4.1958016118e-12    3.8525384218e-03
    1.3790000393e+03    4.1945703084e-12    3.8525452062e-03
    1.3800001927e+03    4.1965118672e-12    3.8525519994e-03
    1.3810000706e+03    4.1970882219e-12    3.8525587998e-03
    1.3820002283e+03    4.1961392742e-12    3.8525656105e-03
    1.3830001096e+03    4.1941103890e-12    3.8525724244e-03
    1.3840002706e+03    4.1910918036e-12    3.8525792408e-03
    1.3850001554e+03    4.1843240014e-12    3.8525860522e-03
    1.3860000421e+03    4.1831014306e-12    3.8525928584e-03
    1.3870002087e+03    4.1841726355e-12    3.8525996615e-03
    1.3880000996e+03    4.1838233295e-12    3.8526064594e-03
    1.3890002709e+03    4.1845568720e-12    3.8526132585e-03
    1.3900001667e+03    4.1880906836e-12    3.8526200565e-03
    1.3910000653e+03    4.1931585303e-12    3.8526268560e-03
    1.3920002443e+03    4.1943432596e-12    3.8526336598e-03
    1.3930001469e+03    4.1998011646e-12    3.8526404648e-03
    1.3940000506e+03    4.2015069419e-12    3.8526472725e-03
    1.3950002333e+03    4.2025519487e-12    3.8526540843e-03
    1.3960001393e+03    4.2100329173e-12    3.8526608963e-03
    1.3970000465e+03    4.2174032722e-12    3.8526677117e-03
    1.3980002332e+03    4.2110604588e-12    3.8526745339e-03
    1.3990001435e+03    4.2134502935e-12    3.8526813595e-03
    1.4000000558e+03    4.2179272311e-12    3.8526881895e-03
    1.4010002480e+03    4.2211874197e-12    3.8526950229e-03
    1.4020001647e+03    4.2196038995e-12    3.8527018525e-03
    1.4030000838e+03    4.2185705362e-12    3.8527086761e-03
    1.4040000055e+03    4.2186491300e-12    3.8527154914e-03
    1.4050002074e+03    4.2185996450e-12    3.8527223004e-03
    1.4060001328e+03    4.2164543245e-12    3.8527291016e-03
    1.4070000596e+03    4.2200667299e-12    3.8527359007e-03
    1.4080002659e+03    4.2197378001e-12    3.8527427032e-03
    1.4090001960e+03    4.2189780597e-12    3.8527495077e-03
    1.4100001282e+03    4.2168007195e-12    3.8527563178e-03
    1.4110000626e+03    4.2121753269e-12    3.8527631335e-03
    1.4120002773e+03    4.2151618925e-12    3.8527699560e-03
    1.4130002166e+03    4.2123412472e-12    3.8527767801e-03
    1.4140001586e+03    4.2110371718e-12    3.8527836064e-03
    1.4150001033e+03    4.2164892551e-12    3.8527904343e-03
    1.4160000506e+03    4.2153336346e-12    3.8527972645e-03
    1.4170002777e+03    4.2150774769e-12    3.8528041010e-03
    1.4180002284e+03    4.2145418745e-12    3.8528109418e-03
    1.4190001809e+03    4.2164077503e-12    3.8528177900e-03
    1.4200001350e+03    4.2160875532e-12    3.8528246458e-03
    1.4210000910e+03    4.2158168412e-12    3.8528315078e-03
    1.4220000490e+03    4.2169375310e-12    3.8528383731e-03
    1.4230000090e+03    4.2225788216e-12    3.8528452380e-03
    1.4240002491e+03    4.2211000932e-12    3.8528521008e-03
    1.4250002134e+03    4.2228902861e-12    3.8528589551e-03
    1.4260001797e+03    4.2228611773e-12    3.8528658018e-03
    1.4270001481e+03    4.2260485938e-12    3.8528726414e-03
    1.4280001184e+03    4.2281065879e-12    3.8528794766e-03
    1.4290000906e+03    4.2230096323e-12    3.8528863108e-03
    1.4300000645e+03    4.2215396365e-12    3.8528931471e-03
    1.4310000402e+03    4.2247008551e-12    3.8528999875e-03
    1.4320000174e+03    4.2260777026e-12    3.8529068331e-03
    1.4330002742e+03    4.2350024689e-12    3.8529136854e-03
    1.4340002547e+03    4.2375145607e-12    3.8529205395e-03
    1.4350002369e+03    4.2326359213e-12    3.8529273951e-03
    1.4360002209e+03    4.2319751509e-12    3.8529342500e-03
    1.4370002067e+03    4.2319431312e-12    3.8529411025e-03
    1.4380001945e+03    4.2340069471e-12    3.8529479515e-03
    1.4390001845e+03    4.2337275023e-12    3.8529547969e-03
    1.4400001768e+03    4.2329473858e-12    3.8529616391e-03
    1.4410001716e+03    4.2348511030e-12    3.8529684797e-03
    1.4420001686e+03    4.2345978562e-12    3.8529753207e-03
    1.4430001673e+03    4.2265754636e-12    3.8529821638e-03
    1.4440001676e+03    4.2218627445e-12    3.8529890104e-03
    1.4450001697e+03    4.2253208731e-12    3.8529958613e-03
    1.4460001737e+03    4.2251112896e-12    3.8530027176e-03
    1.4470001797e+03    4.2220723280e-12    3.8530095800e-03
    1.4480001878e+03    4.2218569227e-12    3.8530164495e-03
    1.4490001981e+03    4.2237344421e-12    3.8530233260e-03
    1.4500002109e+03    4.2221538328e-12    3.8530302082e-03
    1.4510002263e+03    4.2222993769e-12    3.8530370944e-03
    1.4520002444e+03    4.2230998696e-12    3.8530439826e-03
    1.4530002644e+03    4.2229717908e-12    3.8530508716e-03
    1.4540000075e+03    4.2237577291e-12    3.8530577553e-03
    1.4550000298e+03    4.2232133941e-12    3.8530646369e-03
    1.4560000532e+03    4.2208177376e-12    3.8530715175e-03
    1.4570000780e+03    4.2185792688e-12    3.8530783995e-03
    1.4580001042e+03    4.2187510109e-12    3.8530852826e-03
    1.4590001320e+03    4.2186840606e-12    3.8530921653e-03
    1.4600001617e+03    4.2172577281e-12    3.8530990466e-03
    1.4610001935e+03    4.2195282166e-12    3.8531059260e-03
    1.4620002275e+03    4.2190624753e-12    3.8531128029e-03
    1.4630002640e+03    4.2214086468e-12    3.8531196774e-03
    1.4640000252e+03    4.2227476528e-12    3.8531265481e-03
    1.4650000668e+03    4.2282404885e-12    3.8531334201e-03
    1.4660001099e+03    4.2297483257e-12    3.8531402932e-03
    1.4670001543e+03    4.2232221267e-12    3.8531471687e-03
    1.4680002003e+03    4.2271576401e-12    3.8531540461e-03
    1.4690002481e+03    4.2290380703e-12    3.8531609236e-03
    1.4700000199e+03    4.2277980343e-12    3.8531677979e-03
    1.4710000719e+03    4.2307671346e-12    3.8531746731e-03
    1.4720001263e+03    4.2294368612e-12    3.8531815493e-03
    1.4730001833e+03    4.2257138423e-12    3.8531884283e-03
    1.4740002429e+03    4.2273119169e-12    3.8531953113e-03
    1.4750000272e+03    4.2298327413e-12    3.8532021967e-03
    1.4760000923e+03    4.2328629702e-12    3.8532090888e-03
    1.4770001596e+03    4.2213416965e-12    3.8532159854e-03
    1.4780002284e+03    4.2233007205e-12    3.8532228863e-03
    1.4790000209e+03    4.2268228886e-12    3.8532297890e-03
    1.4800000928e+03    4.2278940934e-12    3.8532366973e-03
    1.4810001666e+03    4.2272245904e-12    3.8532436092e-03
    1.4820002422e+03    4.2237839271e-12    3.8532505247e-03
    1.4830000418e+03    4.2230591173e-12    3.8532574416e-03
    1.4840001215e+03    4.2270994224e-12    3.8532643633e-03
    1.4850002034e+03    4.2288313976e-12    3.8532712874e-03
    1.4860000095e+03    4.2290438921e-12    3.8532782117e-03
    1.4870000956e+03    4.2253063187e-12    3.8532851396e-03
    1.4880001838e+03    4.2274167087e-12    3.8532920686e-03
    1.4890002740e+03    4.2270848680e-12    3.8532989976e-03
    1.4900000880e+03    4.2272798972e-12    3.8533059238e-03
    1.4910001817e+03    4.2294426830e-12    3.8533128501e-03
    1.4920002773e+03    4.2297890780e-12    3.8533197742e-03
    1.4930000967e+03    4.2289216350e-12    3.8533266944e-03
    1.4940001957e+03    4.2230212758e-12    3.8533336157e-03
    1.4950000185e+03    4.2298327413e-12    3.8533405358e-03
    1.4960001210e+03    4.2294368612e-12    3.8533474594e-03
    1.4970002253e+03    4.2242176486e-12    3.8533543842e-03
    1.4980000536e+03    4.2238363230e-12    3.8533613059e-03
    1.4990001619e+03    4.2223488619e-12    3.8533682254e-03
    1.5000002724e+03    4.2212252612e-12    3.8533751381e-03
    1.5010001073e+03    4.2180494882e-12    3.8533820417e-03
    1.5020002226e+03    4.2195806125e-12    3.8533889431e-03
    1.5030000618e+03    4.2235888979e-12    3.8533958432e-03
    1.5040001807e+03    4.2229339493e-12    3.8534027513e-03
    1.5050000234e+03    4.2227825834e-12    3.8534096682e-03
    1.5060001459e+03    4.2207304111e-12    3.8534166003e-03
    1.5070002703e+03    4.2212514591e-12    3.8534235457e-03
    1.5080001188e+03    4.2228000487e-12    3.8534304999e-03
    1.5090002474e+03    4.2218249030e-12    3.8534374625e-03
    1.5100001003e+03    4.2248784190e-12    3.8534444252e-03
    1.5110002336e+03    4.2222469810e-12    3.8534513886e-03
    1.5120000916e+03    4.2242351139e-12    3.8534583471e-03
    1.5130002299e+03    4.2240080650e-12    3.8534653046e-03
    1.5140000914e+03    4.2260922570e-12    3.8534722579e-03
    1.5150002321e+03    4.2278096778e-12    3.8534792123e-03
    1.5160000961e+03    4.2286363685e-12    3.8534861658e-03
    1.5170002393e+03    4.2299375331e-12    3.8534931239e-03
    1.5180001059e+03    4.2335848691e-12    3.8535000833e-03
    1.5190002521e+03    4.2330696428e-12    3.8535070472e-03
    1.5200001222e+03    4.2297512366e-12    3.8535140105e-03
    1.5210002722e+03    4.2290147833e-12    3.8535209757e-03
    1.5220001465e+03    4.2324205160e-12    3.8535279381e-03
    1.5230000231e+03    4.2301034534e-12    3.8535348998e-03
    1.5240001803e+03    4.2321498039e-12    3.8535418630e-03
    1.5250000621e+03    4.2287731800e-12    3.8535488248e-03
    1.5260002235e+03    4.2291603274e-12    3.8535557907e-03
    1.5270001083e+03    4.2270208286e-12    3.8535627587e-03
    1.5280002725e+03    4.2240429956e-12    3.8535697334e-03
    1.5290001604e+03    4.2225264257e-12    3.8535767107e-03
    1.5300000503e+03    4.2206780152e-12    3.8535836905e-03
    1.5310002203e+03    4.2213737162e-12    3.8535906718e-03
    1.5320001146e+03    4.2209429056e-12    3.8535976475e-03
    1.5330000115e+03    4.2221945851e-12    3.8536046165e-03
    1.5340001889e+03    4.2185763579e-12    3.8536115793e-03
    1.5350000911e+03    4.2154122285e-12    3.8536185329e-03
    1.5360002739e+03    4.2160031376e-12    3.8536254844e-03
    1.5370001814e+03    4.2192807915e-12    3.8536324338e-03
    1.5380000907e+03    4.2239294712e-12    3.8536393877e-03
    1.5390000014e+03    4.2182969132e-12    3.8536463502e-03
    1.5400001916e+03    4.2156189011e-12    3.8536533262e-03
    1.5410001054e+03    4.2169055113e-12    3.8536603119e-03
    1.5420000209e+03    4.2186374865e-12    3.8536673082e-03
    1.5430002163e+03    4.2244708954e-12    3.8536743152e-03
    1.5440001358e+03    4.2198542354e-12    3.8536813265e-03
    1.5450000573e+03    4.2192720589e-12    3.8536883407e-03
    1.5460002591e+03    4.2203985705e-12    3.8536953555e-03
    1.5470001850e+03    4.2221130804e-12    3.8537023626e-03
    1.5480001132e+03    4.2209574600e-12    3.8537093606e-03
    1.5490000434e+03    4.2211961524e-12    3.8537163488e-03
    1.5500002535e+03    4.2137734015e-12    3.8537233307e-03
    1.5510001871e+03    4.2141285292e-12    3.8537303060e-03
    1.5520001225e+03    4.2108712515e-12    3.8537372802e-03
    1.5530000598e+03    4.2139684306e-12    3.8537442564e-03
    1.5540002772e+03    4.2201831652e-12    3.8537512389e-03
    1.5550002186e+03    4.2228699099e-12    3.8537582250e-03
    1.5560001618e+03    4.2308835699e-12    3.8537652176e-03
    1.5570001069e+03    4.2312503412e-12    3.8537722166e-03
    1.5580000537e+03    4.2328076634e-12    3.8537792217e-03
    1.5590000026e+03    4.2345163515e-12    3.8537862323e-03
    1.5600002315e+03    4.2322254869e-12    3.8537932521e-03
    1.5610001846e+03    4.2291545056e-12    3.8538002772e-03
    1.5620001400e+03    4.2328629702e-12    3.8538073009e-03
    1.5630000978e+03    4.2347957963e-12    3.8538143243e-03
    1.5640000573e+03    4.2357854964e-12    3.8538213395e-03
    1.5650000185e+03    4.2341874218e-12    3.8538283488e-03
    1.5660002596e+03    4.2394968718e-12    3.8538353616e-03
    1.5670002245e+03    4.2465819603e-12    3.8538423782e-03
    1.5680001914e+03    4.2424455960e-12    3.8538494005e-03
    1.5690001603e+03    4.2404894828e-12    3.8538564269e-03
    1.5700001313e+03    4.2411677185e-12    3.8538634555e-03
    1.5710001047e+03    4.2377416095e-12    3.8538704834e-03
    1.5720000805e+03    4.2389350715e-12    3.8538775076e-03
    1.5730000587e+03    4.2393600603e-12    3.8538845261e-03
    1.5740000388e+03    4.2382306378e-12    3.8538915389e-03
    1.5750000199e+03    4.2369323842e-12    3.8538985488e-03
    1.5760000023e+03    4.2415170244e-12    3.8539055596e-03
    1.5770002640e+03    4.2451498060e-12    3.8539125775e-03
    1.5780002490e+03    4.2484623905e-12    3.8539196013e-03
    1.5790002355e+03    4.2480810649e-12    3.8539266340e-03
    1.5800002238e+03    4.2515770350e-12    3.8539336740e-03
    1.5810002140e+03    4.2562606452e-12    3.8539407183e-03
    1.5820002063e+03    4.2536350290e-12    3.8539477635e-03
    1.5830002010e+03    4.2542142947e-12    3.8539548069e-03
    1.5840001981e+03    4.2498829012e-12    3.8539618471e-03
    1.5850001979e+03    4.2494084274e-12    3.8539688836e-03
    1.5860001996e+03    4.2450741230e-12    3.8539759168e-03
    1.5870002027e+03    4.2454816466e-12    3.8539829480e-03
    1.5880002072e+03    4.2455631513e-12    3.8539899789e-03
    1.5890002133e+03    4.2437438496e-12    3.8539970108e-03
    1.5900002212e+03    4.2483575987e-12    3.8540040435e-03
    1.5910002312e+03    4.2519117865e-12    3.8540110768e-03
    1.5920002435e+03    4.2514460452e-12    3.8540181116e-03
    1.5930002582e+03    4.2461133082e-12    3.8540251499e-03
    1.5940002755e+03    4.2407165317e-12    3.8540321938e-03
    1.5950000174e+03    4.2415112026e-12    3.8540392423e-03
    1.5960000401e+03    4.2408387887e-12    3.8540463007e-03
    1.5970000655e+03    4.2425562095e-12    3.8540533677e-03
    1.5980000931e+03    4.2423495368e-12    3.8540604428e-03
    1.5990001221e+03    4.2485904693e-12    3.8540675242e-03
    1.6000001524e+03    4.2529247736e-12    3.8540746089e-03
    1.6010001843e+03    4.2581934713e-12    3.8540816940e-03
    1.6020002178e+03    4.2542608688e-12    3.8540887774e-03
    1.6030002530e+03    4.2523105774e-12    3.8540958587e-03
    1.6040000120e+03    4.2555736769e-12    3.8541029367e-03
    1.6050000512e+03    4.2593461809e-12    3.8541100165e-03
    1.6060000925e+03    4.2604756033e-12    3.8541170972e-03
    1.6070001360e+03    4.2592151911e-12    3.8541241788e-03
    1.6080001818e+03    4.2582516890e-12    3.8541312596e-03
    1.6090002299e+03    4.2539610479e-12    3.8541383371e-03
    1.6100000019e+03    4.2505029192e-12    3.8541454065e-03
    1.6110000535e+03    4.2492104873e-12    3.8541524702e-03
    1.6120001067e+03    4.2478045310e-12    3.8541595268e-03
    1.6130001616e+03    4.2498479706e-12    3.8541665793e-03
    1.6140002186e+03    4.2525114283e-12    3.8541736324e-03
    1.6150002776e+03    4.2579664225e-12    3.8541806907e-03
    1.6160000607e+03    4.2574046221e-12    3.8541877557e-03
    1.6170001241e+03    4.2595412100e-12    3.8541948332e-03
    1.6180001896e+03    4.2501274154e-12    3.8542019210e-03
    1.6190002569e+03    4.2485206081e-12    3.8542090164e-03
    1.6200000482e+03    4.2499789604e-12    3.8542161137e-03
    1.6210001195e+03    4.2532624360e-12    3.8542232136e-03
    1.6220001931e+03    4.2523484189e-12    3.8542303124e-03
    1.6230002690e+03    4.2550380745e-12    3.8542374094e-03
    1.6240000690e+03    4.2529335063e-12    3.8542445023e-03
    1.6250001489e+03    4.2568748415e-12    3.8542515953e-03
    1.6260002305e+03    4.2605396428e-12    3.8542586883e-03
    1.6270000360e+03    4.2596925759e-12    3.8542657821e-03
    1.6280001214e+03    4.2582604216e-12    3.8542728825e-03
    1.6290002087e+03    4.2565895749e-12    3.8542799879e-03
    1.6300000200e+03    4.2589008158e-12    3.8542870962e-03
    1.6310001115e+03    4.2574249983e-12    3.8542942126e-03
    1.6320002053e+03    4.2574890377e-12    3.8543013346e-03
    1.6330000235e+03    4.2584991140e-12    3.8543084577e-03
    1.6340001219e+03    4.2587610934e-12    3.8543155839e-03
    1.6350002217e+03    4.2611043540e-12    3.8543227104e-03
    1.6360000447e+03    4.2623065485e-12    3.8543298355e-03
    1.6370001470e+03    4.2659043995e-12    3.8543369645e-03
    1.6380002506e+03    4.2608161766e-12    3.8543440959e-03
    1.6390000777e+03    4.2547935603e-12    3.8543512275e-03
    1.6400001845e+03    4.2580712142e-12    3.8543583619e-03
    1.6410000151e+03    4.2564876941e-12    3.8543654958e-03
    1.6420001257e+03    4.2567584061e-12    3.8543726168e-03
    1.6430002385e+03    4.2551137574e-12    3.8543797168e-03
    1.6440000757e+03    4.2544209673e-12    3.8543868267e-03
    1.6450001934e+03    4.2553786477e-12    3.8543939575e-03
    1.6460000356e+03    4.2551719751e-12    3.8544010882e-03
    1.6470001572e+03    4.2549885895e-12    3.8544082140e-03
    1.6480000022e+03    4.2562548234e-12    3.8544153346e-03
    1.6490001267e+03    4.2560015766e-12    3.8544224588e-03
    1.6500002530e+03    4.2595004576e-12    3.8544295838e-03
    1.6510001032e+03    4.2601699607e-12    3.8544367050e-03
    1.6520002336e+03    4.2632787834e-12    3.8544438264e-03
    1.6530000884e+03    4.2622279547e-12    3.8544509471e-03
    1.6540002236e+03    4.2657239248e-12    3.8544580742e-03
    1.6550000835e+03    4.2688967869e-12    3.8544652067e-03
    1.6560002241e+03    4.2651970551e-12    3.8544723497e-03
    1.6570000894e+03    4.2585485990e-12    3.8544794992e-03
    1.6580002354e+03    4.2588164002e-12    3.8544866571e-03
    1.6590001048e+03    4.2573813350e-12    3.8544938164e-03
    1.6600002537e+03    4.2593840223e-12    3.8545009775e-03
    1.6610001259e+03    4.2582866196e-12    3.8545081344e-03
    1.6620002777e+03    4.2616545108e-12    3.8545152911e-03
    1.6630001530e+03    4.2652407183e-12    3.8545224454e-03
    1.6640000301e+03    4.2634563472e-12    3.8545296022e-03
    1.6650001873e+03    4.2660819634e-12    3.8545367667e-03
    1.6660000684e+03    4.2709227613e-12    3.8545439369e-03
    1.6670002299e+03    4.2740024752e-12    3.8545511176e-03
    1.6680001156e+03    4.2742790090e-12    3.8545583029e-03
    1.6690000036e+03    4.2789742628e-12    3.8545654914e-03
    1.6700001720e+03    4.2804762783e-12    3.8545726807e-03
    1.6710000640e+03    4.2777429594e-12    3.8545798624e-03
    1.6720002356e+03    4.2803249124e-12    3.8545870375e-03
    1.6730001308e+03    4.2812651275e-12    3.8545942018e-03
    1.6740000278e+03    4.2831630230e-12    3.8546013592e-03
    1.6750002049e+03    4.2819258979e-12    3.8546085157e-03
    1.6760001061e+03    4.2825633812e-12    3.8546156720e-03
    1.6770000095e+03    4.2871130908e-12    3.8546228341e-03
    1.6780001933e+03    4.2910194954e-12    3.8546300064e-03
    1.6790001013e+03    4.2933190927e-12    3.8546371856e-03
    1.6800000113e+03    4.2910951783e-12    3.8546443725e-03
    1.6810002014e+03    4.2870053881e-12    3.8546515665e-03
    1.6820001154e+03    4.2918083446e-12    3.8546587602e-03
    1.6830000316e+03    4.2879194053e-12    3.8546659523e-03
    1.6840002282e+03    4.2901840720e-12    3.8546731425e-03
    1.6850001490e+03    4.2859370942e-12    3.8546803261e-03
    1.6860000717e+03    4.2751173432e-12    3.8546875058e-03
    1.6870002743e+03    4.2732456457e-12    3.8546946857e-03
    1.6880002007e+03    4.2718949961e-12    3.8547018646e-03
    1.6890001290e+03    4.2718920852e-12    3.8547090474e-03
    1.6900000593e+03    4.2649176103e-12    3.8547162366e-03
    1.6910002696e+03    4.2610985322e-12    3.8547234352e-03
    1.6920002040e+03    4.2656919051e-12    3.8547306391e-03
    1.6930001407e+03    4.2689462720e-12    3.8547378493e-03
    1.6940000797e+03    4.2665709917e-12    3.8547450644e-03
    1.6950000205e+03    4.2645100867e-12    3.8547522832e-03
    1.6960002407e+03    4.2661722008e-12    3.8547595066e-03
    1.6970001841e+03    4.2653687971e-12    3.8547667292e-03
    1.6980001289e+03    4.2656365983e-12    3.8547739521e-03
    1.6990000751e+03    4.2644489582e-12    3.8547811749e-03
    1.7000000229e+03    4.2622949050e-12    3.8547883975e-03
    1.7010002505e+03    4.2645974132e-12    3.8547956210e-03
    1.7020002020e+03    4.2650049368e-12    3.8548028404e-03
    1.7030001556e+03    4.2606124148e-12    3.8548100565e-03
    1.7040001115e+03    4.2613692443e-12    3.8548172692e-03
    1.7050000700e+03    4.2633049813e-12    3.8548244788e-03
    1.7060000310e+03    4.2607579590e-12    3.8548316865e-03
    1.7070002723e+03    4.2633195357e-12    3.8548388960e-03
    1.7080002368e+03    4.2590376273e-12    3.8548461047e-03
    1.7090002029e+03    4.2602165348e-12    3.8548533164e-03
    1.7100001707e+03    4.2564236546e-12    3.8548605332e-03
    1.7110001404e+03    4.2573638697e-12    3.8548677547e-03
    1.7120001120e+03    4.2580770360e-12    3.8548749782e-03
    1.7130000859e+03    4.2575239683e-12    3.8548822037e-03
    1.7140000621e+03    4.2541589879e-12    3.8548894303e-03
    1.7150000409e+03    4.2549332827e-12    3.8548966603e-03
    1.7160000223e+03    4.2518739450e-12    3.8549038955e-03
    1.7170000066e+03    4.2488116964e-12    3.8549111362e-03
    1.7180002718e+03    4.2519001429e-12    3.8549183842e-03
    1.7190002612e+03    4.2496034565e-12    3.8549256344e-03
    1.7200002521e+03    4.2440756903e-12    3.8549328869e-03
    1.7210002444e+03    4.2393600603e-12    3.8549401393e-03
    1.7220002382e+03    4.2413394605e-12    3.8549473894e-03
    1.7230002335e+03    4.2431733166e-12    3.8549546367e-03
    1.7240002304e+03    4.2461249517e-12    3.8549618830e-03
    1.7250002291e+03    4.2474959774e-12    3.8549691296e-03
    1.7260002297e+03    4.2459270117e-12    3.8549763760e-03
    1.7270002324e+03    4.2455893493e-12    3.8549836220e-03
    1.7280002374e+03    4.2452953501e-12    3.8549908714e-03
    1.7290002447e+03    4.2460463579e-12    3.8549981280e-03
    1.7300002545e+03    4.2470098600e-12    3.8550053914e-03
    1.7310002665e+03    4.2476502542e-12    3.8550126585e-03
    1.7320000020e+03    4.2490562106e-12    3.8550199260e-03
    1.7330000172e+03    4.2453739440e-12    3.8550271987e-03
    1.7340000341e+03    4.2418313997e-12    3.8550344742e-03
    1.7350000530e+03    4.2442416106e-12    3.8550417431e-03
    1.7360000739e+03    4.2428065454e-12    3.8550490244e-03
    1.7370000970e+03    4.2462966938e-12    3.8550563185e-03
    1.7380001226e+03    4.2453186372e-12    3.8550636163e-03
    1.7390001505e+03    4.2474697795e-12    3.8550709125e-03
    1.7400001809e+03    4.2525492698e-12    3.8550782106e-03
    1.7410002134e+03    4.2499906039e-12    3.8550855144e-03
    1.7420002479e+03    4.2480548669e-12    3.8550928217e-03
    1.7430000063e+03    4.2440844229e-12    3.8551001259e-03
    1.7440000451e+03    4.2418663303e-12    3.8551074301e-03
    1.7450000860e+03    4.2393891691e-12    3.8551147338e-03
    1.7460001294e+03    4.2390107544e-12    3.8551220386e-03
    1.7470001750e+03    4.2400120980e-12    3.8551293447e-03
    1.7480002224e+03    4.2425009027e-12    3.8551366530e-03
    1.7490002718e+03    4.2426522686e-12    3.8551439654e-03
    1.7500000449e+03    4.2444424615e-12    3.8551512819e-03
    1.7510000980e+03    4.2436274143e-12    3.8551586075e-03
    1.7520001532e+03    4.2444599268e-12    3.8551659382e-03
    1.7530002103e+03    4.2493007247e-12    3.8551732714e-03
    1.7540002697e+03    4.2476648086e-12    3.8551806053e-03
    1.7550000531e+03    4.2459153681e-12    3.8551879363e-03
    1.7560001163e+03    4.2460085164e-12    3.8551952658e-03
    1.7570001808e+03    4.2485933802e-12    3.8552025908e-03
    1.7580002467e+03    4.2544180565e-12    3.8552099141e-03
    1.7590000359e+03    4.2637619899e-12    3.8552172373e-03
    1.7600001047e+03    4.2653891733e-12    3.8552245660e-03
    1.7610001751e+03    4.2618087876e-12    3.8552318975e-03
    1.7620002473e+03    4.2625921338e-12    3.8552392304e-03
    1.7630000433e+03    4.2580156356e-12    3.8552465617e-03
    1.7640001196e+03    4.2659031504e-12    3.8552538943e-03
    1.7650001983e+03    4.2695228210e-12    3.8552612238e-03
    1.7660000013e+03    4.2839622201e-12    3.8552685459e-03
    1.7670000849e+03    4.2871939686e-12    3.8552758645e-03
    1.7680001704e+03    4.2890346693e-12    3.8552831787e-03
    1.7690002572e+03    4.2911173829e-12    3.8552904901e-03
    1.7700000676e+03    4.2900946155e-12    3.8552977985e-03
    1.7710001577e+03    4.2871918641e-12    3.8553051112e-03
    1.7720002498e+03    4.2867323905e-12    3.8553124292e-03
    1.7730000657e+03    4.2942263713e-12    3.8553197532e-03
    1.7740001621e+03    4.3003370206e-12    3.8553270880e-03
    1.7750002608e+03    4.3010651636e-12    3.8553344308e-03
    1.7760000840e+03    4.3038872440e-12    3.8553417775e-03
    1.7770001879e+03    4.3093167499e-12    3.8553491297e-03
    1.7780000163e+03    4.3146768086e-12    3.8553564811e-03
    1.7790001255e+03    4.3134611324e-12    3.8553638348e-03
    1.7800002362e+03    4.3123422614e-12    3.8553711883e-03
    1.7810000701e+03    4.3093581376e-12    3.8553785398e-03
    1.7820001833e+03    4.3190709204e-12    3.8553858942e-03
    1.7830000199e+03    4.3213304085e-12    3.8553932494e-03
    1.7840001360e+03    4.3306293142e-12    3.8554006109e-03
    1.7850002538e+03    4.3366817402e-12    3.8554079763e-03
    1.7860000953e+03    4.3344138342e-12    3.8554153417e-03
    1.7870002168e+03    4.3327534155e-12    3.8554227092e-03
    1.7880000624e+03    4.3354120495e-12    3.8554300736e-03
    1.7890001884e+03    4.3428478069e-12    3.8554374379e-03
    1.7900000387e+03    4.3490314109e-12    3.8554447972e-03
    1.7910001695e+03    4.3505690694e-12    3.8554521550e-03
    1.7920000241e+03    4.3512207504e-12    3.8554595079e-03
    1.7930001581e+03    4.3515553595e-12    3.8554668622e-03
    1.7940000156e+03    4.3531512414e-12    3.8554742161e-03
    1.7950001528e+03    4.3533974631e-12    3.8554815749e-03
    1.7960000137e+03    4.3508342313e-12    3.8554889346e-03
    1.7970001548e+03    4.3478227495e-12    3.8554962989e-03
    1.7980000199e+03    4.3556239815e-12    3.8555036628e-03
    1.7990001654e+03    4.3528959003e-12    3.8555110294e-03
    1.8000000351e+03    4.3544532004e-12    3.8555183942e-03
    1.8010001853e+03    4.3543542908e-12    3.8555257614e-03
    1.8020000596e+03    4.3551315379e-12    3.8555331274e-03
    1.8030002138e+03    4.3551904628e-12    3.8555404972e-03
    1.8040000918e+03    4.3536738488e-12    3.8555478670e-03
    1.8050002498e+03    4.3581500345e-12    3.8555552408e-03
    1.8060001318e+03    4.3655135388e-12    3.8555626140e-03
    1.8070000160e+03    4.3655710607e-12    3.8555699884e-03
    1.8080001805e+03    4.3703495871e-12    3.8555773657e-03
    1.8090000690e+03    4.3644956818e-12    3.8555847421e-03
    1.8100002374e+03    4.3674082540e-12    3.8555921230e-03
    1.8110001295e+03    4.3755679455e-12    3.8555995067e-03
    1.8120000232e+03    4.3780014024e-12    3.8556068975e-03
    1.8130001970e+03    4.3781136402e-12    3.8556142988e-03
    1.8140000945e+03    4.3763353718e-12    3.8556217075e-03
    1.8150002722e+03    4.3802749203e-12    3.8556291269e-03
    1.8160001736e+03    4.3854511895e-12    3.8556365497e-03
    1.8170000765e+03    4.3798112377e-12    3.8556439734e-03
    1.8180002589e+03    4.3839984109e-12    3.8556513969e-03
    1.8190001644e+03    4.3937189100e-12    3.8556588133e-03
    1.8200000714e+03    4.3983837955e-12    3.8556662243e-03
    1.8210002579e+03    4.3981102158e-12    3.8556736342e-03
    1.8220001678e+03    4.4055438687e-12    3.8556810427e-03
    1.8230000795e+03    4.4208615290e-12    3.8556884543e-03
    1.8240002713e+03    4.4190748428e-12    3.8556958718e-03
    1.8250001869e+03    4.4202575491e-12    3.8557032918e-03
    1.8260001049e+03    4.4249680313e-12    3.8557107171e-03
    1.8270000252e+03    4.4304066565e-12    3.8557181476e-03
    1.8280002260e+03    4.4336285842e-12    3.8557255843e-03
    1.8290001503e+03    4.4384337671e-12    3.8557330206e-03
    1.8300000761e+03    4.4371198828e-12    3.8557404556e-03
    1.8310000033e+03    4.4368764669e-12    3.8557478866e-03
    1.8320002103e+03    4.4404414216e-12    3.8557553142e-03
    1.8330001410e+03    4.4438534521e-12    3.8557627346e-03
    1.8340000737e+03    4.4469343811e-12    3.8557701527e-03
    1.8350000085e+03    4.4495284783e-12    3.8557775726e-03
    1.8360002237e+03    4.4499753253e-12    3.8557850011e-03
    1.8370001633e+03    4.4526367652e-12    3.8557924382e-03
    1.8380001053e+03    4.4569803699e-12    3.8557998882e-03
    1.8390000499e+03    4.4577520051e-12    3.8558073508e-03
    1.8400002748e+03    4.4598333157e-12    3.8558148251e-03
    1.8410002227e+03    4.4659846513e-12    3.8558223018e-03
    1.8420001717e+03    4.4703619273e-12    3.8558297782e-03
    1.8430001220e+03    4.4709827429e-12    3.8558372505e-03
    1.8440000735e+03    4.4712331736e-12    3.8558447173e-03
    1.8450000265e+03    4.4748142625e-12    3.8558521802e-03
    1.8460002591e+03    4.4754434959e-12    3.8558596434e-03
    1.8470002154e+03    4.4791936430e-12    3.8558671059e-03
    1.8480001735e+03    4.4824843164e-12    3.8558745719e-03
    1.8490001337e+03    4.4833352196e-12    3.8558820430e-03
    1.8500000962e+03    4.4823440191e-12    3.8558895196e-03
    1.8510000609e+03    4.4841601678e-12    3.8558970011e-03
    1.8520000280e+03    4.4884708026e-12    3.8559044862e-03
    1.8530002749e+03    4.4923675604e-12    3.8559119757e-03
    1.8540002449e+03    4.4900842217e-12    3.8559194648e-03
    1.8550002164e+03    4.4918681020e-12    3.8559269556e-03
    1.8560001895e+03    4.4947813756e-12    3.8559344488e-03
    1.8570001645e+03    4.4931076287e-12    3.8559419447e-03
    1.8580001414e+03    4.4947954053e-12    3.8559494429e-03
    1.8590001205e+03    4.4947652414e-12    3.8559569434e-03
    1.8600001019e+03    4.4987370582e-12    3.8559644458e-03
    1.8610000857e+03    4.5015759743e-12    3.8559719494e-03
    1.8620000718e+03    4.5028877542e-12    3.8559794534e-03
    1.8630000601e+03    4.5031508116e-12    3.8559869578e-03
    1.8640000501e+03    4.5070798378e-12    3.8559944638e-03
    1.8650000418e+03    4.5062962773e-12    3.8560019738e-03
    1.8660000354e+03    4.5017758980e-12    3.8560094912e-03
    1.8670000310e+03    4.5022143271e-12    3.8560170178e-03
    1.8680000286e+03    4.5002164934e-12    3.8560245537e-03
    1.8690000284e+03    4.5017499430e-12    3.8560320979e-03
    1.8700000303e+03    4.5019870454e-12    3.8560396486e-03
    1.8710000343e+03    4.5049823930e-12    3.8560472039e-03
    1.8720000401e+03    4.5066070358e-12    3.8560547614e-03
    1.8730000476e+03    4.5109660733e-12    3.8560623190e-03
    1.8740000568e+03    4.5183513236e-12    3.8560698751e-03
    1.8750000678e+03    4.5184333976e-12    3.8560774291e-03
    1.8760000807e+03    4.5198258484e-12    3.8560849813e-03
    1.8770000954e+03    4.5261146753e-12    3.8560925331e-03
    1.8780001115e+03    4.5237555760e-12    3.8561000862e-03
    1.8790001290e+03    4.5318542382e-12    3.8561076419e-03
    1.8800001478e+03    4.5316893889e-12    3.8561152009e-03
    1.8810001680e+03    4.5353308056e-12    3.8561227633e-03
    1.8820001897e+03    4.5348285412e-12    3.8561303283e-03
    1.8830002130e+03    4.5338366392e-12    3.8561378950e-03
    1.8840002380e+03    4.5358043090e-12    3.8561454623e-03
    1.8850002650e+03    4.5364307365e-12    3.8561530298e-03
    1.8860000158e+03    4.5362034548e-12    3.8561605950e-03
    1.8870000470e+03    4.5354339241e-12    3.8561681625e-03
    1.8880000806e+03    4.5416827663e-12    3.8561757307e-03
    1.8890001165e+03    4.5444480262e-12    3.8561833010e-03
    1.8900001541e+03    4.5451972139e-12    3.8561908744e-03
    1.8910001932e+03    4.5417395867e-12    3.8561984527e-03
    1.8920002338e+03    4.5403324046e-12    3.8562060362e-03
    1.8930002760e+03    4.5568790694e-12    3.8562136247e-03
    1.8940000419e+03    4.5588313064e-12    3.8562212151e-03
    1.8950000880e+03    4.5596267922e-12    3.8562288102e-03
    1.8960001361e+03    4.5577503157e-12    3.8562364064e-03
    1.8970001866e+03    4.5525045992e-12    3.8562440015e-03
    1.8980002395e+03    4.5533358608e-12    3.8562515952e-03
    1.8990000167e+03    4.5549612051e-12    3.8562591872e-03
    1.9000000746e+03    4.5553245752e-12    3.8562667848e-03
    1.9010001343e+03    4.5498333385e-12    3.8562743888e-03
    1.9020001951e+03    4.5508168226e-12    3.8562820011e-03
    1.9030002571e+03    4.5491444787e-12    3.8562896219e-03
    1.9040000422e+03    4.5508448821e-12    3.8562972479e-03
    1.9050001067e+03    4.5482585012e-12    3.8563048805e-03
    1.9060001728e+03    4.5457324481e-12    3.8563125140e-03
    1.9070002404e+03    4.5526336728e-12    3.8563201456e-03
    1.9080000317e+03    4.5589856335e-12    3.8563277718e-03
    1.9090001031e+03    4.5638616665e-12    3.8563353972e-03
    1.9100001766e+03    4.5665953596e-12    3.8563430214e-03
    1.9110002524e+03    4.5678068268e-12    3.8563506471e-03
    1.9120000523e+03    4.5749676015e-12    3.8563582749e-03
    1.9130001328e+03    4.5751675252e-12    3.8563659108e-03
    1.9140002149e+03    4.5815503513e-12    3.8563735530e-03
    1.9150000201e+03    4.5810978925e-12    3.8563811981e-03
    1.9160001051e+03    4.5824510600e-12    3.8563888482e-03
    1.9170001917e+03    4.5876203144e-12    3.8563965014e-03
    1.9180000020e+03    4.5885448737e-12    3.8564041506e-03
    1.9190000925e+03    4.5881702799e-12    3.8564117994e-03
    1.9200001853e+03    4.5832963513e-12    3.8564194468e-03
    1.9210000022e+03    4.5809611026e-12    3.8564270929e-03
    1.9220000996e+03    4.5831770986e-12    3.8564347465e-03
    1.9230001995e+03    4.5812157422e-12    3.8564424038e-03
    1.9240000234e+03    4.5819010946e-12    3.8564500639e-03
    1.9250001270e+03    4.5820463023e-12    3.8564577313e-03
    1.9260002324e+03    4.5809148045e-12    3.8564654038e-03
    1.9270000613e+03    4.5828691460e-12    3.8564730785e-03
    1.9280001703e+03    4.5838070335e-12    3.8564807584e-03
    1.9290000031e+03    4.5866206961e-12    3.8564884379e-03
    1.9300001162e+03    4.5884207106e-12    3.8564961200e-03
    1.9310002314e+03    4.5962352707e-12    3.8565038025e-03
    1.9320000705e+03    4.5997637480e-12    3.8565114840e-03
    1.9330001899e+03    4.6019418638e-12    3.8565191703e-03
    1.9340000330e+03    4.6065246754e-12    3.8565268587e-03
    1.9350001560e+03    4.6102243155e-12    3.8565345552e-03
    1.9360000025e+03    4.6102446586e-12    3.8565422562e-03
    1.9370001289e+03    4.6162058913e-12    3.8565499659e-03
    1.9380002571e+03    4.6222877796e-12    3.8565576811e-03
    1.9390001084e+03    4.6235785149e-12    3.8565653978e-03
    1.9400002394e+03    4.6285408307e-12    3.8565731181e-03
    1.9410000935e+03    4.6298105214e-12    3.8565808358e-03
    1.9420002273e+03    4.6300763848e-12    3.8565885541e-03
    1.9430000844e+03    4.6306361711e-12    3.8565962682e-03
    1.9440002212e+03    4.6383504186e-12    3.8566039827e-03
    1.9450000816e+03    4.6455694167e-12    3.8566116945e-03
    1.9460002220e+03    4.6469008382e-12    3.8566194084e-03
    1.9470000862e+03    4.6536687804e-12    3.8566271214e-03
    1.9480002308e+03    4.6452046437e-12    3.8566348394e-03
    1.9490000995e+03    4.6457707434e-12    3.8566425584e-03
    1.9500002488e+03    4.6491042074e-12    3.8566502801e-03
    1.9510001218e+03    4.6530795317e-12    3.8566579996e-03
    1.9520002744e+03    4.6552871099e-12    3.8566657241e-03
    1.9530001504e+03    4.6573564952e-12    3.8566734515e-03
    1.9540000281e+03    4.6593851943e-12    3.8566811837e-03
    1.9550001858e+03    4.6647080742e-12    3.8566889229e-03
    1.9560000672e+03    4.6659826753e-12    3.8566966656e-03
    1.9570002290e+03    4.6661868079e-12    3.8567044164e-03
    1.9580001148e+03    4.6629361192e-12    3.8567121696e-03
    1.9590000029e+03    4.6632595045e-12    3.8567199253e-03
    1.9600001717e+03    4.6605945571e-12    3.8567276845e-03
    1.9610000647e+03    4.6588071694e-12    3.8567354428e-03
    1.9620002373e+03    4.6556259279e-12    3.8567432051e-03
    1.9630001329e+03    4.6540468817e-12    3.8567509676e-03
    1.9640000297e+03    4.6573803457e-12    3.8567587324e-03
    1.9650002059e+03    4.6565245322e-12    3.8567665016e-03
    1.9660001053e+03    4.6597317287e-12    3.8567742719e-03
    1.9670000061e+03    4.6665010739e-12    3.8567820475e-03
    1.9680001868e+03    4.6778707678e-12    3.8567898302e-03
    1.9690000911e+03    4.6844443983e-12    3.8567976135e-03
    1.9700002755e+03    4.6848161862e-12    3.8568054008e-03
    1.9710001839e+03    4.6600046069e-12    3.8568131873e-03
    1.9720000946e+03    4.6657210208e-12    3.8568209726e-03
    1.9730000076e+03    4.6662716878e-12    3.8568287548e-03
    1.9740002012e+03    4.6657476773e-12    3.8568365376e-03
    1.9750001181e+03    4.6733784480e-12    3.8568443199e-03
    1.9760000364e+03    4.6826065035e-12    3.8568521060e-03
    1.9770002344e+03    4.6889612702e-12    3.8568598985e-03
    1.9780001559e+03    4.6868967953e-12    3.8568676926e-03
    1.9790000792e+03    4.6949435475e-12    3.8568754901e-03
    1.9800000046e+03    4.7011622257e-12    3.8568832910e-03
    1.9810002104e+03    4.7047987320e-12    3.8568910971e-03
    1.9820001403e+03    4.7090967401e-12    3.8568989025e-03
    1.9830000725e+03    4.7016062667e-12    3.8569067080e-03
    1.9840000072e+03    4.7033291177e-12    3.8569145143e-03
    1.9850002221e+03    4.7046247633e-12    3.8569223260e-03
    1.9860001603e+03    4.7192479519e-12    3.8569301385e-03
    1.9870001000e+03    4.7214506197e-12    3.8569379530e-03
    1.9880000415e+03    4.7297428922e-12    3.8569457706e-03
    1.9890002629e+03    4.7341180638e-12    3.8569535965e-03
    1.9900002080e+03    4.7437396533e-12    3.8569614286e-03
    1.9910001550e+03    4.7501028378e-12    3.8569692693e-03
    1.9920001041e+03    4.7518320021e-12    3.8569771175e-03
    1.9930000552e+03    4.7514903782e-12    3.8569849710e-03
    1.9940000084e+03    4.7595245036e-12    3.8569928273e-03
    1.9950002418e+03    4.7594487431e-12    3.8570006862e-03
    1.9960001989e+03    4.7578514582e-12    3.8570085417e-03
    1.9970001578e+03    4.7620428403e-12    3.8570163953e-03
    1.9980001184e+03    4.7637551690e-12    3.8570242479e-03
    1.9990000806e+03    4.7727657637e-12    3.8570321009e-03
    2.0000000000e+03    4.7741589160e-12    3.8570399565e-03
