                   t                divB                mass
    0.0000000000e+00    4.8274294362e-12    4.3810883890e-03
    1.0000531125e+00    4.8321653255e-12    4.3812094617e-03
    2.0000872373e+00    4.8378145441e-12    4.3813306027e-03
    3.0001269633e+00    4.8362388323e-12    4.3814518166e-03
    4.0001723265e+00    4.8350074427e-12    4.3815732585e-03
    5.0002176281e+00    4.8354363865e-12    4.3816946166e-03
    6.0000124874e+00    4.8373184867e-12    4.3818157439e-03
    7.0000591272e+00    4.8424278781e-12    4.3819367425e-03
    8.0001088160e+00    4.8419055588e-12    4.3820577235e-03
    9.0001616166e+00    4.8454479924e-12    4.3821787000e-03
    1.0000217725e+01    4.8340240819e-12    4.3822996680e-03
    1.1000028786e+01    4.8301781779e-12    4.3824206124e-03
    1.2000090769e+01    4.8353780268e-12    4.3825416037e-03
    1.3000155431e+01    4.8313716337e-12    4.3826626137e-03
    1.4000222781e+01    4.8237031696e-12    4.3827836386e-03
    1.5000044799e+01    4.8190227220e-12    4.3829046452e-03
    1.6000118029e+01    4.8143802082e-12    4.3830256961e-03
    1.7000194457e+01    4.8059705760e-12    4.3831467657e-03
    1.8000025977e+01    4.7961077873e-12    4.3832678240e-03
    1.9000108948e+01    4.7928980040e-12    4.3833889246e-03
    2.0000195245e+01    4.7874617984e-12    4.3835100285e-03
    2.1000036730e+01    4.7767206963e-12    4.3836310991e-03
    2.2000129749e+01    4.7766039769e-12    4.3837521947e-03
    2.3000226142e+01    4.7694636681e-12    4.3838732853e-03
    2.4000077732e+01    4.7631695749e-12    4.3839943424e-03
    2.5000180840e+01    4.7534176697e-12    4.3841154274e-03
    2.6000039139e+01    4.7478238928e-12    4.3842364830e-03
    2.7000148946e+01    4.7442814592e-12    4.3843575715e-03
    2.8000013889e+01    4.7410249882e-12    4.3844786343e-03
    2.9000130257e+01    4.7382266408e-12    4.3845997313e-03
    3.0000001668e+01    4.7346433554e-12    4.3847207995e-03
    3.1000124424e+01    4.7310892499e-12    4.3848418940e-03
    3.2000002168e+01    4.7316028153e-12    4.3849629495e-03
    3.3000131249e+01    4.7234820636e-12    4.3850840229e-03
    3.4000015336e+01    4.7199833998e-12    4.3852050538e-03
    3.5000150800e+01    4.7152329205e-12    4.3853261047e-03
    3.6000041312e+01    4.7112673792e-12    4.3854471198e-03
    3.7000183224e+01    4.7103423780e-12    4.3855681637e-03
    3.8000080197e+01    4.7064672942e-12    4.3856891799e-03
    3.9000228588e+01    4.6994612127e-12    4.3858102287e-03
    4.0000132055e+01    4.6991081365e-12    4.3859312479e-03
    4.1000038785e+01    4.7014658682e-12    4.3860522629e-03
    4.2000196946e+01    4.7054751793e-12    4.3861732989e-03
    4.3000110139e+01    4.7072055443e-12    4.3862942927e-03
    4.4000026500e+01    4.7107012901e-12    4.3864152740e-03
    4.5000194191e+01    4.7082443469e-12    4.3865362742e-03
    4.6000116829e+01    4.7043284113e-12    4.3866572362e-03
    4.7000042601e+01    4.6992919696e-12    4.3867781927e-03
    4.8000219709e+01    4.6965548998e-12    4.3868991753e-03
    4.9000151814e+01    4.6917373069e-12    4.3870201251e-03
    5.0000087131e+01    4.6847837491e-12    4.3871410732e-03
    5.1000025684e+01    4.6793913132e-12    4.3872620215e-03
    5.2000215675e+01    4.6710779745e-12    4.3873830021e-03
    5.3000160744e+01    4.6666747354e-12    4.3875039571e-03
    5.4000109100e+01    4.6595460986e-12    4.3876249189e-03
    5.5000060749e+01    4.6551924652e-12    4.3877458883e-03
    5.6000015696e+01    4.6493681676e-12    4.3878668652e-03
    5.7000222145e+01    4.6423650040e-12    4.3879878783e-03
    5.8000183727e+01    4.6370805336e-12    4.3881088658e-03
    5.9000148639e+01    4.6335264281e-12    4.3882298553e-03
    6.0000116889e+01    4.6251605656e-12    4.3883508440e-03
    6.1000088477e+01    4.6230683705e-12    4.3884718294e-03
    6.2000063400e+01    4.6209440776e-12    4.3885928101e-03
    6.3000041643e+01    4.6219274385e-12    4.3887137847e-03
    6.4000023190e+01    4.6228787015e-12    4.3888347526e-03
    6.5000008032e+01    4.6181807460e-12    4.3889557139e-03
    6.6000244367e+01    4.6150760102e-12    4.3890766994e-03
    6.7000235800e+01    4.6113993493e-12    4.3891976500e-03
    6.8000230522e+01    4.6031531243e-12    4.3893185973e-03
    6.9000228522e+01    4.5998091137e-12    4.3894395424e-03
    7.0000229786e+01    4.5964359232e-12    4.3895604859e-03
    7.1000234302e+01    4.5964855290e-12    4.3896814269e-03
    7.2000242064e+01    4.5959923895e-12    4.3898023636e-03
    7.3000004873e+01    4.5981633702e-12    4.3899232630e-03
    7.4000019139e+01    4.6031326984e-12    4.3900441820e-03
    7.5000036664e+01    4.6053474488e-12    4.3901650886e-03
    7.6000057437e+01    4.6059952415e-12    4.3902859818e-03
    7.7000081438e+01    4.6128291619e-12    4.3904068621e-03
    7.8000108639e+01    4.6148133915e-12    4.3905277312e-03
    7.9000139026e+01    4.6120909117e-12    4.3906485912e-03
    8.0000172606e+01    4.6139409141e-12    4.3907694448e-03
    8.1000209396e+01    4.6148834232e-12    4.3908902942e-03
    8.2000001197e+01    4.6140226176e-12    4.3910111110e-03
    8.3000044441e+01    4.6117495075e-12    4.3911319570e-03
    8.4000090919e+01    4.6093859398e-12    4.3912528037e-03
    8.5000140628e+01    4.6091204032e-12    4.3913736514e-03
    8.6000193564e+01    4.6029255214e-12    4.3914944999e-03
    8.7000001507e+01    4.5975622654e-12    4.3916153187e-03
    8.8000060887e+01    4.5911426988e-12    4.3917361674e-03
    8.9000123502e+01    4.5798442616e-12    4.3918570163e-03
    9.0000189376e+01    4.5752746974e-12    4.3919778662e-03
    9.1000010320e+01    4.5725288737e-12    4.3920986878e-03
    9.2000082793e+01    4.5674749241e-12    4.3922195410e-03
    9.3000158598e+01    4.5624326463e-12    4.3923403950e-03
    9.4000237742e+01    4.5597043305e-12    4.3924612483e-03
    9.5000072009e+01    4.5619511788e-12    4.3925820695e-03
    9.6000157840e+01    4.5601449462e-12    4.3927029170e-03
    9.7000247010e+01    4.5599961290e-12    4.3928237596e-03
    9.8000091288e+01    4.5700602586e-12    4.3929445660e-03
    9.9000187123e+01    4.5664069416e-12    4.3930653958e-03
    1.0000003807e+02    4.5668738192e-12    4.3931861883e-03
    1.0100014058e+02    4.5654381707e-12    4.3933070034e-03
    1.0200024642e+02    4.5624122204e-12    4.3934278107e-03
    1.0300010736e+02    4.5631650605e-12    4.3935485799e-03
    1.0400021985e+02    4.5681956663e-12    4.3936693709e-03
    1.0500008741e+02    4.5728235902e-12    4.3937901235e-03
    1.0600020653e+02    4.5772910249e-12    4.3939108971e-03
    1.0700008074e+02    4.5799959969e-12    4.3940316315e-03
    1.0800020654e+02    4.5853855148e-12    4.3941523858e-03
    1.0900008747e+02    4.5884756607e-12    4.3942730999e-03
    1.1000022000e+02    4.5917817375e-12    4.3943938342e-03
    1.1100010762e+02    4.5949681769e-12    4.3945145297e-03
    1.1200024676e+02    4.5941132073e-12    4.3946352483e-03
    1.1300014093e+02    4.5988315888e-12    4.3947559325e-03
    1.1400003833e+02    4.5947230662e-12    4.3948766137e-03
    1.1500018718e+02    4.5904423825e-12    4.3949973225e-03
    1.1600009098e+02    4.5889046045e-12    4.3951180003e-03
    1.1700024621e+02    4.5840986835e-12    4.3952387090e-03
    1.1800015637e+02    4.5790272259e-12    4.3953593922e-03
    1.1900006970e+02    4.5715630208e-12    4.3954800839e-03
    1.2000023445e+02    4.5650763406e-12    4.3956008179e-03
    1.2100015416e+02    4.5574574822e-12    4.3957215373e-03
    1.2200007707e+02    4.5476355454e-12    4.3958422738e-03
    1.2300000321e+02    4.5435941364e-12    4.3959630277e-03
    1.2400018084e+02    4.5425640878e-12    4.3960838274e-03
    1.2500011351e+02    4.5374809583e-12    4.3962046106e-03
    1.2600004947e+02    4.5357039055e-12    4.3963254040e-03
    1.2700023700e+02    4.5295382036e-12    4.3964462347e-03
    1.2800017963e+02    4.5257827572e-12    4.3965670400e-03
    1.2900012560e+02    4.5210643758e-12    4.3966878477e-03
    1.3000007493e+02    4.5206587759e-12    4.3968086562e-03
    1.3100002759e+02    4.5132558484e-12    4.3969294647e-03
    1.3200023180e+02    4.5085870728e-12    4.3970503031e-03
    1.3300019104e+02    4.5055698765e-12    4.3971711124e-03
    1.3400015355e+02    4.5000957370e-12    4.3972919228e-03
    1.3500011932e+02    4.4986250726e-12    4.3974127341e-03
    1.3600008835e+02    4.5004254693e-12    4.3975335454e-03
    1.3700006060e+02    4.4998418723e-12    4.3976543557e-03
    1.3800003607e+02    4.5069967710e-12    4.3977751639e-03
    1.3900001476e+02    4.5122958314e-12    4.3978959683e-03
    1.4000024492e+02    4.5168829036e-12    4.3980167970e-03
    1.4100023005e+02    4.5260395399e-12    4.3981375878e-03
    1.4200021841e+02    4.5295907274e-12    4.3982583688e-03
    1.4300021000e+02    4.5328121826e-12    4.3983791388e-03
    1.4400020479e+02    4.5337809536e-12    4.3984998977e-03
    1.4500020276e+02    4.5374109266e-12    4.3986206464e-03
    1.4600020387e+02    4.5406732337e-12    4.3987413868e-03
    1.4700020814e+02    4.5471103081e-12    4.3988621213e-03
    1.4800021557e+02    4.5472095196e-12    4.3989828514e-03
    1.4900022614e+02    4.5460306538e-12    4.3991035787e-03
    1.5000023987e+02    4.5447350685e-12    4.3992243044e-03
    1.5100000848e+02    4.5433519437e-12    4.3993449995e-03
    1.5200002851e+02    4.5442185852e-12    4.3994657252e-03
    1.5300005170e+02    4.5440785219e-12    4.3995864525e-03
    1.5400007804e+02    4.5432644042e-12    4.3997071820e-03
    1.5500010755e+02    4.5403405834e-12    4.3998279135e-03
    1.5600014022e+02    4.5366522506e-12    4.3999486467e-03
    1.5700017608e+02    4.5289487707e-12    4.4000693807e-03
    1.5800021514e+02    4.5271016863e-12    4.4001901147e-03
    1.5900000917e+02    4.5179362961e-12    4.4003108187e-03
    1.6000005473e+02    4.5136760383e-12    4.4004315527e-03
    1.6100010359e+02    4.5122899955e-12    4.4005522871e-03
    1.6200015576e+02    4.5124738285e-12    4.4006730221e-03
    1.6300021124e+02    4.5056486621e-12    4.4007937579e-03
    1.6400002174e+02    4.5017006286e-12    4.4009144645e-03
    1.6500008379e+02    4.5005538606e-12    4.4010352013e-03
    1.6600014911e+02    4.5027248413e-12    4.4011559375e-03
    1.6700021769e+02    4.4984237317e-12    4.4012766719e-03
    1.6800004124e+02    4.5003496017e-12    4.4013973733e-03
    1.6900011630e+02    4.4992874552e-12    4.4015181007e-03
    1.7000019457e+02    4.4969589033e-12    4.4016388239e-03
    1.7100002775e+02    4.5006530721e-12    4.4017595132e-03
    1.7200011240e+02    4.5064540259e-12    4.4018802287e-03
    1.7300020025e+02    4.5139561648e-12    4.4020009399e-03
    1.7400004301e+02    4.5225204502e-12    4.4021216153e-03
    1.7500013727e+02    4.5281463249e-12    4.4022423133e-03
    1.7600023476e+02    4.5324532705e-12    4.4023630030e-03
    1.7700008717e+02    4.5387473637e-12    4.4024836542e-03
    1.7800019104e+02    4.5393397146e-12    4.4026043270e-03
    1.7900004977e+02    4.5383505178e-12    4.4027249625e-03
    1.8000015994e+02    4.5430776531e-12    4.4028456220e-03
    1.8100002496e+02    4.5464683515e-12    4.4029662463e-03
    1.8200014140e+02    4.5445045477e-12    4.4030868953e-03
    1.8300001268e+02    4.5444345161e-12    4.4032075089e-03
    1.8400013538e+02    4.5423831728e-12    4.4033281474e-03
    1.8500001292e+02    4.5412947644e-12    4.4034487521e-03
    1.8600014188e+02    4.5379011481e-12    4.4035693850e-03
    1.8700002567e+02    4.5342478311e-12    4.4036899893e-03
    1.8800016090e+02    4.5323949108e-12    4.4038106278e-03
    1.8900005099e+02    4.5285139910e-12    4.4039312417e-03
    1.9000019256e+02    4.5251087027e-12    4.4040518902e-03
    1.9100008902e+02    4.5247381186e-12    4.4041725121e-03
    1.9200023702e+02    4.5188000196e-12    4.4042931660e-03
    1.9300013999e+02    4.5122374718e-12    4.4044137909e-03
    1.9400004628e+02    4.5062760288e-12    4.4045344156e-03
    1.9500020419e+02    4.5040904582e-12    4.4046550695e-03
    1.9600011713e+02    4.5009857224e-12    4.4047756926e-03
    1.9700003339e+02    4.4967575624e-12    4.4048963150e-03
    1.9800020127e+02    4.4966816948e-12    4.4050169669e-03
    1.9900012415e+02    4.4884763215e-12    4.4051375882e-03
    2.0000005034e+02    4.4863140948e-12    4.4052582085e-03
    2.0100022812e+02    4.4847354650e-12    4.4053788581e-03
    2.0200016087e+02    4.4778256770e-12    4.4054994779e-03
    2.0300009687e+02    4.4773617174e-12    4.4056200985e-03
    2.0400003610e+02    4.4827570713e-12    4.4057407194e-03
    2.0500022686e+02    4.4824740268e-12    4.4058613691e-03
    2.0600017251e+02    4.4894480104e-12    4.4059819853e-03
    2.0700012137e+02    4.4956312202e-12    4.4061025962e-03
    2.0800007346e+02    4.4992903732e-12    4.4062232000e-03
    2.0900002878e+02    4.5054794189e-12    4.4063437957e-03
    2.1000023562e+02    4.5107405455e-12    4.4064644119e-03
    2.1100019734e+02    4.5139824267e-12    4.4065849874e-03
    2.1200016222e+02    4.5186716282e-12    4.4067055518e-03
    2.1300013025e+02    4.5244842540e-12    4.4068261065e-03
    2.1400010143e+02    4.5256135141e-12    4.4069466543e-03
    2.1500007576e+02    4.5306412019e-12    4.4070671992e-03
    2.1600005323e+02    4.5273934848e-12    4.4071877432e-03
    2.1700003384e+02    4.5277144631e-12    4.4073082874e-03
    2.1800001760e+02    4.5347001188e-12    4.4074288316e-03
    2.1900000449e+02    4.5361240953e-12    4.4075493746e-03
    2.2000024282e+02    4.5409475242e-12    4.4076699458e-03
    2.2100023600e+02    4.5416390866e-12    4.4077904866e-03
    2.2200023234e+02    4.5453741072e-12    4.4079110298e-03
    2.2300023187e+02    4.5480061295e-12    4.4080315759e-03
    2.2400023463e+02    4.5508249028e-12    4.4081521239e-03
    2.2500024066e+02    4.5572298794e-12    4.4082726722e-03
    2.2600000168e+02    4.5607548051e-12    4.4083931898e-03
    2.2700001435e+02    4.5666637243e-12    4.4085137365e-03
    2.2800003037e+02    4.5682394361e-12    4.4086342828e-03
    2.2900004975e+02    4.5788754907e-12    4.4087548294e-03
    2.3000007248e+02    4.5857881967e-12    4.4088753768e-03
    2.3100009858e+02    4.5886157240e-12    4.4089959256e-03
    2.3200012801e+02    4.5931123385e-12    4.4091164762e-03
    2.3300016078e+02    4.5949331611e-12    4.4092370284e-03
    2.3400019687e+02    4.6072441389e-12    4.4093575816e-03
    2.3500023626e+02    4.6098236375e-12    4.4094781342e-03
    2.3600003059e+02    4.6138796364e-12    4.4095986550e-03
    2.3700007651e+02    4.6186417876e-12    4.4097192027e-03
    2.3800012567e+02    4.6292574163e-12    4.4098397462e-03
    2.3900017806e+02    4.6394937070e-12    4.4099602848e-03
    2.4000023368e+02    4.6454609859e-12    4.4100808175e-03
    2.4100004422e+02    4.6531848917e-12    4.4102013129e-03
    2.4200010634e+02    4.6540515332e-12    4.4103218300e-03
    2.4300017171e+02    4.6617550130e-12    4.4104423389e-03
    2.4400024030e+02    4.6641127448e-12    4.4105628400e-03
    2.4500006372e+02    4.6710633846e-12    4.4106833039e-03
    2.4600013865e+02    4.6793650513e-12    4.4108037917e-03
    2.4700021673e+02    4.6822596923e-12    4.4109242736e-03
    2.4800004962e+02    4.6881277597e-12    4.4110447199e-03
    2.4900013400e+02    4.6940600228e-12    4.4111651904e-03
    2.5000022152e+02    4.6979905483e-12    4.4112856562e-03
    2.5100006384e+02    4.7071471846e-12    4.4114060891e-03
    2.5200015765e+02    4.7108530253e-12    4.4115265507e-03
    2.5300000626e+02    4.7114366223e-12    4.4116469828e-03
    2.5400010639e+02    4.7154721953e-12    4.4117674464e-03
    2.5500020972e+02    4.7146726674e-12    4.4118879123e-03
    2.5600006793e+02    4.7125337846e-12    4.4120083505e-03
    2.5700017776e+02    4.7183843441e-12    4.4121288207e-03
    2.5800004256e+02    4.7200038257e-12    4.4122492627e-03
    2.5900015905e+02    4.7187899440e-12    4.4123697357e-03
    2.6000003055e+02    4.7198024847e-12    4.4124901791e-03
    2.6100015381e+02    4.7185915210e-12    4.4126106522e-03
    2.6200003211e+02    4.7198695984e-12    4.4127310947e-03
    2.6300016218e+02    4.7188512217e-12    4.4128515661e-03
    2.6400004728e+02    4.7200096617e-12    4.4129720066e-03
    2.6500018412e+02    4.7214190483e-12    4.4130924762e-03
    2.6600007596e+02    4.7212964929e-12    4.4132129152e-03
    2.6700021952e+02    4.7236162909e-12    4.4133333834e-03
    2.6800011806e+02    4.7217633705e-12    4.4134538208e-03
    2.6900001991e+02    4.7199542199e-12    4.4135742575e-03
    2.7000017341e+02    4.7202664443e-12    4.4136947234e-03
    2.7100008181e+02    4.7194523266e-12    4.4138151583e-03
    2.7200024182e+02    4.7224024092e-12    4.4139356210e-03
    2.7300015672e+02    4.7197587150e-12    4.4140560499e-03
    2.7400007487e+02    4.7224257531e-12    4.4141764727e-03
    2.7500024464e+02    4.7197908128e-12    4.4142969170e-03
    2.7600016930e+02    4.7203277220e-12    4.4144173213e-03
    2.7700009719e+02    4.7223498855e-12    4.4145377151e-03
    2.7800002828e+02    4.7200475955e-12    4.4146580984e-03
    2.7900021091e+02    4.7190583986e-12    4.4147785023e-03
    2.8000014832e+02    4.7147251912e-12    4.4148988684e-03
    2.8100008889e+02    4.7226621098e-12    4.4150192280e-03
    2.8200003261e+02    4.7301584128e-12    4.4151395832e-03
    2.8300022783e+02    4.7339517930e-12    4.4152599660e-03
    2.8400017782e+02    4.7390057427e-12    4.4153803187e-03
    2.8500013096e+02    4.7439517270e-12    4.4155006727e-03
    2.8600008725e+02    4.7497935325e-12    4.4156210289e-03
    2.8700004672e+02    4.7513429825e-12    4.4157413881e-03
    2.8800000939e+02    4.7541354939e-12    4.4158617504e-03
    2.8900022368e+02    4.7564552918e-12    4.4159821456e-03
    2.9000019286e+02    4.7629828238e-12    4.4161025125e-03
    2.9100016535e+02    4.7632075087e-12    4.4162228796e-03
    2.9200014118e+02    4.7667324343e-12    4.4163432460e-03
    2.9300012038e+02    4.7695803875e-12    4.4164636113e-03
    2.9400010297e+02    4.7741032639e-12    4.4165839758e-03
    2.9500008899e+02    4.7831665247e-12    4.4167043404e-03
    2.9600007842e+02    4.7875697638e-12    4.4168247057e-03
    2.9700007125e+02    4.7926499753e-12    4.4169450722e-03
    2.9800006747e+02    4.7951594423e-12    4.4170654400e-03
    2.9900006705e+02    4.7983079479e-12    4.4171858084e-03
    3.0000006999e+02    4.7996735648e-12    4.4173061767e-03
    3.0100007628e+02    4.8097143505e-12    4.4174265441e-03
    3.0200008588e+02    4.8167612838e-12    4.4175469095e-03
    3.0300009877e+02    4.8176308432e-12    4.4176672720e-03
    3.0400011492e+02    4.8250104268e-12    4.4177876306e-03
    3.0500013431e+02    4.8312169805e-12    4.4179079843e-03
    3.0600015694e+02    4.8392910444e-12    4.4180283318e-03
    3.0700018282e+02    4.8449344270e-12    4.4181486719e-03
    3.0800021194e+02    4.8489758360e-12    4.4182690028e-03
    3.0900024432e+02    4.8524219760e-12    4.4183893238e-03
    3.1000003154e+02    4.8628129199e-12    4.4185096050e-03
    3.1100007033e+02    4.8624540078e-12    4.4186299070e-03
    3.1200011229e+02    4.8720891936e-12    4.4187502014e-03
    3.1300015738e+02    4.8831162582e-12    4.4188704895e-03
    3.1400020561e+02    4.8924975793e-12    4.4189907722e-03
    3.1500000857e+02    4.9061858460e-12    4.4191110203e-03
    3.1600006304e+02    4.9127133780e-12    4.4192312946e-03
    3.1700012064e+02    4.9195210366e-12    4.4193515667e-03
    3.1800018139e+02    4.9246304280e-12    4.4194718379e-03
    3.1900024529e+02    4.9327745235e-12    4.4195921096e-03
    3.2000006397e+02    4.9387184586e-12    4.4197123528e-03
    3.2100013426e+02    4.9395792641e-12    4.4198326280e-03
    3.2200020778e+02    4.9445485922e-12    4.4199529061e-03
    3.2300003618e+02    4.9509798307e-12    4.4200731574e-03
    3.2400011628e+02    4.9550445836e-12    4.4201934419e-03
    3.2500019973e+02    4.9595820499e-12    4.4203137297e-03
    3.2600003815e+02    4.9607025561e-12    4.4204339906e-03
    3.2700012838e+02    4.9699467320e-12    4.4205542839e-03
    3.2800022203e+02    4.9744375106e-12    4.4206745790e-03
    3.2900007068e+02    4.9786452446e-12    4.4207948449e-03
    3.3000017115e+02    4.9812393331e-12    4.4209151403e-03
    3.3100002658e+02    4.9845366560e-12    4.4210354046e-03
    3.3200013378e+02    4.9891003842e-12    4.4211556971e-03
    3.3300024432e+02    4.9901421048e-12    4.4212759879e-03
    3.3400010976e+02    4.9936232606e-12    4.4213962472e-03
    3.3500022691e+02    4.9995613597e-12    4.4215165343e-03
    3.3600009891e+02    5.0072648396e-12    4.4216367891e-03
    3.3700022256e+02    5.0199318116e-12    4.4217570706e-03
    3.3800010101e+02    5.0262988545e-12    4.4218773182e-03
    3.3900023108e+02    5.0338476811e-12    4.4219975905e-03
    3.4000011595e+02    5.0372500514e-12    4.4221178262e-03
    3.4100000404e+02    5.0413352302e-12    4.4222380532e-03
    3.4200014377e+02    5.0431852325e-12    4.4223582998e-03
    3.4300003828e+02    5.0469435969e-12    4.4224785054e-03
    3.4400018439e+02    5.0512067727e-12    4.4225987296e-03
    3.4500008520e+02    5.0548659257e-12    4.4227189138e-03
    3.4600023756e+02    5.0641888871e-12    4.4228391188e-03
    3.4700014460e+02    5.0724993078e-12    4.4229592861e-03
    3.4800005473e+02    5.0780347250e-12    4.4230794466e-03
    3.4900021639e+02    5.0880871827e-12    4.4231996324e-03
    3.5000013274e+02    5.0942091148e-12    4.4233197867e-03
    3.5100005221e+02    5.0979353814e-12    4.4234399422e-03
    3.5200022324e+02    5.1048714312e-12    4.4235601311e-03
    3.5300014900e+02    5.1053966685e-12    4.4236802951e-03
    3.5400007794e+02    5.1048218255e-12    4.4238004640e-03
    3.5500001010e+02    5.1052011635e-12    4.4239206377e-03
    3.5600019394e+02    5.1081483282e-12    4.4240408448e-03
    3.5700013262e+02    5.1112501460e-12    4.4241610244e-03
    3.5800007463e+02    5.1138938403e-12    4.4242812053e-03
    3.5900001997e+02    5.1096861062e-12    4.4244013869e-03
    3.6000021713e+02    5.1132577196e-12    4.4245215992e-03
    3.6100016923e+02    5.1191520489e-12    4.4246417829e-03
    3.6200012472e+02    5.1212821778e-12    4.4247619681e-03
    3.6300008358e+02    5.1231584420e-12    4.4248821546e-03
    3.6400004579e+02    5.1310457549e-12    4.4250023418e-03
    3.6500001135e+02    5.1369780180e-12    4.4251225290e-03
    3.6600022866e+02    5.1390176894e-12    4.4252427454e-03
    3.6700020084e+02    5.1438586262e-12    4.4253629301e-03
    3.6800017630e+02    5.1558165279e-12    4.4254831121e-03
    3.6900015502e+02    5.1610834905e-12    4.4256032907e-03
    3.7000013697e+02    5.1692888638e-12    4.4257234655e-03
    3.7100012211e+02    5.1776518082e-12    4.4258436359e-03
    3.7200011044e+02    5.1893937790e-12    4.4259638004e-03
    3.7300010196e+02    5.1989676872e-12    4.4260839575e-03
    3.7400009668e+02    5.2016230534e-12    4.4262041042e-03
    3.7500009459e+02    5.2053930897e-12    4.4263242380e-03
    3.7600009569e+02    5.2045352022e-12    4.4264443573e-03
    3.7700009995e+02    5.2079871782e-12    4.4265644623e-03
    3.7800010733e+02    5.2119322937e-12    4.4266845551e-03
    3.7900011782e+02    5.2195540700e-12    4.4268046390e-03
    3.8000013142e+02    5.2206395603e-12    4.4269247167e-03
    3.8100014810e+02    5.2271320765e-12    4.4270447893e-03
    3.8200016786e+02    5.2333648920e-12    4.4271648572e-03
    3.8300019071e+02    5.2409166367e-12    4.4272849212e-03
    3.8400021667e+02    5.2504905448e-12    4.4274049824e-03
    3.8500024574e+02    5.2588184735e-12    4.4275250420e-03
    3.8600002949e+02    5.2619290453e-12    4.4276450718e-03
    3.8700006487e+02    5.2698367841e-12    4.4277651326e-03
    3.8800010347e+02    5.2713541362e-12    4.4278851959e-03
    3.8900014533e+02    5.2732858421e-12    4.4280052627e-03
    3.9000019047e+02    5.2746864748e-12    4.4281253336e-03
    3.9100023894e+02    5.2782464163e-12    4.4282454085e-03
    3.9200004231e+02    5.2837672435e-12    4.4283654573e-03
    3.9300009752e+02    5.2851211885e-12    4.4284855385e-03
    3.9400015611e+02    5.2925678857e-12    4.4286056210e-03
    3.9500021808e+02    5.2998249139e-12    4.4287257038e-03
    3.9600003495e+02    5.3028275203e-12    4.4288457563e-03
    3.9700010364e+02    5.3071986615e-12    4.4289658382e-03
    3.9800017566e+02    5.3156024577e-12    4.4290859193e-03
    3.9900000253e+02    5.3212020706e-12    4.4292059694e-03
    4.0000008117e+02    5.3294307877e-12    4.4293260472e-03
    4.0100016309e+02    5.3329994831e-12    4.4294461214e-03
    4.0200024830e+02    5.3410297773e-12    4.4295661904e-03
    4.0300008832e+02    5.3492643304e-12    4.4296862241e-03
    4.0400018004e+02    5.3551090540e-12    4.4298062815e-03
    4.0500002647e+02    5.3567635514e-12    4.4299263017e-03
    4.0600012448e+02    5.3636966833e-12    4.4300463420e-03
    4.0700022559e+02    5.3616599299e-12    4.4301663706e-03
    4.0800008132e+02    5.3626870605e-12    4.4302863561e-03
    4.0900018866e+02    5.3623106405e-12    4.4304063576e-03
    4.1000005071e+02    5.3617678953e-12    4.4305263157e-03
    4.1100016444e+02    5.3596260945e-12    4.4306462900e-03
    4.1200003291e+02    5.3528359438e-12    4.4307662211e-03
    4.1300015302e+02    5.3474901957e-12    4.4308861687e-03
    4.1400002777e+02    5.3460049414e-12    4.4310060735e-03
    4.1500015403e+02    5.3448260755e-12    4.4311259963e-03
    4.1600003479e+02    5.3523194605e-12    4.4312458798e-03
    4.1700016697e+02    5.3587156832e-12    4.4313657868e-03
    4.1800005360e+02    5.3649484987e-12    4.4314856613e-03
    4.1900019169e+02    5.3689723998e-12    4.4316055666e-03
    4.2000008431e+02    5.3762936237e-12    4.4317254464e-03
    4.2100022851e+02    5.3743910976e-12    4.4318453624e-03
    4.2200012737e+02    5.3786805352e-12    4.4319652559e-03
    4.2300002945e+02    5.3870463976e-12    4.4320851556e-03
    4.2400018330e+02    5.3932821312e-12    4.4322050896e-03
    4.2500009196e+02    5.3998942847e-12    4.4323249960e-03
    4.2600000397e+02    5.4096578619e-12    4.4324449028e-03
    4.2700016781e+02    5.4159694630e-12    4.4325648388e-03
    4.2800008651e+02    5.4148197770e-12    4.4326847447e-03
    4.2900000854e+02    5.4170987231e-12    4.4328046515e-03
    4.3000018236e+02    5.4213939968e-12    4.4329245904e-03
    4.3100011094e+02    5.4267543348e-12    4.4330445026e-03
    4.3200004276e+02    5.4315544198e-12    4.4331644179e-03
    4.3300022628e+02    5.4364858142e-12    4.4332843646e-03
    4.3400016450e+02    5.4390332149e-12    4.4334042798e-03
    4.3500010589e+02    5.4423859794e-12    4.4335241901e-03
    4.3600005043e+02    5.4455169771e-12    4.4336440923e-03
    4.3700024659e+02    5.4484728957e-12    4.4337640144e-03
    4.3800019736e+02    5.4452339326e-12    4.4338838963e-03
    4.3900015125e+02    5.4428324311e-12    4.4340037679e-03
    4.4000010826e+02    5.4379593965e-12    4.4341236297e-03
    4.4100006841e+02    5.4337224826e-12    4.4342434812e-03
    4.4200003170e+02    5.4279448726e-12    4.4343633217e-03
    4.4300024662e+02    5.4246008621e-12    4.4344831804e-03
    4.4400021613e+02    5.4169382340e-12    4.4346029973e-03
    4.4500018872e+02    5.4112569176e-12    4.4347228021e-03
    4.4600016435e+02    5.4060337248e-12    4.4348425954e-03
    4.4700014302e+02    5.4004953896e-12    4.4349623783e-03
    4.4800012473e+02    5.4020973633e-12    4.4350821525e-03
    4.4900010948e+02    5.4069470540e-12    4.4352019199e-03
    4.5000009728e+02    5.4074897992e-12    4.4353216827e-03
    4.5100008815e+02    5.4176794021e-12    4.4354414427e-03
    4.5200008210e+02    5.4231943934e-12    4.4355612015e-03
    4.5300007919e+02    5.4331914093e-12    4.4356809599e-03
    4.5400007944e+02    5.4403288001e-12    4.4358007187e-03
    4.5500008290e+02    5.4475537305e-12    4.4359204784e-03
    4.5600008959e+02    5.4520678530e-12    4.4360402396e-03
    4.5700009954e+02    5.4620648689e-12    4.4361600024e-03
    4.5800011277e+02    5.4663572246e-12    4.4362797669e-03
    4.5900012929e+02    5.4732465867e-12    4.4363995334e-03
    4.6000014909e+02    5.4785106313e-12    4.4365193018e-03
    4.6100017219e+02    5.4790387865e-12    4.4366390721e-03
    4.6200019855e+02    5.4830276718e-12    4.4367588437e-03
    4.6300022819e+02    5.4882216847e-12    4.4368786155e-03
    4.6400001258e+02    5.4934740574e-12    4.4369983565e-03
    4.6500004873e+02    5.5011658653e-12    4.4371181248e-03
    4.6600008811e+02    5.5058346410e-12    4.4372378896e-03
    4.6700013072e+02    5.5134855971e-12    4.4373576505e-03
    4.6800017654e+02    5.5161555532e-12    4.4374774077e-03
    4.6900022555e+02    5.5284052534e-12    4.4375971612e-03
    4.7000002917e+02    5.5338648030e-12    4.4377168816e-03
    4.7100008443e+02    5.5350670127e-12    4.4378366270e-03
    4.7200014281e+02    5.5355893320e-12    4.4379563660e-03
    4.7300020429e+02    5.5356739536e-12    4.4380760969e-03
    4.7400002035e+02    5.5307250514e-12    4.4381957885e-03
    4.7500008805e+02    5.5289246547e-12    4.4383154991e-03
    4.7600015886e+02    5.5265873489e-12    4.4384351986e-03
    4.7700023276e+02    5.5244338761e-12    4.4385548867e-03
    4.7800006121e+02    5.5260854555e-12    4.4386745336e-03
    4.7900014125e+02    5.5270688164e-12    4.4387941990e-03
    4.8000022435e+02    5.5288166893e-12    4.4389138536e-03
    4.8100006199e+02    5.5366660684e-12    4.4390334694e-03
    4.8200015124e+02    5.5429163919e-12    4.4391531082e-03
    4.8300024358e+02    5.5526041014e-12    4.4392727433e-03
    4.8400009051e+02    5.5615710687e-12    4.4393923481e-03
    4.8500018911e+02    5.5693095644e-12    4.4395119843e-03
    4.8600004233e+02    5.5811740906e-12    4.4396315939e-03
    4.8700014726e+02    5.5913257597e-12    4.4397512372e-03
    4.8800000687e+02    5.6000797141e-12    4.4398708546e-03
    4.8900011826e+02    5.6036338196e-12    4.4399905048e-03
    4.9000023292e+02    5.6108120623e-12    4.4401101567e-03
    4.9100010236e+02    5.6156529990e-12    4.4402297796e-03
    4.9200022366e+02    5.6236541134e-12    4.4403494320e-03
    4.9300009977e+02    5.6278910273e-12    4.4404690538e-03
    4.9400022777e+02    5.6385445898e-12    4.4405887043e-03
    4.9500011057e+02    5.6361022365e-12    4.4407083234e-03
    4.9600024526e+02    5.6451625794e-12    4.4408279709e-03
    4.9700013471e+02    5.6481593497e-12    4.4409475868e-03
    4.9800002747e+02    5.6537035209e-12    4.4410672005e-03
    4.9900017204e+02    5.6577595197e-12    4.4411868413e-03
    5.0000007132e+02    5.6609751390e-12    4.4413064490e-03
    5.0100022239e+02    5.6662537735e-12    4.4414260821e-03
    5.0200012812e+02    5.6731256277e-12    4.4415456804e-03
    5.0300003703e+02    5.6731110378e-12    4.4416652726e-03
    5.0400019766e+02    5.6785968492e-12    4.4417848875e-03
    5.0500011288e+02    5.6779724005e-12    4.4419044641e-03
    5.0600003125e+02    5.6767556008e-12    4.4420240297e-03
    5.0700020132e+02    5.6708204197e-12    4.4421436118e-03
    5.0800012600e+02    5.6674851631e-12    4.4422631494e-03
    5.0900005386e+02    5.6657547981e-12    4.4423826722e-03
    5.1000023341e+02    5.6658773535e-12    4.4425022107e-03
    5.1100016754e+02    5.6652091349e-12    4.4426217069e-03
    5.1200010477e+02    5.6666068497e-12    4.4427411927e-03
    5.1300004510e+02    5.6701959710e-12    4.4428606700e-03
    5.1400023711e+02    5.6714944742e-12    4.4429801699e-03
    5.1500018368e+02    5.6728892709e-12    4.4430996341e-03
    5.1600013340e+02    5.6781795774e-12    4.4432190935e-03
    5.1700008631e+02    5.6840184650e-12    4.4433385493e-03
    5.1800004243e+02    5.6894050649e-12    4.4434580026e-03
    5.1900000179e+02    5.6992678536e-12    4.4435774545e-03
    5.2000021299e+02    5.7099389240e-12    4.4436969357e-03
    5.2100017891e+02    5.7183252123e-12    4.4438163874e-03
    5.2200014814e+02    5.7254538492e-12    4.4439358398e-03
    5.2300012069e+02    5.7273855551e-12    4.4440552929e-03
    5.2400009657e+02    5.7350831990e-12    4.4441747468e-03
    5.2500007579e+02    5.7374963725e-12    4.4442942013e-03
    5.2600005836e+02    5.7439859707e-12    4.4444136562e-03
    5.2700004430e+02    5.7506944177e-12    4.4445331106e-03
    5.2800003359e+02    5.7515026995e-12    4.4446525642e-03
    5.2900002623e+02    5.7577325971e-12    4.4447720157e-03
    5.3000002221e+02    5.7582169825e-12    4.4448914637e-03
    5.3100002150e+02    5.7561919011e-12    4.4450109065e-03
    5.3200002410e+02    5.7519141354e-12    4.4451303424e-03
    5.3300002998e+02    5.7505397645e-12    4.4452497700e-03
    5.3400003914e+02    5.7595796815e-12    4.4453691889e-03
    5.3500005156e+02    5.7634168315e-12    4.4454885986e-03
    5.3600006722e+02    5.7696350571e-12    4.4456079990e-03
    5.3700008612e+02    5.7716543026e-12    4.4457273899e-03
    5.3800010822e+02    5.7727573008e-12    4.4458467709e-03
    5.3900013353e+02    5.7686341883e-12    4.4459661406e-03
    5.4000016205e+02    5.7650596569e-12    4.4460854978e-03
    5.4100019379e+02    5.7605805502e-12    4.4462048414e-03
    5.4200022872e+02    5.7603792093e-12    4.4463241706e-03
    5.4300001826e+02    5.7570556246e-12    4.4464434560e-03
    5.4400005954e+02    5.7580594114e-12    4.4465627579e-03
    5.4500010398e+02    5.7579368560e-12    4.4466820476e-03
    5.4600015158e+02    5.7578522344e-12    4.4468013266e-03
    5.4700020236e+02    5.7614296838e-12    4.4469205964e-03
    5.4800000775e+02    5.7662414408e-12    4.4470398297e-03
    5.4900006495e+02    5.7707613992e-12    4.4471590890e-03
    5.5000012537e+02    5.7778345944e-12    4.4472783482e-03
    5.5100018902e+02    5.7861362611e-12    4.4473976109e-03
    5.5200000732e+02    5.7914586654e-12    4.4475168504e-03
    5.5300007746e+02    5.7905132383e-12    4.4476361279e-03
    5.5400015083e+02    5.7916833503e-12    4.4477554154e-03
    5.5500022746e+02    5.7899004615e-12    4.4478747139e-03
    5.5600005875e+02    5.7876565312e-12    4.4479939939e-03
    5.5700014192e+02    5.7845926472e-12    4.4481133148e-03
    5.5800022839e+02    5.7893197826e-12    4.4482326466e-03
    5.5900006959e+02    5.7920772782e-12    4.4483519591e-03
    5.6000016272e+02    5.7940585899e-12    4.4484713109e-03
    5.6100001061e+02    5.8004577306e-12    4.4485906414e-03
    5.6200011045e+02    5.8028533961e-12    4.4487100087e-03
    5.6300021364e+02    5.8031627025e-12    4.4488293820e-03
    5.6400007155e+02    5.8069648367e-12    4.4489487307e-03
    5.6500018137e+02    5.8083246176e-12    4.4490681138e-03
    5.6600004587e+02    5.8068510353e-12    4.4491874714e-03
    5.6700016222e+02    5.8104868443e-12    4.4493068621e-03
    5.6800003321e+02    5.8105189422e-12    4.4494262252e-03
    5.6900015600e+02    5.8157683968e-12    4.4495456185e-03
    5.7000003335e+02    5.8172244712e-12    4.4496649804e-03
    5.7100016243e+02    5.8198068878e-12    4.4497843677e-03
    5.7200004604e+02    5.8215985305e-12    4.4499037185e-03
    5.7300018136e+02    5.8204196646e-12    4.4500230888e-03
    5.7400007120e+02    5.8208369364e-12    4.4501424168e-03
    5.7500021278e+02    5.8207172990e-12    4.4502617601e-03
    5.7600010888e+02    5.8182253400e-12    4.4503810593e-03
    5.7700000810e+02    5.8163578297e-12    4.4505003449e-03
    5.7800015900e+02    5.8167692656e-12    4.4506196483e-03
    5.7900006436e+02    5.8155028602e-12    4.4507389118e-03
    5.8000022140e+02    5.8139709182e-12    4.4508581967e-03
    5.8100013290e+02    5.8161769147e-12    4.4509774454e-03
    5.8200004748e+02    5.8226402510e-12    4.4510966893e-03
    5.8300021377e+02    5.8242859945e-12    4.4512159599e-03
    5.8400013456e+02    5.8333346653e-12    4.4513351997e-03
    5.8500005848e+02    5.8413999753e-12    4.4514544396e-03
    5.8600023416e+02    5.8443500580e-12    4.4515737099e-03
    5.8700016440e+02    5.8498621313e-12    4.4516929516e-03
    5.8800009782e+02    5.8586306756e-12    4.4518121946e-03
    5.8900003444e+02    5.8632585995e-12    4.4519314393e-03
    5.9000022290e+02    5.8687152311e-12    4.4520507158e-03
    5.9100016599e+02    5.8776559365e-12    4.4521699652e-03
    5.9200011234e+02    5.8836144615e-12    4.4522892171e-03
    5.9300006196e+02    5.8862260579e-12    4.4524084712e-03
    5.9400001487e+02    5.8872619425e-12    4.4525277267e-03
    5.9500021969e+02    5.8872882043e-12    4.4526470125e-03
    5.9600017915e+02    5.8832905652e-12    4.4527662683e-03
    5.9700014187e+02    5.8864886765e-12    4.4528855229e-03
    5.9800010781e+02    5.8863661211e-12    4.4530047748e-03
    5.9900007695e+02    5.8869759800e-12    4.4531240226e-03
    6.0000004927e+02    5.8930453883e-12    4.4532432652e-03
    6.0100002476e+02    5.8927214920e-12    4.4533625017e-03
    6.0200000338e+02    5.8936815090e-12    4.4534817314e-03
    6.0300023376e+02    5.8931241739e-12    4.4536009838e-03
    6.0400021860e+02    5.8912595816e-12    4.4537201993e-03
    6.0500020652e+02    5.8982248114e-12    4.4538394073e-03
    6.0600019751e+02    5.9010902724e-12    4.4539586069e-03
    6.0700019159e+02    5.8961676321e-12    4.4540777974e-03
    6.0800018878e+02    5.8934684961e-12    4.4541969780e-03
    6.0900018908e+02    5.8867104433e-12    4.4543161478e-03
    6.1000019247e+02    5.8835123320e-12    4.4544353068e-03
    6.1100019895e+02    5.8793629576e-12    4.4545544552e-03
    6.1200020848e+02    5.8818928504e-12    4.4546735940e-03
    6.1300022106e+02    5.8842418282e-12    4.4547927239e-03
    6.1400023669e+02    5.8865178563e-12    4.4549118454e-03
    6.1500000675e+02    5.8928236215e-12    4.4550309301e-03
    6.1600002851e+02    5.9000981576e-12    4.4551500385e-03
    6.1700005337e+02    5.9069846018e-12    4.4552691433e-03
    6.1800008136e+02    5.9107050324e-12    4.4553882472e-03
    6.1900011249e+02    5.9201272053e-12    4.4555073526e-03
    6.2000014679e+02    5.9202118269e-12    4.4556264611e-03
    6.2100018428e+02    5.9244195609e-12    4.4557455739e-03
    6.2200022497e+02    5.9266722452e-12    4.4558646911e-03
    6.2300002025e+02    5.9309004052e-12    4.4559837827e-03
    6.2400006742e+02    5.9323302177e-12    4.4561029068e-03
    6.2500011785e+02    5.9344749366e-12    4.4562220326e-03
    6.2600017156e+02    5.9405793608e-12    4.4563411594e-03
    6.2700022856e+02    5.9406114586e-12    4.4564602860e-03
    6.2800004022e+02    5.9427736854e-12    4.4565793816e-03
    6.2900010382e+02    5.9454815753e-12    4.4566985049e-03
    6.3000017068e+02    5.9484141500e-12    4.4568176257e-03
    6.3100024077e+02    5.9468501101e-12    4.4569367438e-03
    6.3200006543e+02    5.9483207745e-12    4.4570558291e-03
    6.3300014193e+02    5.9490677786e-12    4.4571749403e-03
    6.3400022160e+02    5.9495083943e-12    4.4572940468e-03
    6.3500005578e+02    5.9484987715e-12    4.4574131184e-03
    6.3600014175e+02    5.9481982191e-12    4.4575322143e-03
    6.3700023083e+02    5.9497622590e-12    4.4576513050e-03
    6.3800007434e+02    5.9502145466e-12    4.4577703608e-03
    6.3900016960e+02    5.9500861553e-12    4.4578894394e-03
    6.4000001928e+02    5.9467946684e-12    4.4580084797e-03
    6.4100012073e+02    5.9501591049e-12    4.4581275386e-03
    6.4200022530e+02    5.9473374136e-12    4.4582465850e-03
    6.4300008432e+02    5.9431792852e-12    4.4583655885e-03
    6.4400019510e+02    5.9362198915e-12    4.4584846089e-03
    6.4500006028e+02    5.9349914199e-12    4.4586035886e-03
    6.4600017718e+02    5.9330859758e-12    4.4587225892e-03
    6.4700004850e+02    5.9350643695e-12    4.4588415544e-03
    6.4800017155e+02    5.9389803051e-12    4.4589605455e-03
    6.4900004902e+02    5.9396631136e-12    4.4590795050e-03
    6.5000017825e+02    5.9451314171e-12    4.4591984930e-03
    6.5100006194e+02    5.9483791342e-12    4.4593174512e-03
    6.5200019744e+02    5.9541742520e-12    4.4594364396e-03
    6.5300008743e+02    5.9628961086e-12    4.4595553997e-03
    6.5400022926e+02    5.9655456388e-12    4.4596743919e-03
    6.5500012561e+02    5.9694936722e-12    4.4597933575e-03
    6.5600002516e+02    5.9751107929e-12    4.4599123258e-03
    6.5700017661e+02    5.9753675756e-12    4.4600313256e-03
    6.5800008263e+02    5.9805382447e-12    4.4601502972e-03
    6.5900024059e+02    5.9822511018e-12    4.4602692992e-03
    6.6000015315e+02    5.9881833649e-12    4.4603882718e-03
    6.6100006900e+02    5.9893593127e-12    4.4605072435e-03
    6.6200023679e+02    5.9964646057e-12    4.4606262433e-03
    6.6300015917e+02    5.9904944088e-12    4.4607452115e-03
    6.6400008481e+02    5.9894643602e-12    4.4608641775e-03
    6.6500001367e+02    5.9874071809e-12    4.4609831416e-03
    6.6600019441e+02    5.9856622260e-12    4.4611021326e-03
    6.6700012967e+02    5.9844833601e-12    4.4612210898e-03
    6.6800006810e+02    5.9835962927e-12    4.4613400411e-03
    6.6900000968e+02    5.9794206565e-12    4.4614589851e-03
    6.7000020307e+02    5.9791025962e-12    4.4615779510e-03
    6.7100015088e+02    5.9752187584e-12    4.4616968796e-03
    6.7200010177e+02    5.9778040929e-12    4.4618157999e-03
    6.7300005576e+02    5.9734825574e-12    4.4619347108e-03
    6.7400001286e+02    5.9737422581e-12    4.4620536111e-03
    6.7500022176e+02    5.9690676464e-12    4.4621725297e-03
    6.7600018511e+02    5.9658695351e-12    4.4622914080e-03
    6.7700015158e+02    5.9593711829e-12    4.4624102770e-03
    6.7800012113e+02    5.9538795355e-12    4.4625291378e-03
    6.7900009376e+02    5.9524409690e-12    4.4626479908e-03
    6.8000006947e+02    5.9542413656e-12    4.4627668360e-03
    6.8100004826e+02    5.9536636046e-12    4.4628856738e-03
    6.8200003016e+02    5.9550642373e-12    4.4630045051e-03
    6.8300001516e+02    5.9518894699e-12    4.4631233321e-03
    6.8400000328e+02    5.9558462573e-12    4.4632421579e-03
    6.8500024323e+02    5.9612649551e-12    4.4633610139e-03
    6.8600023765e+02    5.9627706352e-12    4.4634798422e-03
    6.8700023524e+02    5.9699547138e-12    4.4635986728e-03
    6.8800023602e+02    5.9779441562e-12    4.4637175060e-03
    6.8900024000e+02    5.9828317807e-12    4.4638363419e-03
    6.9000024721e+02    5.9843520508e-12    4.4639551811e-03
    6.9100000896e+02    5.9864705078e-12    4.4640739948e-03
    6.9200002267e+02    5.9870862026e-12    4.4641928424e-03
    6.9300003966e+02    5.9933832138e-12    4.4643116924e-03
    6.9400005992e+02    5.9891404639e-12    4.4644305422e-03
    6.9500008348e+02    5.9914631798e-12    4.4645493895e-03
    6.9600011031e+02    5.9896569472e-12    4.4646682328e-03
    6.9700014039e+02    5.9860794978e-12    4.4647870716e-03
    6.9800017372e+02    5.9822627737e-12    4.4649059058e-03
    6.9900021027e+02    5.9779441562e-12    4.4650247356e-03
    7.0000000133e+02    5.9775648182e-12    4.4651435314e-03
    7.0100004429e+02    5.9729602381e-12    4.4652623521e-03
    7.0200009043e+02    5.9717755363e-12    4.4653811675e-03
    7.0300013972e+02    5.9736722264e-12    4.4654999770e-03
    7.0400019214e+02    5.9718835018e-12    4.4656187802e-03
    7.0500024768e+02    5.9727063735e-12    4.4657375761e-03
    7.0600005763e+02    5.9699984836e-12    4.4658563340e-03
    7.0700011942e+02    5.9702961180e-12    4.4659751113e-03
    7.0800018435e+02    5.9684928034e-12    4.4660938770e-03
    7.0900000374e+02    5.9653647237e-12    4.4662126005e-03
    7.1000007500e+02    5.9633192164e-12    4.4663313410e-03
    7.1100014939e+02    5.9635643271e-12    4.4664500699e-03
    7.1200022691e+02    5.9604829351e-12    4.4665687887e-03
    7.1300005883e+02    5.9604770992e-12    4.4666874700e-03
    7.1400014258e+02    5.9642938233e-12    4.4668061742e-03
    7.1500022945e+02    5.9637919299e-12    4.4669248731e-03
    7.1600007074e+02    5.9639582550e-12    4.4670435390e-03
    7.1700016389e+02    5.9619915333e-12    4.4671622325e-03
    7.1800001148e+02    5.9706900460e-12    4.4672808965e-03
    7.1900011096e+02    5.9760474661e-12    4.4673995915e-03
    7.2000021361e+02    5.9766193911e-12    4.4675182889e-03
    7.2100007075e+02    5.9728756166e-12    4.4676369595e-03
    7.2200017981e+02    5.9779295663e-12    4.4677556624e-03
    7.2300004337e+02    5.9799429758e-12    4.4678743383e-03
    7.2400015889e+02    5.9832519705e-12    4.4679930457e-03
    7.2500002896e+02    5.9923298213e-12    4.4681117247e-03
    7.2600015103e+02    5.9955833743e-12    4.4682304340e-03
    7.2700002767e+02    5.9970336128e-12    4.4683491139e-03
    7.2800015635e+02    6.0011742332e-12    4.4684678231e-03
    7.2900003960e+02    6.0036107505e-12    4.4685865019e-03
    7.3000017488e+02    6.0019825150e-12    4.4687052089e-03
    7.3100006471e+02    6.0032460024e-12    4.4688238846e-03
    7.3200020653e+02    5.9983058541e-12    4.4689425872e-03
    7.3300010285e+02    5.9963595583e-12    4.4690612570e-03
    7.3400000240e+02    5.9933073462e-12    4.4691799225e-03
    7.3500015388e+02    5.9862662488e-12    4.4692986124e-03
    7.3600005981e+02    5.9846905370e-12    4.4694172668e-03
    7.3700021763e+02    5.9850523672e-12    4.4695359444e-03
    7.3800012985e+02    5.9862750028e-12    4.4696545851e-03
    7.3900004520e+02    5.9807833554e-12    4.4697732174e-03
    7.4000021243e+02    5.9755426547e-12    4.4698918694e-03
    7.4100013406e+02    5.9769374514e-12    4.4700104811e-03
    7.4200005886e+02    5.9776873735e-12    4.4701290813e-03
    7.4300023557e+02    5.9738297976e-12    4.4702476995e-03
    7.4400016670e+02    5.9711802674e-12    4.4703662772e-03
    7.4500010096e+02    5.9728668626e-12    4.4704848447e-03
    7.4600003834e+02    5.9688108638e-12    4.4706034031e-03
    7.4700022760e+02    5.9649270260e-12    4.4707219832e-03
    7.4800017124e+02    5.9621082527e-12    4.4708405270e-03
    7.4900011801e+02    5.9613028889e-12    4.4709590651e-03
    7.5000006793e+02    5.9623358555e-12    4.4710775990e-03
    7.5100002100e+02    5.9595462620e-12    4.4711961302e-03
    7.5200022598e+02    5.9551488589e-12    4.4713146897e-03
    7.5300018538e+02    5.9514225923e-12    4.4714332198e-03
    7.5400014797e+02    5.9538736995e-12    4.4715517512e-03
    7.5500011377e+02    5.9580668437e-12    4.4716702850e-03
    7.5600008277e+02    5.9575095086e-12    4.4717888217e-03
    7.5700005501e+02    5.9569288296e-12    4.4719073612e-03
    7.5800003050e+02    5.9593244952e-12    4.4720259029e-03
    7.5900000927e+02    5.9620819908e-12    4.4721444460e-03
    7.6000024008e+02    5.9608360113e-12    4.4722630192e-03
    7.6100022546e+02    5.9602728402e-12    4.4723815625e-03
    7.6200021415e+02    5.9634651156e-12    4.4725001046e-03
    7.6300020614e+02    5.9606784401e-12    4.4726186446e-03
    7.6400020142e+02    5.9534272479e-12    4.4727371813e-03
    7.6500019996e+02    5.9486738506e-12    4.4728557140e-03
    7.6600020174e+02    5.9428320451e-12    4.4729742421e-03
    7.6700020676e+02    5.9404626414e-12    4.4730927657e-03
    7.6800021499e+02    5.9337045886e-12    4.4732112846e-03
    7.6900022641e+02    5.9282479570e-12    4.4733297987e-03
    7.7000024101e+02    5.9203460542e-12    4.4734483079e-03
    7.7100000999e+02    5.9162025157e-12    4.4735667823e-03
    7.7200003087e+02    5.9128176534e-12    4.4736852802e-03
    7.7300005490e+02    5.9121523528e-12    4.4738037710e-03
    7.7400008209e+02    5.9112448596e-12    4.4739222531e-03
    7.7500011245e+02    5.9144925766e-12    4.4740407252e-03
    7.7600014600e+02    5.9135267237e-12    4.4741591858e-03
    7.7700018272e+02    5.9132845309e-12    4.4742776345e-03
    7.7800022260e+02    5.9117671788e-12    4.4743960717e-03
    7.7900001684e+02    5.9111368941e-12    4.4745144695e-03
    7.8000006298e+02    5.9132174173e-12    4.4746328885e-03
    7.8100011224e+02    5.9119335040e-12    4.4747513010e-03
    7.8200016462e+02    5.9056919345e-12    4.4748697083e-03
    7.8300022014e+02    5.9035355437e-12    4.4749881120e-03
    7.8400003001e+02    5.9063805789e-12    4.4751064846e-03
    7.8500009180e+02    5.9084990359e-12    4.4752248866e-03
    7.8600015674e+02    5.9092110242e-12    4.4753432897e-03
    7.8700022483e+02    5.9150178139e-12    4.4754616949e-03
    7.8800004732e+02    5.9113207272e-12    4.4755800733e-03
    7.8900012176e+02    5.9095611823e-12    4.4756984836e-03
    7.9000019939e+02    5.9076148865e-12    4.4758168957e-03
    7.9100003147e+02    5.9005387733e-12    4.4759352793e-03
    7.9200011556e+02    5.8969759139e-12    4.4760536927e-03
    7.9300020292e+02    5.8983006790e-12    4.4761721056e-03
    7.9400004477e+02    5.8935560357e-12    4.4762904882e-03
    7.9500013869e+02    5.8905242495e-12    4.4764088989e-03
    7.9600023590e+02    5.8831388299e-12    4.4765273081e-03
    7.9700008761e+02    5.8775567250e-12    4.4766456858e-03
    7.9800019135e+02    5.8727216242e-12    4.4767640905e-03
    7.9900004954e+02    5.8631039463e-12    4.4768824628e-03
    8.0000015973e+02    5.8598474752e-12    4.4770008610e-03
    8.0100002434e+02    5.8570520458e-12    4.4771192260e-03
    8.0200014092e+02    5.8483652050e-12    4.4772376163e-03
    8.0300001188e+02    5.8451846016e-12    4.4773559724e-03
    8.0400013476e+02    5.8349745728e-12    4.4774743523e-03
    8.0500001198e+02    5.8261826846e-12    4.4775926961e-03
    8.0600014112e+02    5.8238453787e-12    4.4777110612e-03
    8.0700002461e+02    5.8272302411e-12    4.4778293875e-03
    8.0800016004e+02    5.8328794597e-12    4.4779477334e-03
    8.0900004986e+02    5.8348666073e-12    4.4780660395e-03
    8.1000019163e+02    5.8384148769e-12    4.4781843646e-03
    8.1100008777e+02    5.8391531270e-12    4.4783026502e-03
    8.1200023582e+02    5.8421703233e-12    4.4784209558e-03
    8.1300013818e+02    5.8447148061e-12    4.4785392235e-03
    8.1400004365e+02    5.8471367334e-12    4.4786574836e-03
    8.1500020102e+02    5.8461417006e-12    4.4787757665e-03
    8.1600011269e+02    5.8456864950e-12    4.4788940147e-03
    8.1700002748e+02    5.8402298634e-12    4.4790122597e-03
    8.1800019418e+02    5.8384353028e-12    4.4791305327e-03
    8.1900011521e+02    5.8327393964e-12    4.4792487765e-03
    8.2000003938e+02    5.8306005136e-12    4.4793670218e-03
    8.2100021551e+02    5.8275307936e-12    4.4794852985e-03
    8.2200014600e+02    5.8234981386e-12    4.4796035481e-03
    8.2300007967e+02    5.8222784209e-12    4.4797217997e-03
    8.2400001654e+02    5.8227248726e-12    4.4798400529e-03
    8.2500020544e+02    5.8207493969e-12    4.4799583370e-03
    8.2600014878e+02    5.8161535708e-12    4.4800765928e-03
    8.2700009540e+02    5.8092904706e-12    4.4801948496e-03
    8.2800004529e+02    5.8082137342e-12    4.4803131065e-03
    8.2900024726e+02    5.8007903808e-12    4.4804313915e-03
    8.3000020370e+02    5.7942978646e-12    4.4805496444e-03
    8.3100016340e+02    5.7853221434e-12    4.4806678931e-03
    8.3200012634e+02    5.7799822312e-12    4.4807861369e-03
    8.3300009251e+02    5.7772334895e-12    4.4809043749e-03
    8.3400006188e+02    5.7679484619e-12    4.4810226069e-03
    8.3500003443e+02    5.7652843417e-12    4.4811408327e-03
    8.3600001015e+02    5.7600144612e-12    4.4812590526e-03
    8.3700023780e+02    5.7524306187e-12    4.4813772961e-03
    8.3800021975e+02    5.7497752525e-12    4.4814955049e-03
    8.3900020480e+02    5.7466209109e-12    4.4816137075e-03
    8.4000019295e+02    5.7494163404e-12    4.4817319025e-03
    8.4100018423e+02    5.7542310153e-12    4.4818500883e-03
    8.4200017866e+02    5.7623050793e-12    4.4819682631e-03
    8.4300017624e+02    5.7651938842e-12    4.4820864256e-03
    8.4400017696e+02    5.7716805644e-12    4.4822045758e-03
    8.4500018080e+02    5.7764660595e-12    4.4823227146e-03
    8.4600018773e+02    5.7792556530e-12    4.4824408440e-03
    8.4700019776e+02    5.7868803473e-12    4.4825589659e-03
    8.4800021089e+02    5.7922173415e-12    4.4826770819e-03
    8.4900022709e+02    5.7900872126e-12    4.4827951928e-03
    8.5000024638e+02    5.7905774340e-12    4.4829132996e-03
    8.5100001994e+02    5.7889491985e-12    4.4830313738e-03
    8.5200004543e+02    5.7815170912e-12    4.4831494753e-03
    8.5300007404e+02    5.7773764708e-12    4.4832675766e-03
    8.5400010578e+02    5.7768687414e-12    4.4833856794e-03
    8.5500014068e+02    5.7730374274e-12    4.4835037854e-03
    8.5600017874e+02    5.7684999610e-12    4.4836218956e-03
    8.5700021999e+02    5.7648962498e-12    4.4837400090e-03
    8.5800001562e+02    5.7592908010e-12    4.4838580944e-03
    8.5900006332e+02    5.7512254910e-12    4.4839762089e-03
    8.6000011428e+02    5.7495388957e-12    4.4840943217e-03
    8.6100016852e+02    5.7418120720e-12    4.4842124321e-03
    8.6200022605e+02    5.7352874580e-12    4.4843305399e-03
    8.6300003802e+02    5.7313831943e-12    4.4844486155e-03
    8.6400010210e+02    5.7214678819e-12    4.4845667176e-03
    8.6500016942e+02    5.7125972081e-12    4.4846848167e-03
    8.6600023998e+02    5.7089234653e-12    4.4848029125e-03
    8.6700006490e+02    5.7058070575e-12    4.4849209750e-03
    8.6800014183e+02    5.6979109906e-12    4.4850390619e-03
    8.6900022192e+02    5.6894780146e-12    4.4851571428e-03
    8.7000005632e+02    5.6794372288e-12    4.4852751875e-03
    8.7100014269e+02    5.6810246126e-12    4.4853932544e-03
    8.7200023217e+02    5.6860231205e-12    4.4855113135e-03
    8.7300007593e+02    5.6936419789e-12    4.4856293341e-03
    8.7400017167e+02    5.7004525554e-12    4.4857473738e-03
    8.7500002172e+02    5.7086550107e-12    4.4858653721e-03
    8.7600012379e+02    5.7121799363e-12    4.4859833857e-03
    8.7700022901e+02    5.7213890964e-12    4.4861013854e-03
    8.7800008852e+02    5.7302947860e-12    4.4862193427e-03
    8.7900019993e+02    5.7321564603e-12    4.4863373174e-03
    8.8000006551e+02    5.7404989788e-12    4.4864552518e-03
    8.8100018292e+02    5.7460256420e-12    4.4865732052e-03
    8.8200005447e+02    5.7482141306e-12    4.4866911195e-03
    8.8300017789e+02    5.7437583679e-12    4.4868090549e-03
    8.8400005555e+02    5.7463991441e-12    4.4869269548e-03
    8.8500018524e+02    5.7443682267e-12    4.4870448799e-03
    8.8600006928e+02    5.7450568711e-12    4.4871627726e-03
    8.8700020537e+02    5.7453924393e-12    4.4872806918e-03
    8.8800009577e+02    5.7381675090e-12    4.4873985788e-03
    8.8900023812e+02    5.7396615172e-12    4.4875164922e-03
    8.9000013468e+02    5.7400787890e-12    4.4876343738e-03
    8.9100003427e+02    5.7370061510e-12    4.4877522537e-03
    8.9200018574e+02    5.7329326442e-12    4.4878701622e-03
    8.9300009143e+02    5.7293055891e-12    4.4879880417e-03
    8.9400000023e+02    5.7303006219e-12    4.4881059225e-03
    8.9500016104e+02    5.7286694684e-12    4.4882238342e-03
    8.9600007617e+02    5.7244734063e-12    4.4883417176e-03
    8.9700024336e+02    5.7175607003e-12    4.4884596301e-03
    8.9800016489e+02    5.7142954753e-12    4.4885775112e-03
    8.9900008962e+02    5.7073389995e-12    4.4886953885e-03
    9.0000001753e+02    5.7044297687e-12    4.4888132605e-03
    9.0100019746e+02    5.6979284985e-12    4.4889311560e-03
    9.0200013166e+02    5.6959705307e-12    4.4890490166e-03
    9.0300006898e+02    5.6952206086e-12    4.4891668731e-03
    9.0400000938e+02    5.6903592460e-12    4.4892847272e-03
    9.0500020170e+02    5.6893933930e-12    4.4894026096e-03
    9.0600014819e+02    5.6950367756e-12    4.4895204611e-03
    9.0700009773e+02    5.6977213216e-12    4.4896383087e-03
    9.0800005034e+02    5.7060463323e-12    4.4897561488e-03
    9.0900000603e+02    5.7115788314e-12    4.4898739772e-03
    9.1000021368e+02    5.7188154338e-12    4.4899918203e-03
    9.1100017554e+02    5.7229268743e-12    4.4901096186e-03
    9.1200014043e+02    5.7288299576e-12    4.4902274022e-03
    9.1300010835e+02    5.7354917169e-12    4.4903451734e-03
    9.1400007929e+02    5.7466179930e-12    4.4904629347e-03
    9.1500005325e+02    5.7550013633e-12    4.4905806880e-03
    9.1600003022e+02    5.7470994605e-12    4.4906984348e-03
    9.1700001021e+02    5.7428421206e-12    4.4908161776e-03
    9.1800024211e+02    5.7338751533e-12    4.4909339471e-03
    9.1900022817e+02    5.7312197872e-12    4.4910516857e-03
    9.2000021728e+02    5.7260141023e-12    4.4911694231e-03
    9.2100020944e+02    5.7192618854e-12    4.4912871593e-03
    9.2200020468e+02    5.7170412990e-12    4.4914048943e-03
    9.2300020300e+02    5.7143450810e-12    4.4915226283e-03
    9.2400020444e+02    5.7101227570e-12    4.4916403611e-03
    9.2500020903e+02    5.7056027986e-12    4.4917580925e-03
    9.2600021678e+02    5.7018035824e-12    4.4918758222e-03
    9.2700022772e+02    5.6966066514e-12    4.4919935492e-03
    9.2800024187e+02    5.6896910274e-12    4.4921112733e-03
    9.2900001037e+02    5.6883545904e-12    4.4922289648e-03
    9.3000003097e+02    5.6832568710e-12    4.4923466820e-03
    9.3100005477e+02    5.6763208211e-12    4.4924643950e-03
    9.3200008174e+02    5.6707124543e-12    4.4925821044e-03
    9.3300011186e+02    5.6697991250e-12    4.4926998105e-03
    9.3400014513e+02    5.6694081151e-12    4.4928175097e-03
    9.3500018154e+02    5.6655184413e-12    4.4929352026e-03
    9.3600022107e+02    5.6585648835e-12    4.4930528895e-03
    9.3700001481e+02    5.6575727687e-12    4.4931705409e-03
    9.3800006054e+02    5.6626471443e-12    4.4932882149e-03
    9.3900010932e+02    5.6705373752e-12    4.4934058812e-03
    9.4000016114e+02    5.6784334421e-12    4.4935235385e-03
    9.4100021600e+02    5.6843744591e-12    4.4936411855e-03
    9.4200002501e+02    5.6951097252e-12    4.4937587923e-03
    9.4300008597e+02    5.7036419128e-12    4.4938764168e-03
    9.4400014998e+02    5.7139569891e-12    4.4939940300e-03
    9.4500021700e+02    5.7289641849e-12    4.4941116324e-03
    9.4600003814e+02    5.7361861973e-12    4.4942291957e-03
    9.4700011117e+02    5.7456929918e-12    4.4943467798e-03
    9.4800018721e+02    5.7520833785e-12    4.4944643569e-03
    9.4900001737e+02    5.7528974963e-12    4.4945818985e-03
    9.5000009945e+02    5.7485963867e-12    4.4946994649e-03
    9.5100018455e+02    5.7460081341e-12    4.4948170279e-03
    9.5200002379e+02    5.7401546566e-12    4.4949345600e-03
    9.5300011497e+02    5.7372804416e-12    4.4950521206e-03
    9.5400020920e+02    5.7339247591e-12    4.4951696816e-03
    9.5500005760e+02    5.7301167889e-12    4.4952872146e-03
    9.5600015799e+02    5.7246251415e-12    4.4954047787e-03
    9.5700001257e+02    5.7163789164e-12    4.4955223153e-03
    9.5800011919e+02    5.7075841103e-12    4.4956398828e-03
    9.5900022896e+02    5.7012783451e-12    4.4957574514e-03
    9.6000009301e+02    5.6940038090e-12    4.4958749912e-03
    9.6100020918e+02    5.6851535611e-12    4.4959925599e-03
    9.6200007967e+02    5.6796473237e-12    4.4961100977e-03
    9.6300020230e+02    5.6726091444e-12    4.4962276616e-03
    9.6400007925e+02    5.6661954138e-12    4.4963451921e-03
    9.6500020832e+02    5.6638435181e-12    4.4964627469e-03
    9.6600009167e+02    5.6554630657e-12    4.4965802668e-03
    9.6700022710e+02    5.6525275730e-12    4.4966978107e-03
    9.6800011679e+02    5.6474386075e-12    4.4968153198e-03
    9.6900000962e+02    5.6469629760e-12    4.4969328231e-03
    9.7000015449e+02    5.6437707006e-12    4.4970503494e-03
    9.7100005356e+02    5.6479259110e-12    4.4971678401e-03
    9.7200020463e+02    5.6565981618e-12    4.4972853529e-03
    9.7300010985e+02    5.6648998286e-12    4.4974028286e-03
    9.7400001817e+02    5.6670095316e-12    4.4975202950e-03
    9.7500017850e+02    5.6754045738e-12    4.4976377799e-03
    9.7600009303e+02    5.6832043472e-12    4.4977552232e-03
    9.7700001067e+02    5.6904934733e-12    4.4978726532e-03
    9.7800018033e+02    5.6996676175e-12    4.4979900990e-03
    9.7900010414e+02    5.7104729152e-12    4.4981075025e-03
    9.8000003099e+02    5.7166998948e-12    4.4982248943e-03
    9.8100020982e+02    5.7236067648e-12    4.4983423049e-03
    9.8200014276e+02    5.7314940777e-12    4.4984596770e-03
    9.8300007875e+02    5.7352699501e-12    4.4985770411e-03
    9.8400001780e+02    5.7386285506e-12    4.4986943987e-03
    9.8500020884e+02    5.7423256373e-12    4.4988117812e-03
    9.8600015403e+02    5.7412284750e-12    4.4989291321e-03
    9.8700010231e+02    5.7421797381e-12    4.4990464825e-03
    9.8800005369e+02    5.7375255523e-12    4.4991638334e-03
    9.8900000820e+02    5.7357164017e-12    4.4992811851e-03
    9.9000021477e+02    5.7331252312e-12    4.4993985661e-03
    9.9100017558e+02    5.7312227051e-12    4.4995159171e-03
    9.9200013959e+02    5.7245346840e-12    4.4996332668e-03
    9.9300010682e+02    5.7209776605e-12    4.4997506148e-03
    9.9400007730e+02    5.7145931097e-12    4.4998679604e-03
    9.9500005104e+02    5.7082027230e-12    4.4999853029e-03
    9.9600002805e+02    5.7015497177e-12    4.5001026416e-03
    9.9700000832e+02    5.6979839403e-12    4.5002199754e-03
    9.9800024078e+02    5.6946486836e-12    4.5003373330e-03
    9.9900022754e+02    5.6884858997e-12    4.5004546558e-03
    1.0000002175e+03    5.6862915751e-12    4.5005719733e-03
    1.0010002107e+03    5.6892008060e-12    4.5006892858e-03
    1.0020002071e+03    5.6974616210e-12    4.5008065931e-03
    1.0030002066e+03    5.7045348161e-12    4.5009238943e-03
    1.0040002093e+03    5.7126964196e-12    4.5010411887e-03
    1.0050002151e+03    5.7237322382e-12    4.5011584751e-03
    1.0060002240e+03    5.7277853190e-12    4.5012757525e-03
    1.0070002360e+03    5.7348439243e-12    4.5013930193e-03
    1.0080000022e+03    5.7406886478e-12    4.5015102446e-03
    1.0090000205e+03    5.7439859707e-12    4.5016274855e-03
    1.0100000420e+03    5.7474700445e-12    4.5017447122e-03
    1.0110000666e+03    5.7530492315e-12    4.5018619246e-03
    1.0120000943e+03    5.7555849603e-12    4.5019791226e-03
    1.0130001251e+03    5.7613012925e-12    4.5020963070e-03
    1.0140001590e+03    5.7645052398e-12    4.5022134789e-03
    1.0150001959e+03    5.7738778070e-12    4.5023306397e-03
    1.0160002360e+03    5.7856606296e-12    4.5024477909e-03
    1.0170000302e+03    5.7913448640e-12    4.5025649051e-03
    1.0180000765e+03    5.7962704224e-12    4.5026820424e-03
    1.0190001259e+03    5.8052286357e-12    4.5027991753e-03
    1.0200001785e+03    5.8081933083e-12    4.5029163048e-03
    1.0210002343e+03    5.8129321156e-12    4.5030334318e-03
    1.0220000443e+03    5.8173441086e-12    4.5031505275e-03
    1.0230001065e+03    5.8213008960e-12    4.5032676504e-03
    1.0240001719e+03    5.8262439623e-12    4.5033847719e-03
    1.0250002406e+03    5.8291269312e-12    4.5035018924e-03
    1.0260000636e+03    5.8309740156e-12    4.5036189833e-03
    1.0270001389e+03    5.8321382916e-12    4.5037361028e-03
    1.0280002176e+03    5.8364218932e-12    4.5038532212e-03
    1.0290000507e+03    5.8409301798e-12    4.5039703081e-03
    1.0300001362e+03    5.8432324698e-12    4.5040874208e-03
    1.0310002250e+03    5.8475510873e-12    4.5042045288e-03
    1.0320000683e+03    5.8481434382e-12    4.5043216022e-03
    1.0330001638e+03    5.8481638641e-12    4.5044386991e-03
    1.0340000137e+03    5.8527626081e-12    4.5045557612e-03
    1.0350001158e+03    5.8558410821e-12    4.5046728471e-03
    1.0360002212e+03    5.8619980300e-12    4.5047899282e-03
    1.0370000809e+03    5.8670578157e-12    4.5049069754e-03
    1.0380001928e+03    5.8748254912e-12    4.5050240473e-03
    1.0390000589e+03    5.8797364597e-12    4.5051410852e-03
    1.0400001773e+03    5.8850559460e-12    4.5052581472e-03
    1.0410000499e+03    5.8956365589e-12    4.5053751743e-03
    1.0420001748e+03    5.8991118788e-12    4.5054922243e-03
    1.0430000540e+03    5.9043000557e-12    4.5056092384e-03
    1.0440001853e+03    5.9093919392e-12    4.5057262744e-03
    1.0450000708e+03    5.9156597706e-12    4.5058432744e-03
    1.0460002084e+03    5.9242240560e-12    4.5059602977e-03
    1.0470001002e+03    5.9346675236e-12    4.5060772877e-03
    1.0480002440e+03    5.9420937949e-12    4.5061943044e-03
    1.0490001419e+03    5.9487322103e-12    4.5063112913e-03
    1.0500000429e+03    5.9482974306e-12    4.5064282796e-03
    1.0510001959e+03    5.9461031060e-12    4.5065453005e-03
    1.0520001031e+03    5.9437862261e-12    4.5066622979e-03
    1.0530000134e+03    5.9412300714e-12    4.5067793024e-03
    1.0540001758e+03    5.9439875670e-12    4.5068963444e-03
    1.0550000924e+03    5.9379239946e-12    4.5070133658e-03
    1.0560000122e+03    5.9320530092e-12    4.5071303960e-03
    1.0570001842e+03    5.9303284802e-12    4.5072474637e-03
    1.0580001104e+03    5.9296952775e-12    4.5073645101e-03
    1.0590000399e+03    5.9265350999e-12    4.5074815633e-03
    1.0600002216e+03    5.9217262610e-12    4.5075986507e-03
    1.0610001577e+03    5.9193160055e-12    4.5077157119e-03
    1.0620000970e+03    5.9128409973e-12    4.5078327741e-03
    1.0630000396e+03    5.9140169451e-12    4.5079498353e-03
    1.0640002345e+03    5.9149390283e-12    4.5080669230e-03
    1.0650001837e+03    5.9139148157e-12    4.5081839780e-03
    1.0660001361e+03    5.9153417102e-12    4.5083010292e-03
    1.0670000917e+03    5.9202672686e-12    4.5084180762e-03
    1.0680000506e+03    5.9220647472e-12    4.5085351184e-03
    1.0690000125e+03    5.9266722452e-12    4.5086521552e-03
    1.0700002267e+03    5.9355575089e-12    4.5087692150e-03
    1.0710001949e+03    5.9414664282e-12    4.5088862391e-03
    1.0720001663e+03    5.9469843374e-12    4.5090032559e-03
    1.0730001407e+03    5.9551138431e-12    4.5091202642e-03
    1.0740001182e+03    5.9591640060e-12    4.5092372629e-03
    1.0750000988e+03    5.9659016329e-12    4.5093542505e-03
    1.0760000824e+03    5.9650845972e-12    4.5094712260e-03
    1.0770000692e+03    5.9692514795e-12    4.5095881887e-03
    1.0780000591e+03    5.9704653611e-12    4.5097051391e-03
    1.0790000520e+03    5.9779704180e-12    4.5098220779e-03
    1.0800000479e+03    5.9808942388e-12    4.5099390060e-03
    1.0810000469e+03    5.9900508751e-12    4.5100559247e-03
    1.0820000488e+03    5.9943870005e-12    4.5101728346e-03
    1.0830000537e+03    6.0044073604e-12    4.5102897369e-03
    1.0840000617e+03    6.0122188057e-12    4.5104066339e-03
    1.0850000727e+03    6.0191402656e-12    4.5105235277e-03
    1.0860000867e+03    6.0236077004e-12    4.5106404206e-03
    1.0870001038e+03    6.0275644878e-12    4.5107573140e-03
    1.0880001239e+03    6.0296654368e-12    4.5108742086e-03
    1.0890001471e+03    6.0292277391e-12    4.5109911049e-03
    1.0900001735e+03    6.0282706401e-12    4.5111080035e-03
    1.0910002030e+03    6.0257699271e-12    4.5112249042e-03
    1.0920002356e+03    6.0266657484e-12    4.5113418064e-03
    1.0930000224e+03    6.0225222100e-12    4.5114586804e-03
    1.0940000615e+03    6.0185625046e-12    4.5115755834e-03
    1.0950001038e+03    6.0154636048e-12    4.5116924857e-03
    1.0960001493e+03    6.0143285087e-12    4.5118093870e-03
    1.0970001981e+03    6.0160413658e-12    4.5119262871e-03
    1.0980000011e+03    6.0117169123e-12    4.5120431566e-03
    1.0990000563e+03    6.0104300810e-12    4.5121600527e-03
    1.1000001147e+03    6.0087376498e-12    4.5122769452e-03
    1.1010001763e+03    6.0163010664e-12    4.5123938325e-03
    1.1020002410e+03    6.0220319886e-12    4.5125107131e-03
    1.1030000598e+03    6.0295516354e-12    4.5126275569e-03
    1.1040001307e+03    6.0403540151e-12    4.5127444220e-03
    1.1050002047e+03    6.0412527545e-12    4.5128612797e-03
    1.1060000327e+03    6.0455421921e-12    4.5129781006e-03
    1.1070001128e+03    6.0498199578e-12    4.5130949426e-03
    1.1080001960e+03    6.0511768208e-12    4.5132117761e-03
    1.1090000332e+03    6.0578356621e-12    4.5133285708e-03
    1.1100001225e+03    6.0648446616e-12    4.5134453834e-03
    1.1110002150e+03    6.0670214783e-12    4.5135621839e-03
    1.1120000614e+03    6.0701758198e-12    4.5136789433e-03
    1.1130001600e+03    6.0681711643e-12    4.5137957207e-03
    1.1140000125e+03    6.0764494872e-12    4.5139124592e-03
    1.1150001171e+03    6.0851421639e-12    4.5140292181e-03
    1.1160002247e+03    6.0955155999e-12    4.5141459690e-03
    1.1170000863e+03    6.1048619052e-12    4.5142626840e-03
    1.1180001999e+03    6.1084364366e-12    4.5143794232e-03
    1.1190000676e+03    6.1195306148e-12    4.5144961308e-03
    1.1200001874e+03    6.1246370882e-12    4.5146128676e-03
    1.1210000612e+03    6.1309603613e-12    4.5147295770e-03
    1.1220001872e+03    6.1414388447e-12    4.5148463179e-03
    1.1230000672e+03    6.1462856174e-12    4.5149630325e-03
    1.1240001994e+03    6.1510827845e-12    4.5150797787e-03
    1.1250000858e+03    6.1555502192e-12    4.5151964979e-03
    1.1260002244e+03    6.1609426551e-12    4.5153132473e-03
    1.1270001171e+03    6.1622499123e-12    4.5154299679e-03
    1.1280000132e+03    6.1551562912e-12    4.5155466881e-03
    1.1290001615e+03    6.1538636240e-12    4.5156634367e-03
    1.1300000640e+03    6.1552700927e-12    4.5157801559e-03
    1.1310002189e+03    6.1601693891e-12    4.5158969032e-03
    1.1320001279e+03    6.1566590534e-12    4.5160136191e-03
    1.1330000401e+03    6.1593902872e-12    4.5161303312e-03
    1.1340002045e+03    6.1657981818e-12    4.5162470680e-03
    1.1350001231e+03    6.1720689312e-12    4.5163637710e-03
    1.1360000448e+03    6.1790399969e-12    4.5164804688e-03
    1.1370002186e+03    6.1857484439e-12    4.5165971900e-03
    1.1380001465e+03    6.1900904053e-12    4.5167138755e-03
    1.1390000774e+03    6.1956316584e-12    4.5168305542e-03
    1.1400000114e+03    6.2013304828e-12    4.5169472260e-03
    1.1410001975e+03    6.2079572263e-12    4.5170639199e-03
    1.1420001376e+03    6.2090981583e-12    4.5171805770e-03
    1.1430000808e+03    6.2154155954e-12    4.5172972238e-03
    1.1440000270e+03    6.2172918596e-12    4.5174138577e-03
    1.1450002254e+03    6.2188150477e-12    4.5175305067e-03
    1.1460001778e+03    6.2206066904e-12    4.5176471131e-03
    1.1470001333e+03    6.2255906084e-12    4.5177637090e-03
    1.1480000917e+03    6.2296670332e-12    4.5178802976e-03
    1.1490000532e+03    6.2375251663e-12    4.5179968802e-03
    1.1500000177e+03    6.2486660322e-12    4.5181134567e-03
    1.1510002343e+03    6.2556983756e-12    4.5182300561e-03
    1.1520002049e+03    6.2638891590e-12    4.5183466213e-03
    1.1530001785e+03    6.2742013172e-12    4.5184631834e-03
    1.1540001552e+03    6.2821032201e-12    4.5185797449e-03
    1.1550001350e+03    6.2888087492e-12    4.5186963095e-03
    1.1560001179e+03    6.2933403796e-12    4.5188128782e-03
    1.1570001039e+03    6.3043178384e-12    4.5189294503e-03
    1.1580000931e+03    6.3087765192e-12    4.5190460240e-03
    1.1590000855e+03    6.3168038954e-12    4.5191625980e-03
    1.1600000811e+03    6.3205943576e-12    4.5192791712e-03
    1.1610000799e+03    6.3224852118e-12    4.5193957432e-03
    1.1620000820e+03    6.3230833987e-12    4.5195123133e-03
    1.1630000873e+03    6.3282628217e-12    4.5196288810e-03
    1.1640000959e+03    6.3314550971e-12    4.5197454462e-03
    1.1650001077e+03    6.3356219794e-12    4.5198620084e-03
    1.1660001227e+03    6.3388988763e-12    4.5199785674e-03
    1.1670001409e+03    6.3420853157e-12    4.5200951225e-03
    1.1680001623e+03    6.3453271968e-12    4.5202116728e-03
    1.1690001868e+03    6.3473230984e-12    4.5203282172e-03
    1.1700002144e+03    6.3509122197e-12    4.5204447547e-03
    1.1710002450e+03    6.3604044243e-12    4.5205612846e-03
    1.1720000297e+03    6.3598470892e-12    4.5206777775e-03
    1.1730000665e+03    6.3595348648e-12    4.5207942822e-03
    1.1740001064e+03    6.3601184618e-12    4.5209107834e-03
    1.1750001493e+03    6.3583997687e-12    4.5210272758e-03
    1.1760001953e+03    6.3576527646e-12    4.5211437567e-03
    1.1770002444e+03    6.3569349404e-12    4.5212602249e-03
    1.1780000474e+03    6.3536230276e-12    4.5213766521e-03
    1.1790001026e+03    6.3520531518e-12    4.5214930973e-03
    1.1800001608e+03    6.3511310686e-12    4.5216095319e-03
    1.1810002221e+03    6.3565701923e-12    4.5217259568e-03
    1.1820000372e+03    6.3621989849e-12    4.5218423442e-03
    1.1830001044e+03    6.3662783277e-12    4.5219587532e-03
    1.1840001747e+03    6.3746208462e-12    4.5220751564e-03
    1.1850002479e+03    6.3851489354e-12    4.5221915556e-03
    1.1860000751e+03    6.3921491810e-12    4.5223079236e-03
    1.1870001545e+03    6.3942384581e-12    4.5224243200e-03
    1.1880002369e+03    6.4031499837e-12    4.5225407173e-03
    1.1890000733e+03    6.4102260968e-12    4.5226570878e-03
    1.1900001619e+03    6.4156739744e-12    4.5227734898e-03
    1.1910000045e+03    6.4225516646e-12    4.5228898652e-03
    1.1920000994e+03    6.4301092453e-12    4.5230062714e-03
    1.1930001975e+03    6.4360590163e-12    4.5231226787e-03
    1.1940000497e+03    6.4425865483e-12    4.5232390577e-03
    1.1950001543e+03    6.4514864019e-12    4.5233554655e-03
    1.1960000130e+03    6.4543080932e-12    4.5234718437e-03
    1.1970001240e+03    6.4585537611e-12    4.5235882491e-03
    1.1980002384e+03    6.4593095192e-12    4.5237046515e-03
    1.1990001068e+03    6.4619211156e-12    4.5238210204e-03
    1.2000002275e+03    6.4663506165e-12    4.5239374129e-03
    1.2010001023e+03    6.4700243594e-12    4.5240537706e-03
    1.2020002294e+03    6.4708034613e-12    4.5241701513e-03
    1.2030001105e+03    6.4780984233e-12    4.5242864970e-03
    1.2040002438e+03    6.4807596255e-12    4.5244028654e-03
    1.2050001310e+03    6.4808821808e-12    4.5245191986e-03
    1.2060000214e+03    6.4749119839e-12    4.5246355251e-03
    1.2070001639e+03    6.4697996745e-12    4.5247518732e-03
    1.2080000603e+03    6.4706546441e-12    4.5248681835e-03
    1.2090002090e+03    6.4671355544e-12    4.5249845128e-03
    1.2100001116e+03    6.4640541625e-12    4.5251008016e-03
    1.2110000174e+03    6.4587492661e-12    4.5252170780e-03
    1.2120001753e+03    6.4582152749e-12    4.5253333710e-03
    1.2130000872e+03    6.4602549463e-12    4.5254496231e-03
    1.2140000021e+03    6.4606138584e-12    4.5255658643e-03
    1.2150001692e+03    6.4634501396e-12    4.5256821247e-03
    1.2160000902e+03    6.4658866569e-12    4.5257983474e-03
    1.2170000143e+03    6.4746376933e-12    4.5259145631e-03
    1.2180001905e+03    6.4779641960e-12    4.5260308032e-03
    1.2190001207e+03    6.4864642858e-12    4.5261470125e-03
    1.2200000540e+03    6.4946375612e-12    4.5262632219e-03
    1.2210002395e+03    6.5022885173e-12    4.5263794617e-03
    1.2220001790e+03    6.5100620289e-12    4.5264956748e-03
    1.2230001216e+03    6.5132367963e-12    4.5266118906e-03
    1.2240000674e+03    6.5106076920e-12    4.5267281092e-03
    1.2250000163e+03    6.5092887629e-12    4.5268443305e-03
    1.2260002176e+03    6.5088248033e-12    4.5269605830e-03
    1.2270001730e+03    6.5128749662e-12    4.5270768080e-03
    1.2280001317e+03    6.5199627513e-12    4.5271930338e-03
    1.2290000937e+03    6.5229711936e-12    4.5273092594e-03
    1.2300000589e+03    6.5226268714e-12    4.5274254838e-03
    1.2310000274e+03    6.5220870442e-12    4.5275417062e-03
    1.2320002483e+03    6.5225130700e-12    4.5276579546e-03
    1.2330002233e+03    6.5161460272e-12    4.5277741703e-03
    1.2340002016e+03    6.5232717461e-12    4.5278903817e-03
    1.2350001830e+03    6.5286291662e-12    4.5280065886e-03
    1.2360001676e+03    6.5273919406e-12    4.5281227904e-03
    1.2370001554e+03    6.5298284579e-12    4.5282389866e-03
    1.2380001462e+03    6.5288771949e-12    4.5283551764e-03
    1.2390001402e+03    6.5333796454e-12    4.5284713591e-03
    1.2400001373e+03    6.5317689178e-12    4.5285875339e-03
    1.2410001375e+03    6.5246140191e-12    4.5287036999e-03
    1.2420001407e+03    6.5226823131e-12    4.5288198562e-03
    1.2430001471e+03    6.5228690642e-12    4.5289360019e-03
    1.2440001566e+03    6.5245965112e-12    4.5290521358e-03
    1.2450001692e+03    6.5214480056e-12    4.5291682576e-03
    1.2460001850e+03    6.5198080981e-12    4.5292843673e-03
    1.2470002038e+03    6.5203391713e-12    4.5294004660e-03
    1.2480002256e+03    6.5166479206e-12    4.5295165549e-03
    1.2490000014e+03    6.5133360078e-12    4.5296326065e-03
    1.2500000294e+03    6.5175320700e-12    4.5297486799e-03
    1.2510000604e+03    6.5166800184e-12    4.5298647479e-03
    1.2520000945e+03    6.5221629118e-12    4.5299808124e-03
    1.2530001317e+03    6.5275991175e-12    4.5300968751e-03
    1.2540001720e+03    6.5344330379e-12    4.5302129374e-03
    1.2550002154e+03    6.5414653813e-12    4.5303290003e-03
    1.2560000127e+03    6.5491892871e-12    4.5304450358e-03
    1.2570000624e+03    6.5544737576e-12    4.5305611023e-03
    1.2580001153e+03    6.5631022386e-12    4.5306771710e-03
    1.2590001714e+03    6.5598253417e-12    4.5307932462e-03
    1.2600002307e+03    6.5585239205e-12    4.5309093226e-03
    1.2610000441e+03    6.5565367728e-12    4.5310253683e-03
    1.2620001100e+03    6.5579753393e-12    4.5311414431e-03
    1.2630001791e+03    6.5544241518e-12    4.5312575185e-03
    1.2640000024e+03    6.5569657166e-12    4.5313735645e-03
    1.2650000781e+03    6.5568694231e-12    4.5314896365e-03
    1.2660001571e+03    6.5554308566e-12    4.5316057043e-03
    1.2670002393e+03    6.5582846457e-12    4.5317217674e-03
    1.2680000755e+03    6.5653344970e-12    4.5318377965e-03
    1.2690001641e+03    6.5689119464e-12    4.5319538488e-03
    1.2700000067e+03    6.5690724355e-12    4.5320698662e-03
    1.2710001015e+03    6.5674938057e-12    4.5321859062e-03
    1.2720001995e+03    6.5644328397e-12    4.5323019400e-03
    1.2730000514e+03    6.5589878800e-12    4.5324179385e-03
    1.2740001555e+03    6.5529330616e-12    4.5325339588e-03
    1.2750000136e+03    6.5488828987e-12    4.5326499416e-03
    1.2760001239e+03    6.5437851792e-12    4.5327659431e-03
    1.2770002373e+03    6.5412815483e-12    4.5328819329e-03
    1.2780001047e+03    6.5377011809e-12    4.5329978816e-03
    1.2790002244e+03    6.5353551211e-12    4.5331138471e-03
    1.2800000980e+03    6.5332220742e-12    4.5332297726e-03
    1.2810002238e+03    6.5327697866e-12    4.5333457174e-03
    1.2820001034e+03    6.5331432886e-12    4.5334616250e-03
    1.2830002353e+03    6.5257345252e-12    4.5335775544e-03
    1.2840001210e+03    6.5280893390e-12    4.5336934486e-03
    1.2850000098e+03    6.5352559096e-12    4.5338093377e-03
    1.2860001508e+03    6.5370504703e-12    4.5339252521e-03
    1.2870000457e+03    6.5426238213e-12    4.5340411364e-03
    1.2880001929e+03    6.5458190146e-12    4.5341570504e-03
    1.2890000940e+03    6.5562974981e-12    4.5342729384e-03
    1.2900002474e+03    6.5564171354e-12    4.5343888589e-03
    1.2910001547e+03    6.5603914307e-12    4.5345047543e-03
    1.2920000653e+03    6.5655124941e-12    4.5346206526e-03
    1.2930002282e+03    6.5672574490e-12    4.5347365814e-03
    1.2940001451e+03    6.5664258233e-12    4.5348524812e-03
    1.2950000653e+03    6.5686989335e-12    4.5349683797e-03
    1.2960002380e+03    6.5695188872e-12    4.5350843051e-03
    1.2970001647e+03    6.5693408901e-12    4.5352001998e-03
    1.2980000947e+03    6.5690957794e-12    4.5353160927e-03
    1.2990000279e+03    6.5732860056e-12    4.5354319833e-03
    1.3000002135e+03    6.5766329341e-12    4.5355478993e-03
    1.3010001531e+03    6.5765920824e-12    4.5356637813e-03
    1.3020000958e+03    6.5800965821e-12    4.5357796564e-03
    1.3030000417e+03    6.5796968182e-12    4.5358955236e-03
    1.3040002399e+03    6.5818823888e-12    4.5360114119e-03
    1.3050001920e+03    6.5786171638e-12    4.5361272646e-03
    1.3060001472e+03    6.5726352950e-12    4.5362431113e-03
    1.3070001053e+03    6.5730379769e-12    4.5363589524e-03
    1.3080000666e+03    6.5715877384e-12    4.5364747866e-03
    1.3090000309e+03    6.5678877337e-12    4.5365906112e-03
    1.3100002474e+03    6.5609662737e-12    4.5367064528e-03
    1.3110002179e+03    6.5528805379e-12    4.5368222521e-03
    1.3120001914e+03    6.5532657118e-12    4.5369380376e-03
    1.3130001680e+03    6.5478470141e-12    4.5370538104e-03
    1.3140001476e+03    6.5432365981e-12    4.5371695717e-03
    1.3150001302e+03    6.5442841546e-12    4.5372853235e-03
    1.3160001159e+03    6.5426500831e-12    4.5374010673e-03
    1.3170001045e+03    6.5381126168e-12    4.5375168045e-03
    1.3180000962e+03    6.5367324100e-12    4.5376325369e-03
    1.3190000909e+03    6.5359212102e-12    4.5377482663e-03
    1.3200000887e+03    6.5413720058e-12    4.5378639940e-03
    1.3210000895e+03    6.5457256391e-12    4.5379797216e-03
    1.3220000934e+03    6.5537034096e-12    4.5380954499e-03
    1.3230001003e+03    6.5638404888e-12    4.5382111797e-03
    1.3240001104e+03    6.5698719634e-12    4.5383269112e-03
    1.3250001236e+03    6.5789644040e-12    4.5384426445e-03
    1.3260001399e+03    6.5863089718e-12    4.5385583795e-03
    1.3270001594e+03    6.5948411593e-12    4.5386741157e-03
    1.3280001822e+03    6.5964256251e-12    4.5387898528e-03
    1.3290002081e+03    6.5964168711e-12    4.5389055902e-03
    1.3300002373e+03    6.6009922713e-12    4.5390213270e-03
    1.3310000205e+03    6.6029385671e-12    4.5391370334e-03
    1.3320000561e+03    6.6097666516e-12    4.5392527658e-03
    1.3330000949e+03    6.6146426042e-12    4.5393684941e-03
    1.3340001369e+03    6.6193318058e-12    4.5394842172e-03
    1.3350001820e+03    6.6279165171e-12    4.5395999344e-03
    1.3360002301e+03    6.6282024796e-12    4.5397156454e-03
    1.3370000322e+03    6.6297315036e-12    4.5398313211e-03
    1.3380000865e+03    6.6326874222e-12    4.5399470188e-03
    1.3390001439e+03    6.6327691258e-12    4.5400627090e-03
    1.3400002043e+03    6.6359147134e-12    4.5401783911e-03
    1.3410000185e+03    6.6374408195e-12    4.5402940354e-03
    1.3420000849e+03    6.6323722798e-12    4.5404096989e-03
    1.3430001544e+03    6.6320396296e-12    4.5405253518e-03
    1.3440002270e+03    6.6268164368e-12    4.5406409932e-03
    1.3450000534e+03    6.6260781866e-12    4.5407565933e-03
    1.3460001321e+03    6.6257192745e-12    4.5408722096e-03
    1.3470002138e+03    6.6283629687e-12    4.5409878141e-03
    1.3480000492e+03    6.6281382839e-12    4.5411033792e-03
    1.3490001368e+03    6.6260635967e-12    4.5412189638e-03
    1.3500002275e+03    6.6254508199e-12    4.5413345401e-03
    1.3510000719e+03    6.6265538182e-12    4.5414500808e-03
    1.3520001685e+03    6.6339158938e-12    4.5415656451e-03
    1.3530000189e+03    6.6391215787e-12    4.5416811772e-03
    1.3540001216e+03    6.6455440632e-12    4.5417967364e-03
    1.3550002274e+03    6.6481585776e-12    4.5419122959e-03
    1.3560000869e+03    6.6511057423e-12    4.5420278279e-03
    1.3570001988e+03    6.6596379298e-12    4.5421433906e-03
    1.3580000646e+03    6.6596029140e-12    4.5422589266e-03
    1.3590001827e+03    6.6641257905e-12    4.5423744934e-03
    1.3600000547e+03    6.6705190952e-12    4.5424900330e-03
    1.3610001792e+03    6.6734837677e-12    4.5426056023e-03
    1.3620000576e+03    6.6765155539e-12    4.5427211428e-03
    1.3630001885e+03    6.6754796693e-12    4.5428367111e-03
    1.3640000734e+03    6.6757247801e-12    4.5429522484e-03
    1.3650002107e+03    6.6697487472e-12    4.5430678110e-03
    1.3660001020e+03    6.6709392850e-12    4.5431833404e-03
    1.3670002457e+03    6.6753687859e-12    4.5432988930e-03
    1.3680001433e+03    6.6769911855e-12    4.5434144110e-03
    1.3690000440e+03    6.6809246290e-12    4.5435299230e-03
    1.3700001970e+03    6.6854066536e-12    4.5436454581e-03
    1.3710001039e+03    6.6860398563e-12    4.5437609582e-03
    1.3720000138e+03    6.6872741639e-12    4.5438764523e-03
    1.3730001760e+03    6.6910296104e-12    4.5439919692e-03
    1.3740000919e+03    6.6910704621e-12    4.5441074507e-03
    1.3750000109e+03    6.6894276367e-12    4.5442229238e-03
    1.3760001821e+03    6.6854825212e-12    4.5443384159e-03
    1.3770001071e+03    6.6846450596e-12    4.5444538675e-03
    1.3780000352e+03    6.6773004919e-12    4.5445693057e-03
    1.3790002156e+03    6.6782400830e-12    4.5446847590e-03
    1.3800001498e+03    6.6773938674e-12    4.5448001710e-03
    1.3810000869e+03    6.6738922856e-12    4.5449155717e-03
    1.3820000271e+03    6.6734312440e-12    4.5450309623e-03
    1.3830002195e+03    6.6662530014e-12    4.5451463722e-03
    1.3840001656e+03    6.6675223248e-12    4.5452617451e-03
    1.3850001147e+03    6.6679746124e-12    4.5453771115e-03
    1.3860000668e+03    6.6667140430e-12    4.5454924740e-03
    1.3870000219e+03    6.6714003266e-12    4.5456078346e-03
    1.3880002292e+03    6.6777060917e-12    4.5457232239e-03
    1.3890001904e+03    6.6793051474e-12    4.5458385854e-03
    1.3900001546e+03    6.6807845657e-12    4.5459539480e-03
    1.3910001219e+03    6.6800433976e-12    4.5460693112e-03
    1.3920000923e+03    6.6776448141e-12    4.5461846742e-03
    1.3930000657e+03    6.6779045147e-12    4.5463000363e-03
    1.3940000424e+03    6.6839009735e-12    4.5464153969e-03
    1.3950000222e+03    6.6798799904e-12    4.5465307563e-03
    1.3960000051e+03    6.6753220982e-12    4.5466461140e-03
    1.3970002406e+03    6.6737259605e-12    4.5467614985e-03
    1.3980002300e+03    6.6709801368e-12    4.5468768514e-03
    1.3990002225e+03    6.6742599517e-12    4.5469922000e-03
    1.4000002183e+03    6.6715987496e-12    4.5471075428e-03
    1.4010002172e+03    6.6710239065e-12    4.5472228779e-03
    1.4020002193e+03    6.6640294970e-12    4.5473382049e-03
    1.4030002245e+03    6.6626259463e-12    4.5474535241e-03
    1.4040002328e+03    6.6592760997e-12    4.5475688349e-03
    1.4050002441e+03    6.6558883194e-12    4.5476841368e-03
    1.4060000091e+03    6.6551383973e-12    4.5477994004e-03
    1.4070000263e+03    6.6486604710e-12    4.5479146825e-03
    1.4080000464e+03    6.6514121307e-12    4.5480299543e-03
    1.4090000695e+03    6.6560721524e-12    4.5481452152e-03
    1.4100000957e+03    6.6636414050e-12    4.5482604647e-03
    1.4110001251e+03    6.6755788808e-12    4.5483757017e-03
    1.4120001575e+03    6.6759173671e-12    4.5484909248e-03
    1.4130001930e+03    6.6768948920e-12    4.5486061335e-03
    1.4140002315e+03    6.6762791972e-12    4.5487213273e-03
    1.4150000235e+03    6.6706533225e-12    4.5488364786e-03
    1.4160000677e+03    6.6673501637e-12    4.5489516465e-03
    1.4170001147e+03    6.6694948825e-12    4.5490668047e-03
    1.4180001645e+03    6.6710618403e-12    4.5491819560e-03
    1.4190002171e+03    6.6759407109e-12    4.5492971037e-03
    1.4200000233e+03    6.6808458434e-12    4.5494122220e-03
    1.4210000818e+03    6.6836646167e-12    4.5495273700e-03
    1.4220001431e+03    6.6882400169e-12    4.5496425198e-03
    1.4230002075e+03    6.6894801604e-12    4.5497576710e-03
    1.4240000257e+03    6.6923164417e-12    4.5498727940e-03
    1.4250000961e+03    6.6958617932e-12    4.5499879459e-03
    1.4260001696e+03    6.7006998120e-12    4.5501030979e-03
    1.4270002462e+03    6.7058150394e-12    4.5502182510e-03
    1.4280000767e+03    6.7047062051e-12    4.5503333782e-03
    1.4290001595e+03    6.7064278162e-12    4.5504485377e-03
    1.4300002455e+03    6.7126577137e-12    4.5505637007e-03
    1.4310000853e+03    6.7166699428e-12    4.5506788366e-03
    1.4320001776e+03    6.7160513300e-12    4.5507939998e-03
    1.4330000236e+03    6.7162760149e-12    4.5509091298e-03
    1.4340001221e+03    6.7187096142e-12    4.5510242810e-03
    1.4350002235e+03    6.7217968421e-12    4.5511394230e-03
    1.4360000788e+03    6.7234630114e-12    4.5512545265e-03
    1.4370001864e+03    6.7204487331e-12    4.5513696490e-03
    1.4380000477e+03    6.7148812181e-12    4.5514847340e-03
    1.4390001612e+03    6.7167020407e-12    4.5515998399e-03
    1.4400000285e+03    6.7103904395e-12    4.5517149099e-03
    1.4410001480e+03    6.7083303423e-12    4.5518300014e-03
    1.4420000213e+03    6.7076241899e-12    4.5519450561e-03
    1.4430001467e+03    6.7071310505e-12    4.5520601302e-03
    1.4440000259e+03    6.7094187506e-12    4.5521751644e-03
    1.4450001573e+03    6.7098535303e-12    4.5522902144e-03
    1.4460000425e+03    6.7064278162e-12    4.5524052219e-03
    1.4470001799e+03    6.7060689040e-12    4.5525202439e-03
    1.4480000710e+03    6.7053014740e-12    4.5526352241e-03
    1.4490002143e+03    6.7085433551e-12    4.5527502211e-03
    1.4500001112e+03    6.7044581764e-12    4.5528651790e-03
    1.4510000111e+03    6.7066145672e-12    4.5529801277e-03
    1.4520001632e+03    6.7079101524e-12    4.5530950979e-03
    1.4530000690e+03    6.7113475385e-12    4.5532100347e-03
    1.4540002269e+03    6.7109331847e-12    4.5533249984e-03
    1.4550001386e+03    6.7184440776e-12    4.5534399328e-03
    1.4560000533e+03    6.7251583606e-12    4.5535548673e-03
    1.4570002202e+03    6.7255902224e-12    4.5536698320e-03
    1.4580001409e+03    6.7265210595e-12    4.5537847702e-03
    1.4590000646e+03    6.7307638094e-12    4.5538997102e-03
    1.4600002406e+03    6.7304399131e-12    4.5540146803e-03
    1.4610001705e+03    6.7321644421e-12    4.5541296223e-03
    1.4620001035e+03    6.7353217017e-12    4.5542445635e-03
    1.4630000396e+03    6.7358790368e-12    4.5543595028e-03
    1.4640002282e+03    6.7338539553e-12    4.5544744676e-03
    1.4650001706e+03    6.7362408669e-12    4.5545893996e-03
    1.4660001160e+03    6.7335213051e-12    4.5547043265e-03
    1.4670000646e+03    6.7348752500e-12    4.5548192478e-03
    1.4680000162e+03    6.7375539601e-12    4.5549341630e-03
    1.4690002202e+03    6.7389545928e-12    4.5550491009e-03
    1.4700001779e+03    6.7352896038e-12    4.5551640040e-03
    1.4710001387e+03    6.7270346248e-12    4.5552789007e-03
    1.4720001024e+03    6.7260512640e-12    4.5553937905e-03
    1.4730000692e+03    6.7227481052e-12    4.5555086728e-03
    1.4740000389e+03    6.7259462165e-12    4.5556235467e-03
    1.4750000115e+03    6.7285548949e-12    4.5557384113e-03
    1.4760002364e+03    6.7257244497e-12    4.5558532936e-03
    1.4770002149e+03    6.7262263430e-12    4.5559681350e-03
    1.4780001963e+03    6.7259958222e-12    4.5560829628e-03
    1.4790001807e+03    6.7257361216e-12    4.5561977766e-03
    1.4800001681e+03    6.7254910109e-12    4.5563125772e-03
    1.4810001584e+03    6.7252254743e-12    4.5564273657e-03
    1.4820001516e+03    6.7232033108e-12    4.5565421440e-03
    1.4830001477e+03    6.7227451872e-12    4.5566569134e-03
    1.4840001468e+03    6.7189897407e-12    4.5567716751e-03
    1.4850001487e+03    6.7215458954e-12    4.5568864300e-03
    1.4860001536e+03    6.7227335152e-12    4.5570011794e-03
    1.4870001614e+03    6.7235213711e-12    4.5571159249e-03
    1.4880001721e+03    6.7241516559e-12    4.5572306684e-03
    1.4890001858e+03    6.7273235053e-12    4.5573454114e-03
    1.4900002025e+03    6.7307492195e-12    4.5574601547e-03
    1.4910002221e+03    6.7312452769e-12    4.5575748988e-03
    1.4920002448e+03    6.7312919647e-12    4.5576896442e-03
    1.4930000212e+03    6.7352516700e-12    4.5578043620e-03
    1.4940000500e+03    6.7405740743e-12    4.5579191091e-03
    1.4950000818e+03    6.7371016724e-12    4.5580338561e-03
    1.4960001168e+03    6.7368857415e-12    4.5581486018e-03
    1.4970001549e+03    6.7368740696e-12    4.5582633454e-03
    1.4980001962e+03    6.7326604995e-12    4.5583780860e-03
    1.4990002406e+03    6.7281434591e-12    4.5584928226e-03
    1.5000000389e+03    6.7296987450e-12    4.5586075259e-03
    1.5010000896e+03    6.7300022154e-12    4.5587222523e-03
    1.5020001433e+03    6.7305011908e-12    4.5588369722e-03
    1.5030002001e+03    6.7292026875e-12    4.5589516854e-03
    1.5040000107e+03    6.7247877765e-12    4.5590663627e-03
    1.5050000736e+03    6.7186979423e-12    4.5591810615e-03
    1.5060001395e+03    6.7137169422e-12    4.5592957526e-03
    1.5070002084e+03    6.7104925690e-12    4.5594104348e-03
    1.5080000310e+03    6.7137052703e-12    4.5595250784e-03
    1.5090001058e+03    6.7116305831e-12    4.5596397414e-03
    1.5100001837e+03    6.7089197752e-12    4.5597543907e-03
    1.5110000152e+03    6.7211607214e-12    4.5598689987e-03
    1.5120000991e+03    6.7302006383e-12    4.5599836239e-03
    1.5130001860e+03    6.7331361311e-12    4.5600982379e-03
    1.5140000266e+03    6.7410730497e-12    4.5602128113e-03
    1.5150001194e+03    6.7424386666e-12    4.5603274019e-03
    1.5160002152e+03    6.7414961575e-12    4.5604419823e-03
    1.5170000647e+03    6.7472066538e-12    4.5605565250e-03
    1.5180001664e+03    6.7440669021e-12    4.5606710877e-03
    1.5190000217e+03    6.7408804627e-12    4.5607856141e-03
    1.5200001293e+03    6.7438188734e-12    4.5609001628e-03
    1.5210002399e+03    6.7425962378e-12    4.5610147071e-03
    1.5220001041e+03    6.7403960772e-12    4.5611292199e-03
    1.5230002207e+03    6.7371687861e-12    4.5612437604e-03
    1.5240000909e+03    6.7354530110e-12    4.5613582728e-03
    1.5250002136e+03    6.7389691827e-12    4.5614728159e-03
    1.5260000899e+03    6.7355989102e-12    4.5615873331e-03
    1.5270002187e+03    6.7316129430e-12    4.5617018808e-03
    1.5280001013e+03    6.7271688521e-12    4.5618164008e-03
    1.5290002363e+03    6.7207376136e-12    4.5619309485e-03
    1.5300001252e+03    6.7120070031e-12    4.5620454654e-03
    1.5310000173e+03    6.7136381566e-12    4.5621599788e-03
    1.5320001619e+03    6.7148024325e-12    4.5622745158e-03
    1.5330000603e+03    6.7131216733e-12    4.5623890184e-03
    1.5340002112e+03    6.7034573076e-12    4.5625035424e-03
    1.5350001160e+03    6.6957946795e-12    4.5626180306e-03
    1.5360000238e+03    6.6914935699e-12    4.5627325118e-03
    1.5370001841e+03    6.6875922243e-12    4.5628470141e-03
    1.5380000981e+03    6.6793343273e-12    4.5629614801e-03
    1.5390000151e+03    6.6762120835e-12    4.5630759376e-03
    1.5400001846e+03    6.6858793672e-12    4.5631904146e-03
    1.5410001077e+03    6.6922843438e-12    4.5633048537e-03
    1.5420000338e+03    6.7028328589e-12    4.5634192826e-03
    1.5430002122e+03    6.7097047131e-12    4.5635337292e-03
    1.5440001444e+03    6.7188146616e-12    4.5636481351e-03
    1.5450000796e+03    6.7259987402e-12    4.5637625267e-03
    1.5460000178e+03    6.7335242230e-12    4.5638769029e-03
    1.5470002084e+03    6.7443149308e-12    4.5639912921e-03
    1.5480001527e+03    6.7504514529e-12    4.5641056378e-03
    1.5490001001e+03    6.7606614817e-12    4.5642199695e-03
    1.5500000504e+03    6.7716681204e-12    4.5643342888e-03
    1.5510000037e+03    6.7811603249e-12    4.5644485971e-03
    1.5520002095e+03    6.7864944012e-12    4.5645629245e-03
    1.5530001689e+03    6.7960974891e-12    4.5646772162e-03
    1.5540001313e+03    6.8058873282e-12    4.5647915025e-03
    1.5550000968e+03    6.8097799199e-12    4.5649057850e-03
    1.5560000653e+03    6.8076789708e-12    4.5650200647e-03
    1.5570000369e+03    6.8085368584e-12    4.5651343427e-03
    1.5580000116e+03    6.8088549187e-12    4.5652486197e-03
    1.5590002388e+03    6.8074163522e-12    4.5653629250e-03
    1.5600002197e+03    6.8046384307e-12    4.5654772021e-03
    1.5610002039e+03    6.8002089297e-12    4.5655914793e-03
    1.5620001912e+03    6.7939877861e-12    4.5657057557e-03
    1.5630001818e+03    6.7869554428e-12    4.5658200301e-03
    1.5640001757e+03    6.7816067766e-12    4.5659343010e-03
    1.5650001728e+03    6.7736173342e-12    4.5660485673e-03
    1.5660001733e+03    6.7671364900e-12    4.5661628281e-03
    1.5670001769e+03    6.7659663781e-12    4.5662770834e-03
    1.5680001839e+03    6.7619016252e-12    4.5663913338e-03
    1.5690001941e+03    6.7607782011e-12    4.5665055805e-03
    1.5700002074e+03    6.7671685878e-12    4.5666198237e-03
    1.5710002240e+03    6.7750617367e-12    4.5667340623e-03
    1.5720002438e+03    6.7865440069e-12    4.5668482950e-03
    1.5730000174e+03    6.7930948828e-12    4.5669624924e-03
    1.5740000435e+03    6.8040431618e-12    4.5670767104e-03
    1.5750000728e+03    6.8088607547e-12    4.5671909194e-03
    1.5760001052e+03    6.8170865538e-12    4.5673051185e-03
    1.5770001408e+03    6.8276759207e-12    4.5674193064e-03
    1.5780001795e+03    6.8384374486e-12    4.5675334825e-03
    1.5790002215e+03    6.8490676673e-12    4.5676476476e-03
    1.5800000172e+03    6.8550407822e-12    4.5677617744e-03
    1.5810000654e+03    6.8662779416e-12    4.5678759214e-03
    1.5820001168e+03    6.8823502019e-12    4.5679900604e-03
    1.5830001713e+03    6.8948158330e-12    4.5681041913e-03
    1.5840002290e+03    6.9043401354e-12    4.5682183141e-03
    1.5850000404e+03    6.9091168765e-12    4.5683324013e-03
    1.5860001043e+03    6.9081043358e-12    4.5684465122e-03
    1.5870001713e+03    6.9078446352e-12    4.5685606223e-03
    1.5880002415e+03    6.9024755431e-12    4.5686747338e-03
    1.5890000653e+03    6.8974420193e-12    4.5687888194e-03
    1.5900001417e+03    6.8986442291e-12    4.5689029363e-03
    1.5910002211e+03    6.8947574733e-12    4.5690170567e-03
    1.5920000542e+03    6.8909699290e-12    4.5691311538e-03
    1.5930001399e+03    6.8860151908e-12    4.5692452865e-03
    1.5940002287e+03    6.8830330104e-12    4.5693594290e-03
    1.5950000713e+03    6.8782766952e-12    4.5694735540e-03
    1.5960001664e+03    6.8766863934e-12    4.5695877165e-03
    1.5970000154e+03    6.8764150208e-12    4.5697018566e-03
    1.5980001170e+03    6.8720905674e-12    4.5698160284e-03
    1.5990002219e+03    6.8672379586e-12    4.5699302015e-03
    1.6000000806e+03    6.8655542814e-12    4.5700443463e-03
    1.6010001919e+03    6.8587874747e-12    4.5701585189e-03
    1.6020000571e+03    6.8532929093e-12    4.5702726618e-03
    1.6030001748e+03    6.8473518922e-12    4.5703868315e-03
    1.6040000462e+03    6.8456448711e-12    4.5705009703e-03
    1.6050001702e+03    6.8411511745e-12    4.5706151340e-03
    1.6060000479e+03    6.8418602448e-12    4.5707292647e-03
    1.6070001781e+03    6.8460913228e-12    4.5708434182e-03
    1.6080000618e+03    6.8576552965e-12    4.5709575363e-03
    1.6090001980e+03    6.8686240014e-12    4.5710716747e-03
    1.6100000878e+03    6.8795518545e-12    4.5711857750e-03
    1.6110002301e+03    6.8856942125e-12    4.5712998930e-03
    1.6120001260e+03    6.8947312115e-12    4.5714139702e-03
    1.6130000249e+03    6.9057903739e-12    4.5715280344e-03
    1.6140001763e+03    6.9180400741e-12    4.5716421140e-03
    1.6150000813e+03    6.9304473454e-12    4.5717561522e-03
    1.6160002387e+03    6.9405639988e-12    4.5718702062e-03
    1.6170001497e+03    6.9494550984e-12    4.5719842198e-03
    1.6180000636e+03    6.9587926498e-12    4.5720982223e-03
    1.6190002300e+03    6.9597059791e-12    4.5722122435e-03
    1.6200001499e+03    6.9577888630e-12    4.5723262285e-03
    1.6210000728e+03    6.9557316838e-12    4.5724402080e-03
    1.6220002481e+03    6.9571469064e-12    4.5725542124e-03
    1.6230001770e+03    6.9544536064e-12    4.5726681866e-03
    1.6240001089e+03    6.9532513967e-12    4.5727821604e-03
    1.6250000439e+03    6.9539604670e-12    4.5728961348e-03
    1.6260002313e+03    6.9547249790e-12    4.5730101392e-03
    1.6270001724e+03    6.9507973715e-12    4.5731241165e-03
    1.6280001165e+03    6.9462744950e-12    4.5732380947e-03
    1.6290000638e+03    6.9405202290e-12    4.5733520725e-03
    1.6300000142e+03    6.9357814217e-12    4.5734660488e-03
    1.6310002172e+03    6.9306778662e-12    4.5735800508e-03
    1.6320001740e+03    6.9279991562e-12    4.5736940206e-03
    1.6330001339e+03    6.9232749388e-12    4.5738079859e-03
    1.6340000970e+03    6.9210251725e-12    4.5739219461e-03
    1.6350000632e+03    6.9169866815e-12    4.5740359011e-03
    1.6360000326e+03    6.9093444793e-12    4.5741498510e-03
    1.6370000049e+03    6.9098084389e-12    4.5742637957e-03
    1.6380002298e+03    6.9064731823e-12    4.5743777632e-03
    1.6390002083e+03    6.9007772760e-12    4.5744916957e-03
    1.6400001898e+03    6.9026564582e-12    4.5746056209e-03
    1.6410001743e+03    6.9069604858e-12    4.5747195382e-03
    1.6420001617e+03    6.9233799862e-12    4.5748334474e-03
    1.6430001521e+03    6.9359127310e-12    4.5749473479e-03
    1.6440001456e+03    6.9480982355e-12    4.5750612388e-03
    1.6450001420e+03    6.9618069281e-12    4.5751751189e-03
    1.6460001414e+03    6.9722474777e-12    4.5752889871e-03
    1.6470001438e+03    6.9763968521e-12    4.5754028432e-03
    1.6480001493e+03    6.9887545178e-12    4.5755166875e-03
    1.6490001577e+03    6.9985356028e-12    4.5756305209e-03
    1.6500001691e+03    7.0099274155e-12    4.5757443445e-03
    1.6510001835e+03    7.0204876025e-12    4.5758581595e-03
    1.6520002008e+03    7.0206597636e-12    4.5759719671e-03
    1.6530002210e+03    7.0209865779e-12    4.5760857685e-03
    1.6540002442e+03    7.0151972961e-12    4.5761995660e-03
    1.6550000209e+03    7.0203679651e-12    4.5763133328e-03
    1.6560000500e+03    7.0217394180e-12    4.5764271272e-03
    1.6570000821e+03    7.0233384737e-12    4.5765409216e-03
    1.6580001173e+03    7.0185938304e-12    4.5766547166e-03
    1.6590001555e+03    7.0146341250e-12    4.5767685131e-03
    1.6600001967e+03    7.0118824653e-12    4.5768823118e-03
    1.6610002410e+03    7.0077681067e-12    4.5769961131e-03
    1.6620000390e+03    7.0014331617e-12    4.5771098884e-03
    1.6630000896e+03    6.9967352062e-12    4.5772236934e-03
    1.6640001434e+03    6.9931460849e-12    4.5773374986e-03
    1.6650002004e+03    6.9857431575e-12    4.5774513028e-03
    1.6660000111e+03    6.9825713080e-12    4.5775650766e-03
    1.6670000744e+03    6.9781476430e-12    4.5776788759e-03
    1.6680001409e+03    6.9753405416e-12    4.5777926715e-03
    1.6690002105e+03    6.9687925837e-12    4.5779064625e-03
    1.6700000338e+03    6.9673948690e-12    4.5780202202e-03
    1.6710001096e+03    6.9671643482e-12    4.5781340008e-03
    1.6720001885e+03    6.9677887970e-12    4.5782477753e-03
    1.6730000210e+03    6.9693499188e-12    4.5783615150e-03
    1.6740001060e+03    6.9783402300e-12    4.5784752762e-03
    1.6750001939e+03    6.9900121692e-12    4.5785890304e-03
    1.6760000354e+03    7.0026032736e-12    4.5787027485e-03
    1.6770001293e+03    7.0132801800e-12    4.5788164868e-03
    1.6780002263e+03    7.0194342100e-12    4.5789302160e-03
    1.6790000768e+03    7.0304175048e-12    4.5790439064e-03
    1.6800001799e+03    7.0403153092e-12    4.5791576137e-03
    1.6810000365e+03    7.0526292051e-12    4.5792712806e-03
    1.6820001455e+03    7.0661219668e-12    4.5793849640e-03
    1.6830000081e+03    7.0717770214e-12    4.5794986081e-03
    1.6840001231e+03    7.0850305084e-12    4.5796122708e-03
    1.6850002410e+03    7.0975603351e-12    4.5797259251e-03
    1.6860001125e+03    7.0983627809e-12    4.5798395435e-03
    1.6870002363e+03    7.0996145964e-12    4.5799531843e-03
    1.6880001136e+03    7.0965944821e-12    4.5800667925e-03
    1.6890002434e+03    7.0944410093e-12    4.5801804269e-03
    1.6900001267e+03    7.0960604909e-12    4.5802940329e-03
    1.6910000130e+03    7.0966324159e-12    4.5804076400e-03
    1.6920001518e+03    7.0930870644e-12    4.5805212776e-03
    1.6930000441e+03    7.0923429783e-12    4.5806348891e-03
    1.6940001890e+03    7.0886137937e-12    4.5807485312e-03
    1.6950000875e+03    7.0878492817e-12    4.5808621467e-03
    1.6960002386e+03    7.0816923337e-12    4.5809757912e-03
    1.6970001433e+03    7.0753719787e-12    4.5810894071e-03
    1.6980000512e+03    7.0649197571e-12    4.5812030217e-03
    1.6990002118e+03    7.0602101296e-12    4.5813166623e-03
    1.7000001261e+03    7.0511322789e-12    4.5814302714e-03
    1.7010000436e+03    7.0453371611e-12    4.5815438761e-03
    1.7020002136e+03    7.0364898312e-12    4.5816575039e-03
    1.7030001373e+03    7.0306859594e-12    4.5817710975e-03
    1.7040000642e+03    7.0334084392e-12    4.5818846851e-03
    1.7050002435e+03    7.0320457403e-12    4.5819982952e-03
    1.7060001765e+03    7.0288738908e-12    4.5821118712e-03
    1.7070001124e+03    7.0394048980e-12    4.5822254411e-03
    1.7080000514e+03    7.0416079765e-12    4.5823390045e-03
    1.7090002429e+03    7.0528947417e-12    4.5824525894e-03
    1.7100001878e+03    7.0628304800e-12    4.5825661381e-03
    1.7110001357e+03    7.0672949967e-12    4.5826796779e-03
    1.7120000867e+03    7.0777063665e-12    4.5827932074e-03
    1.7130000407e+03    7.0895008611e-12    4.5829067252e-03
    1.7140002472e+03    7.1032153896e-12    4.5830202588e-03
    1.7150002073e+03    7.1150011303e-12    4.5831337514e-03
    1.7160001703e+03    7.1272770923e-12    4.5832472323e-03
    1.7170001363e+03    7.1373995816e-12    4.5833607026e-03
    1.7180001052e+03    7.1510761764e-12    4.5834741633e-03
    1.7190000771e+03    7.1566203475e-12    4.5835876152e-03
    1.7200000520e+03    7.1558908513e-12    4.5837010598e-03
    1.7210000298e+03    7.1589664073e-12    4.5838144992e-03
    1.7220000106e+03    7.1601394372e-12    4.5839279362e-03
    1.7230002439e+03    7.1600635696e-12    4.5840414015e-03
    1.7240002307e+03    7.1581843874e-12    4.5841548404e-03
    1.7250002204e+03    7.1570959790e-12    4.5842682819e-03
    1.7260002132e+03    7.1536323311e-12    4.5843817255e-03
    1.7270002091e+03    7.1515138741e-12    4.5844951705e-03
    1.7280002080e+03    7.1507610340e-12    4.5846086159e-03
    1.7290002100e+03    7.1428270333e-12    4.5847220614e-03
    1.7300002151e+03    7.1370056537e-12    4.5848355067e-03
    1.7310002234e+03    7.1319020982e-12    4.5849489517e-03
    1.7320002350e+03    7.1277118721e-12    4.5850623965e-03
    1.7330000001e+03    7.1227367080e-12    4.5851758119e-03
    1.7340000180e+03    7.1163667472e-12    4.5852892533e-03
    1.7350000390e+03    7.1106766768e-12    4.5854026910e-03
    1.7360000632e+03    7.1050858179e-12    4.5855161235e-03
    1.7370000905e+03    7.1000610481e-12    4.5856295497e-03
    1.7380001209e+03    7.1025675970e-12    4.5857429688e-03
    1.7390001543e+03    7.1037552168e-12    4.5858563800e-03
    1.7400001908e+03    7.1101660294e-12    4.5859697836e-03
    1.7410002303e+03    7.1208312639e-12    4.5860831805e-03
    1.7420000233e+03    7.1334106964e-12    4.5861965428e-03
    1.7430000688e+03    7.1436411511e-12    4.5863099268e-03
    1.7440001173e+03    7.1530662420e-12    4.5864233032e-03
    1.7450001688e+03    7.1636381010e-12    4.5865366695e-03
    1.7460002233e+03    7.1711927636e-12    4.5866500232e-03
    1.7470000314e+03    7.1795265282e-12    4.5867633343e-03
    1.7480000920e+03    7.1901684188e-12    4.5868766594e-03
    1.7490001556e+03    7.1984088079e-12    4.5869899719e-03
    1.7500002222e+03    7.2083824799e-12    4.5871032740e-03
    1.7510000422e+03    7.2187033922e-12    4.5872165398e-03
    1.7520001148e+03    7.2264389699e-12    4.5873298266e-03
    1.7530001902e+03    7.2295261978e-12    4.5874431058e-03
    1.7540000192e+03    7.2319481252e-12    4.5875563495e-03
    1.7550001006e+03    7.2275623940e-12    4.5876696154e-03
    1.7560001849e+03    7.2300514351e-12    4.5877828767e-03
    1.7570000228e+03    7.2277082933e-12    4.5878961073e-03
    1.7580001132e+03    7.2271188603e-12    4.5880093656e-03
    1.7590002066e+03    7.2251287947e-12    4.5881226248e-03
    1.7600000535e+03    7.2290009605e-12    4.5882358576e-03
    1.7610001529e+03    7.2287470959e-12    4.5883491209e-03
    1.7620000060e+03    7.2215746892e-12    4.5884623581e-03
    1.7630001117e+03    7.2170430588e-12    4.5885756251e-03
    1.7640002205e+03    7.2090069287e-12    4.5886888928e-03
    1.7650000830e+03    7.2005185109e-12    4.5888021317e-03
    1.7660001983e+03    7.1929580123e-12    4.5889153969e-03
    1.7670000671e+03    7.1883680222e-12    4.5890286305e-03
    1.7680001888e+03    7.1852136806e-12    4.5891418881e-03
    1.7690000640e+03    7.1790275528e-12    4.5892551125e-03
    1.7700001919e+03    7.1738306219e-12    4.5893683596e-03
    1.7710000734e+03    7.1701014373e-12    4.5894815726e-03
    1.7720002075e+03    7.1783009746e-12    4.5895948076e-03
    1.7730000951e+03    7.1871278786e-12    4.5897080076e-03
    1.7740002354e+03    7.1996022637e-12    4.5898212288e-03
    1.7750001290e+03    7.2150471572e-12    4.5899344150e-03
    1.7760000257e+03    7.2230045018e-12    4.5900475949e-03
    1.7770001750e+03    7.2345392957e-12    4.5901607965e-03
    1.7780000777e+03    7.2402381200e-12    4.5902739621e-03
    1.7790002330e+03    7.2495581635e-12    4.5903871465e-03
    1.7800001418e+03    7.2595726873e-12    4.5905002912e-03
    1.7810000536e+03    7.2687876833e-12    4.5906134232e-03
    1.7820002180e+03    7.2790502359e-12    4.5907265706e-03
    1.7830001359e+03    7.2908709923e-12    4.5908396776e-03
    1.7840000568e+03    7.2997854359e-12    4.5909527737e-03
    1.7850002303e+03    7.3091521671e-12    4.5910658886e-03
    1.7860001571e+03    7.3233160653e-12    4.5911789672e-03
    1.7870000869e+03    7.3280928065e-12    4.5912920386e-03
    1.7880000198e+03    7.3316877637e-12    4.5914051048e-03
    1.7890002051e+03    7.3354140303e-12    4.5915181959e-03
    1.7900001439e+03    7.3350551182e-12    4.5916312573e-03
    1.7910000857e+03    7.3372786226e-12    4.5917443192e-03
    1.7920000305e+03    7.3467066315e-12    4.5918573812e-03
    1.7930002278e+03    7.3473894400e-12    4.5919704731e-03
    1.7940001787e+03    7.3555948132e-12    4.5920835403e-03
    1.7950001326e+03    7.3556473370e-12    4.5921966106e-03
    1.7960000896e+03    7.3582122456e-12    4.5923096825e-03
    1.7970000498e+03    7.3529044312e-12    4.5924227545e-03
    1.7980000132e+03    7.3426798125e-12    4.5925358257e-03
    1.7990002293e+03    7.3376667146e-12    4.5926489234e-03
    1.8000001991e+03    7.3377951059e-12    4.5927619901e-03
    1.8010001721e+03    7.3349734146e-12    4.5928750532e-03
    1.8020001483e+03    7.3305059799e-12    4.5929881118e-03
    1.8030001276e+03    7.3288631544e-12    4.5931011650e-03
    1.8040001101e+03    7.3314718329e-12    4.5932142124e-03
    1.8050000956e+03    7.3345678147e-12    4.5933272533e-03
    1.8060000842e+03    7.3447282378e-12    4.5934402877e-03
    1.8070000759e+03    7.3509260375e-12    4.5935533154e-03
    1.8080000707e+03    7.3603832263e-12    4.5936663366e-03
    1.8090000684e+03    7.3713198333e-12    4.5937793511e-03
    1.8100000691e+03    7.3837212687e-12    4.5938923581e-03
    1.8110000728e+03    7.3893179636e-12    4.5940053564e-03
    1.8120000795e+03    7.4005055173e-12    4.5941183449e-03
    1.8130000893e+03    7.4058804453e-12    4.5942313222e-03
    1.8140001021e+03    7.4243104373e-12    4.5943442877e-03
    1.8150001179e+03    7.4325566624e-12    4.5944572415e-03
    1.8160001368e+03    7.4414273362e-12    4.5945701845e-03
    1.8170001586e+03    7.4529767200e-12    4.5946831178e-03
    1.8180001835e+03    7.4605488906e-12    4.5947960425e-03
    1.8190002113e+03    7.4710332100e-12    4.5949089599e-03
    1.8200002421e+03    7.4840970280e-12    4.5950218703e-03
    1.8210000263e+03    7.4909426203e-12    4.5951347464e-03
    1.8220000630e+03    7.5013364822e-12    4.5952476460e-03
    1.8230001027e+03    7.5092734008e-12    4.5953605429e-03
    1.8240001455e+03    7.5152990395e-12    4.5954734389e-03
    1.8250001912e+03    7.5183337437e-12    4.5955863355e-03
    1.8260002399e+03    7.5243710542e-12    4.5956992334e-03
    1.8270000422e+03    7.5302186958e-12    4.5958121050e-03
    1.8280000971e+03    7.5337523754e-12    4.5959250065e-03
    1.8290001551e+03    7.5386079021e-12    4.5960379096e-03
    1.8300002162e+03    7.5370993039e-12    4.5961508144e-03
    1.8310000309e+03    7.5339332904e-12    4.5962636923e-03
    1.8320000983e+03    7.5312195646e-12    4.5963765987e-03
    1.8330001690e+03    7.5308927503e-12    4.5964895045e-03
    1.8340002429e+03    7.5299093894e-12    4.5966024085e-03
    1.8350000704e+03    7.5253077273e-12    4.5967152813e-03
    1.8360001506e+03    7.5254477906e-12    4.5968281782e-03
    1.8370002340e+03    7.5316193285e-12    4.5969410703e-03
    1.8380000709e+03    7.5346511147e-12    4.5970539287e-03
    1.8390001605e+03    7.5464105934e-12    4.5971668092e-03
    1.8400000036e+03    7.5593022503e-12    4.5972796546e-03
    1.8410000993e+03    7.5674113301e-12    4.5973925207e-03
    1.8420001980e+03    7.5732210378e-12    4.5975053789e-03
    1.8430000502e+03    7.5818466009e-12    4.5976182012e-03
    1.8440001549e+03    7.5863578054e-12    4.5977310441e-03
    1.8450000130e+03    7.5934718523e-12    4.5978438506e-03
    1.8460001237e+03    7.5954706719e-12    4.5979566762e-03
    1.8470002374e+03    7.6017093234e-12    4.5980694912e-03
    1.8480001046e+03    7.6079946627e-12    4.5981822661e-03
    1.8490002244e+03    7.6165822920e-12    4.5982950569e-03
    1.8500000976e+03    7.6224620313e-12    4.5984078074e-03
    1.8510002234e+03    7.6291442165e-12    4.5985205748e-03
    1.8520001025e+03    7.6370081856e-12    4.5986333040e-03
    1.8530002341e+03    7.6432234932e-12    4.5987460524e-03
    1.8540001192e+03    7.6520824951e-12    4.5988587651e-03
    1.8550000071e+03    7.6615280119e-12    4.5989714723e-03
    1.8560001476e+03    7.6741920659e-12    4.5990842040e-03
    1.8570000415e+03    7.6828468089e-12    4.5991969055e-03
    1.8580001880e+03    7.6928963485e-12    4.5993096345e-03
    1.8590000879e+03    7.7046820891e-12    4.5994223355e-03
    1.8600002403e+03    7.7115539433e-12    4.5995350658e-03
    1.8610001462e+03    7.7189364449e-12    4.5996477696e-03
    1.8620000551e+03    7.7213437824e-12    4.5997604754e-03
    1.8630002168e+03    7.7208856587e-12    4.5998732112e-03
    1.8640001319e+03    7.7177138093e-12    4.5999859202e-03
    1.8650000502e+03    7.7130216897e-12    4.6000986293e-03
    1.8660002212e+03    7.7071010985e-12    4.6002113653e-03
    1.8670001458e+03    7.7095522058e-12    4.6003240707e-03
    1.8680000736e+03    7.7041889497e-12    4.6004367722e-03
    1.8690000045e+03    7.7043552748e-12    4.6005494692e-03
    1.8700001881e+03    7.7038913153e-12    4.6006621893e-03
    1.8710001252e+03    7.7079998379e-12    4.6007748757e-03
    1.8720000654e+03    7.7156624660e-12    4.6008875563e-03
    1.8730000086e+03    7.7259775422e-12    4.6010002303e-03
    1.8740002045e+03    7.7348452980e-12    4.6011129255e-03
    1.8750001537e+03    7.7430740152e-12    4.6012255859e-03
    1.8760001059e+03    7.7537596755e-12    4.6013382397e-03
    1.8770000610e+03    7.7608853944e-12    4.6014508871e-03
    1.8780000191e+03    7.7663478620e-12    4.6015635272e-03
    1.8790002297e+03    7.7781277666e-12    4.6016761870e-03
    1.8800001937e+03    7.7835523004e-12    4.6017888084e-03
    1.8810001607e+03    7.7955393819e-12    4.6019014175e-03
    1.8820001308e+03    7.7981305524e-12    4.6020140131e-03
    1.8830001038e+03    7.8049440470e-12    4.6021265952e-03
    1.8840000797e+03    7.8163650395e-12    4.6022391642e-03
    1.8850000586e+03    7.8195719048e-12    4.6023517222e-03
    1.8860000404e+03    7.8287548030e-12    4.6024642715e-03
    1.8870000252e+03    7.8387605728e-12    4.6025768136e-03
    1.8880000128e+03    7.8484132666e-12    4.6026893500e-03
    1.8890000033e+03    7.8566857535e-12    4.6028018818e-03
    1.8900002463e+03    7.8629098151e-12    4.6029144383e-03
    1.8910002427e+03    7.8718125867e-12    4.6030269647e-03
    1.8920002420e+03    7.8854103959e-12    4.6031394905e-03
    1.8930002442e+03    7.8902163169e-12    4.6032520173e-03
    1.8940002495e+03    7.9004671975e-12    4.6033645461e-03
    1.8950000081e+03    7.9056991442e-12    4.6034770493e-03
    1.8960000194e+03    7.9064665742e-12    4.6035895821e-03
    1.8970000337e+03    7.9109340090e-12    4.6037021155e-03
    1.8980000512e+03    7.9109719428e-12    4.6038146480e-03
    1.8990000717e+03    7.9098164208e-12    4.6039271786e-03
    1.9000000954e+03    7.9093699691e-12    4.6040397068e-03
    1.9010001222e+03    7.9071493827e-12    4.6041522317e-03
    1.9020001521e+03    7.9073419697e-12    4.6042647529e-03
    1.9030001852e+03    7.9079780903e-12    4.6043772696e-03
    1.9040002213e+03    7.9098776985e-12    4.6044897815e-03
    1.9050000108e+03    7.9186404068e-12    4.6046022598e-03
    1.9060000530e+03    7.9280333999e-12    4.6047147595e-03
    1.9070000981e+03    7.9375110145e-12    4.6048272515e-03
    1.9080001463e+03    7.9488940733e-12    4.6049397353e-03
    1.9090001974e+03    7.9562269691e-12    4.6050522107e-03
    1.9100000018e+03    7.9653281637e-12    4.6051646497e-03
    1.9110000587e+03    7.9685262750e-12    4.6052771083e-03
    1.9120001186e+03    7.9712283289e-12    4.6053895577e-03
    1.9130001815e+03    7.9699269077e-12    4.6055019970e-03
    1.9140002473e+03    7.9790835440e-12    4.6056144252e-03
    1.9150000664e+03    7.9854622588e-12    4.6057268133e-03
    1.9160001381e+03    7.9894248822e-12    4.6058392168e-03
    1.9170002128e+03    7.9939886104e-12    4.6059516080e-03
    1.9180000407e+03    8.0024595203e-12    4.6060639596e-03
    1.9190001212e+03    8.0110646575e-12    4.6061763292e-03
    1.9200002046e+03    8.0151790160e-12    4.6062886898e-03
    1.9210000411e+03    8.0253773729e-12    4.6064010143e-03
    1.9220001303e+03    8.0382223420e-12    4.6065133600e-03
    1.9230002223e+03    8.0413941915e-12    4.6066257007e-03
    1.9240000675e+03    8.0417151698e-12    4.6067380102e-03
    1.9250001654e+03    8.0463430937e-12    4.6068503464e-03
    1.9260000165e+03    8.0536730716e-12    4.6069626545e-03
    1.9270001201e+03    8.0535913680e-12    4.6070749918e-03
    1.9280002268e+03    8.0616537600e-12    4.6071873309e-03
    1.9290000868e+03    8.0683359452e-12    4.6072996440e-03
    1.9300001994e+03    8.0682484056e-12    4.6074119866e-03
    1.9310000655e+03    8.0657418567e-12    4.6075243016e-03
    1.9320001843e+03    8.0602764712e-12    4.6076366441e-03
    1.9330000565e+03    8.0530778027e-12    4.6077489569e-03
    1.9340001815e+03    8.0484673867e-12    4.6078612949e-03
    1.9350000599e+03    8.0488467247e-12    4.6079736008e-03
    1.9360001911e+03    8.0450037387e-12    4.6080859296e-03
    1.9370000757e+03    8.0457653327e-12    4.6081982241e-03
    1.9380002129e+03    8.0502035876e-12    4.6083105394e-03
    1.9390001036e+03    8.0554588783e-12    4.6084228192e-03
    1.9400002469e+03    8.0638743464e-12    4.6085351195e-03
    1.9410001435e+03    8.0751377678e-12    4.6086473841e-03
    1.9420000431e+03    8.0855695634e-12    4.6087596411e-03
    1.9430001952e+03    8.0950063263e-12    4.6088719184e-03
    1.9440001006e+03    8.1021816509e-12    4.6089841596e-03
    1.9450000090e+03    8.1076382825e-12    4.6090963920e-03
    1.9460001699e+03    8.1188404262e-12    4.6092086426e-03
    1.9470000841e+03    8.1308129178e-12    4.6093208544e-03
    1.9480000012e+03    8.1424060714e-12    4.6094330543e-03
    1.9490001710e+03    8.1509178331e-12    4.6095452699e-03
    1.9500000941e+03    8.1561672878e-12    4.6096574451e-03
    1.9510000201e+03    8.1629282585e-12    4.6097696083e-03
    1.9520001987e+03    8.1713174648e-12    4.6098817882e-03
    1.9530001305e+03    8.1709673067e-12    4.6099939297e-03
    1.9540000653e+03    8.1803836436e-12    4.6101060614e-03
    1.9550000029e+03    8.1868090462e-12    4.6102181845e-03
    1.9560001931e+03    8.1907483256e-12    4.6103303287e-03
    1.9570001365e+03    8.1949239619e-12    4.6104424402e-03
    1.9580000828e+03    8.2026828835e-12    4.6105545492e-03
    1.9590000321e+03    8.2081190892e-12    4.6106666581e-03
    1.9600002340e+03    8.2138149955e-12    4.6107787963e-03
    1.9610001892e+03    8.2236340144e-12    4.6108909085e-03
    1.9620001473e+03    8.2330649413e-12    4.6110030224e-03
    1.9630001085e+03    8.2367474381e-12    4.6111151375e-03
    1.9640000726e+03    8.2331553988e-12    4.6112272528e-03
    1.9650000399e+03    8.2274244766e-12    4.6113393674e-03
    1.9660000102e+03    8.2301382025e-12    4.6114514803e-03
    1.9670002333e+03    8.2263594122e-12    4.6115636183e-03
    1.9680002099e+03    8.2283874116e-12    4.6116757243e-03
    1.9690001895e+03    8.2296917508e-12    4.6117878253e-03
    1.9700001723e+03    8.2335989325e-12    4.6118999204e-03
    1.9710001581e+03    8.2425338019e-12    4.6120120087e-03
    1.9720001470e+03    8.2516816843e-12    4.6121240891e-03
    1.9730001389e+03    8.2529072379e-12    4.6122361616e-03
    1.9740001338e+03    8.2535812924e-12    4.6123482267e-03
    1.9750001317e+03    8.2543107886e-12    4.6124602843e-03
    1.9760001325e+03    8.2648826475e-12    4.6125723332e-03
    1.9770001361e+03    8.2730909388e-12    4.6126843719e-03
    1.9780001426e+03    8.2779114497e-12    4.6127963993e-03
    1.9790001519e+03    8.2824109823e-12    4.6129084148e-03
    1.9800001642e+03    8.2802779354e-12    4.6130204180e-03
    1.9810001794e+03    8.2856674533e-12    4.6131324090e-03
    1.9820001977e+03    8.2889326783e-12    4.6132443871e-03
    1.9830002191e+03    8.2934759806e-12    4.6133563517e-03
    1.9840002435e+03    8.3017222057e-12    4.6134683019e-03
    1.9850000211e+03    8.3128601537e-12    4.6135802098e-03
    1.9860000512e+03    8.3196094525e-12    4.6136921322e-03
    1.9870000841e+03    8.3297873835e-12    4.6138040426e-03
    1.9880001198e+03    8.3346399922e-12    4.6139159423e-03
    1.9890001583e+03    8.3389702817e-12    4.6140278336e-03
    1.9900001995e+03    8.3424864534e-12    4.6141397196e-03
    1.9910002434e+03    8.3453723404e-12    4.6142516031e-03
    1.9920000405e+03    8.3478526274e-12    4.6143634590e-03
    1.9930000901e+03    8.3541292127e-12    4.6144753451e-03
    1.9940001426e+03    8.3585470417e-12    4.6145872342e-03
    1.9950001981e+03    8.3604145520e-12    4.6146991260e-03
    1.9960000068e+03    8.3658244958e-12    4.6148109912e-03
    1.9970000681e+03    8.3637235468e-12    4.6149228841e-03
    1.9980001325e+03    8.3626934981e-12    4.6150347760e-03
    1.9990002000e+03    8.3609689691e-12    4.6151466670e-03
    2.0000000000e+03    8.3573185701e-12    4.6152585280e-03
