                   t                divB                mass
    0.0000000000e+00    3.2905485733e-12    3.8139172342e-03
    1.0002372596e+00    3.2879452544e-12    3.8139057489e-03
    2.0002143263e+00    3.2897137660e-12    3.8138941849e-03
    3.0001951005e+00    3.2892919993e-12    3.8138824286e-03
    4.0001791307e+00    3.2952345474e-12    3.8138704669e-03
    5.0001668939e+00    3.2958279295e-12    3.8138583710e-03
    6.0001589685e+00    3.3046239479e-12    3.8138462619e-03
    7.0001547809e+00    3.3123699124e-12    3.8138342984e-03
    8.0001536430e+00    3.3146910839e-12    3.8138226018e-03
    9.0001558943e+00    3.3185509769e-12    3.8138112066e-03
    1.0000161997e+01    3.3206045447e-12    3.8138000425e-03
    1.1000171567e+01    3.3288304507e-12    3.8137889603e-03
    1.2000184352e+01    3.3339905488e-12    3.8137777793e-03
    1.3000201002e+01    3.3374664886e-12    3.8137663556e-03
    1.4000221575e+01    3.3391797342e-12    3.8137546309e-03
    1.5000245493e+01    3.3445085390e-12    3.8137426206e-03
    1.6000272783e+01    3.3478739468e-12    3.8137303729e-03
    1.7000026679e+01    3.3510153819e-12    3.8137179638e-03
    1.8000061367e+01    3.3569259339e-12    3.8137054654e-03
    1.9000099852e+01    3.3666818352e-12    3.8136929857e-03
    2.0000142240e+01    3.3663444218e-12    3.8136806494e-03
    2.1000188312e+01    3.3763039346e-12    3.8136685679e-03
    2.2000237763e+01    3.3824617292e-12    3.8136567931e-03
    2.3000013327e+01    3.3847887182e-12    3.8136452955e-03
    2.4000069171e+01    3.3916387920e-12    3.8136339740e-03
    2.5000128644e+01    3.3969617792e-12    3.8136227196e-03
    2.6000192635e+01    3.3985848541e-12    3.8136114425e-03
    2.7000260942e+01    3.4042423460e-12    3.8136000945e-03
    2.8000055128e+01    3.4054349279e-12    3.8135886323e-03
    2.9000129168e+01    3.4048822680e-12    3.8135769699e-03
    3.0000206960e+01    3.4086170853e-12    3.8135650555e-03
    3.1000011732e+01    3.4177563345e-12    3.8135529323e-03
    3.2000097229e+01    3.4272329971e-12    3.8135407332e-03
    3.3000186134e+01    3.4325327145e-12    3.8135286442e-03
    3.4000001489e+01    3.4400925199e-12    3.8135168044e-03
    3.5000097330e+01    3.4416835987e-12    3.8135052416e-03
    3.6000196305e+01    3.4489670742e-12    3.8134938788e-03
    3.7000021876e+01    3.4629319168e-12    3.8134825723e-03
    3.8000128667e+01    3.4678360460e-12    3.8134711869e-03
    3.9000239084e+01    3.4758001658e-12    3.8134596559e-03
    4.0000076047e+01    3.4772167203e-12    3.8134479787e-03
    4.1000194278e+01    3.4815274674e-12    3.8134362371e-03
    4.2000039109e+01    3.4876299960e-12    3.8134245929e-03
    4.3000164059e+01    3.4990089721e-12    3.8134131973e-03
    4.4000015083e+01    3.5019118909e-12    3.8134021415e-03
    4.5000146973e+01    3.5061644632e-12    3.8133913939e-03
    4.6000005215e+01    3.5044075865e-12    3.8133808327e-03
    4.7000143776e+01    3.5128574653e-12    3.8133702647e-03
    4.8000008797e+01    3.5228373392e-12    3.8133595125e-03
    4.9000154651e+01    3.5298822984e-12    3.8133484557e-03
    5.0000026931e+01    3.5340592436e-12    3.8133370551e-03
    5.1000180025e+01    3.5405777215e-12    3.8133253315e-03
    5.2000059760e+01    3.5426051106e-12    3.8133133749e-03
    5.3000220430e+01    3.5420931730e-12    3.8133013089e-03
    5.4000107841e+01    3.5435388149e-12    3.8132892912e-03
    5.5000276040e+01    3.5512004261e-12    3.8132774575e-03
    5.6000170461e+01    3.5537717490e-12    3.8132659060e-03
    5.7000068291e+01    3.5590511052e-12    3.8132546502e-03
    5.8000246737e+01    3.5571051607e-12    3.8132436327e-03
    5.9000151474e+01    3.5578468884e-12    3.8132327539e-03
    6.0000060168e+01    3.5667359863e-12    3.8132219116e-03
    6.1000250390e+01    3.5716052107e-12    3.8132110374e-03
    6.2000167055e+01    3.5775041278e-12    3.8132000803e-03
    6.3000086630e+01    3.5771172659e-12    3.8131889551e-03
    6.4000009568e+01    3.5864659441e-12    3.8131775866e-03
    6.5000213451e+01    3.5869866079e-12    3.8131659627e-03
    6.6000144056e+01    3.5842669395e-12    3.8131541843e-03
    6.7000078611e+01    3.5949565451e-12    3.8131424208e-03
    6.8000017002e+01    3.6008205574e-12    3.8131308450e-03
    6.9000235854e+01    3.6047444425e-12    3.8131195405e-03
    7.0000180597e+01    3.6045437397e-12    3.8131084613e-03
    7.1000129003e+01    3.6062046281e-12    3.8130974490e-03
    7.2000081430e+01    3.6060737350e-12    3.8130863529e-03
    7.3000037179e+01    3.6090464634e-12    3.8130750814e-03
    7.4000273322e+01    3.6111233011e-12    3.8130636292e-03
    7.5000236483e+01    3.6084094502e-12    3.8130520960e-03
    7.6000203815e+01    3.6074059362e-12    3.8130406442e-03
    7.7000174408e+01    3.6090900944e-12    3.8130294446e-03
    7.8000148139e+01    3.6083541842e-12    3.8130185938e-03
    7.9000125552e+01    3.6095962145e-12    3.8130080704e-03
    8.0000106468e+01    3.6096834766e-12    3.8129977449e-03
    8.1000090547e+01    3.6123042480e-12    3.8129874242e-03
    8.2000078233e+01    3.6165626378e-12    3.8129769275e-03
    8.3000069689e+01    3.6176999536e-12    3.8129661448e-03
    8.4000064636e+01    3.6252801202e-12    3.8129550405e-03
    8.5000063173e+01    3.6205534239e-12    3.8129436382e-03
    8.6000065329e+01    3.6142880061e-12    3.8129320019e-03
    8.7000071084e+01    3.6124089625e-12    3.8129202319e-03
    8.8000080690e+01    3.6135288259e-12    3.8129084669e-03
    8.9000094027e+01    3.6202654590e-12    3.8128968712e-03
    9.0000110657e+01    3.6217780018e-12    3.8128855756e-03
    9.1000130573e+01    3.6176475964e-12    3.8128746265e-03
    9.2000153899e+01    3.6204458006e-12    3.8128639732e-03
    9.3000180461e+01    3.6210769964e-12    3.8128534933e-03
    9.4000210639e+01    3.6272987832e-12    3.8128430430e-03
    9.5000245081e+01    3.6342448453e-12    3.8128325178e-03
    9.6000006031e+01    3.6430815859e-12    3.8128218720e-03
    9.7000046934e+01    3.6423863980e-12    3.8128110555e-03
    9.8000090926e+01    3.6487216255e-12    3.8128000206e-03
    9.9000138608e+01    3.6526396931e-12    3.8127887487e-03
    1.0000019004e+02    3.6516565403e-12    3.8127773063e-03
    1.0100024523e+02    3.6657755459e-12    3.8127658331e-03
    1.0200002707e+02    3.6599987958e-12    3.8127544912e-03
    1.0300008936e+02    3.6626661069e-12    3.8127433734e-03
    1.0400015443e+02    3.6712992360e-12    3.8127324608e-03
    1.0500022290e+02    3.6748595291e-12    3.8127216313e-03
    1.0600001827e+02    3.6794117013e-12    3.8127107513e-03
    1.0700009424e+02    3.6841994812e-12    3.8126997259e-03
    1.0800017300e+02    3.6864130294e-12    3.8126885517e-03
    1.0900025538e+02    3.6855811309e-12    3.8126772870e-03
    1.1000006483e+02    3.6875038055e-12    3.8126660561e-03
    1.1100015502e+02    3.6860087151e-12    3.8126550009e-03
    1.1200024817e+02    3.6818085000e-12    3.8126442283e-03
    1.1300006739e+02    3.6821313697e-12    3.8126337457e-03
    1.1400016719e+02    3.6798101982e-12    3.8126234468e-03
    1.1500027016e+02    3.6767792951e-12    3.8126131729e-03
    1.1600009936e+02    3.6712090652e-12    3.8126027740e-03
    1.1700020943e+02    3.6707931159e-12    3.8125921607e-03
    1.1800004564e+02    3.6700775668e-12    3.8125813266e-03
    1.1900016237e+02    3.6694289186e-12    3.8125702828e-03
    1.2000000542e+02    3.6635154579e-12    3.8125590573e-03
    1.2100012927e+02    3.6559731049e-12    3.8125476894e-03
    1.2200025681e+02    3.6484772916e-12    3.8125362763e-03
    1.2300011075e+02    3.6535297664e-12    3.8125249630e-03
    1.2400024523e+02    3.6560865456e-12    3.8125138895e-03
    1.2500010580e+02    3.6626544720e-12    3.8125031583e-03
    1.2600024689e+02    3.6673346285e-12    3.8124927689e-03
    1.2700011391e+02    3.6637336131e-12    3.8124826435e-03
    1.2800026164e+02    3.6627126467e-12    3.8124726362e-03
    1.2900013636e+02    3.6618283909e-12    3.8124626063e-03
    1.3000001481e+02    3.6607899720e-12    3.8124524411e-03
    1.3100017316e+02    3.6614706163e-12    3.8124420631e-03
    1.3200005718e+02    3.6628726272e-12    3.8124314243e-03
    1.3300022225e+02    3.6680007291e-12    3.8124205225e-03
    1.3400011425e+02    3.6786612474e-12    3.8124094572e-03
    1.3500001000e+02    3.6733498950e-12    3.8123983885e-03
    1.3600018631e+02    3.6709501877e-12    3.8123874822e-03
    1.3700008855e+02    3.6734487921e-12    3.8123768408e-03
    1.3800027109e+02    3.6784867232e-12    3.8123664353e-03
    1.3900018002e+02    3.6818579485e-12    3.8123561554e-03
    1.4000009286e+02    3.6836177339e-12    3.8123458485e-03
    1.4100000895e+02    3.6861541519e-12    3.8123354209e-03
    1.4200020521e+02    3.6837340834e-12    3.8123248429e-03
    1.4300012817e+02    3.6880506479e-12    3.8123141586e-03
    1.4400005546e+02    3.6878266752e-12    3.8123034678e-03
    1.4500026353e+02    3.6757205151e-12    3.8122928984e-03
    1.4600019728e+02    3.6712876011e-12    3.8122825485e-03
    1.4700013415e+02    3.6690915052e-12    3.8122724232e-03
    1.4800007439e+02    3.6697866932e-12    3.8122624463e-03
    1.4900001820e+02    3.6654439500e-12    3.8122524925e-03
    1.5000024314e+02    3.6603652966e-12    3.8122424361e-03
    1.5100019445e+02    3.6614880687e-12    3.8122322034e-03
    1.5200014887e+02    3.6622268877e-12    3.8122217446e-03
    1.5300010672e+02    3.6669070443e-12    3.8122110369e-03
    1.5400006840e+02    3.6688006316e-12    3.8122000855e-03
    1.5500003380e+02    3.6691700411e-12    3.8121889510e-03
    1.5600000281e+02    3.6620930859e-12    3.8121777556e-03
    1.5700025266e+02    3.6581313871e-12    3.8121666554e-03
    1.5800022870e+02    3.6544925581e-12    3.8121558099e-03
    1.5900020799e+02    3.6521452080e-12    3.8121453144e-03
    1.6000019040e+02    3.6455801903e-12    3.8121351772e-03
    1.6100017599e+02    3.6406906047e-12    3.8121253102e-03
    1.6200016535e+02    3.6387010292e-12    3.8121155589e-03
    1.6300015893e+02    3.6390558950e-12    3.8121057588e-03
    1.6400015604e+02    3.6420257147e-12    3.8120957776e-03
    1.6500015589e+02    3.6403299215e-12    3.8120855245e-03
    1.6600015895e+02    3.6347073343e-12    3.8120749573e-03
    1.6700016598e+02    3.6324268851e-12    3.8120641192e-03
    1.6800017692e+02    3.6341139521e-12    3.8120531498e-03
    1.6900019151e+02    3.6313651964e-12    3.8120422447e-03
    1.7000020957e+02    3.6276798276e-12    3.8120315825e-03
    1.7100023075e+02    3.6239188317e-12    3.8120212428e-03
    1.7200025494e+02    3.6167546144e-12    3.8120111767e-03
    1.7300000544e+02    3.6066234861e-12    3.8120012333e-03
    1.7400003703e+02    3.6045670096e-12    3.8119912390e-03
    1.7500007187e+02    3.6007507477e-12    3.8119811070e-03
    1.7600010975e+02    3.5965127190e-12    3.8119708283e-03
    1.7700015156e+02    3.5935312644e-12    3.8119604642e-03
    1.7800019772e+02    3.5923241388e-12    3.8119501364e-03
    1.7900024740e+02    3.5932520257e-12    3.8119399876e-03
    1.8000002254e+02    3.5934090975e-12    3.8119301088e-03
    1.8100007782e+02    3.5929233385e-12    3.8119204769e-03
    1.8200013658e+02    3.5815036401e-12    3.8119109791e-03
    1.8300019913e+02    3.5804157728e-12    3.8119014556e-03
    1.8400026545e+02    3.5811313219e-12    3.8118917815e-03
    1.8500005797e+02    3.5687604667e-12    3.8118819031e-03
    1.8600013086e+02    3.5686499347e-12    3.8118718122e-03
    1.8700020699e+02    3.5638156151e-12    3.8118615136e-03
    1.8800000937e+02    3.5578614321e-12    3.8118510241e-03
    1.8900009266e+02    3.5548421639e-12    3.8118403809e-03
    1.9000017975e+02    3.5530503824e-12    3.8118296739e-03
    1.9100027063e+02    3.5530212950e-12    3.8118190312e-03
    1.9200008770e+02    3.5603803977e-12    3.8118085983e-03
    1.9300018518e+02    3.5492719340e-12    3.8117984705e-03
    1.9400000835e+02    3.5454178585e-12    3.8117886684e-03
    1.9500011188e+02    3.5399232558e-12    3.8117791076e-03
    1.9600021909e+02    3.5375497271e-12    3.8117696479e-03
    1.9700005322e+02    3.5431635880e-12    3.8117601410e-03
    1.9800016828e+02    3.5429337978e-12    3.8117504664e-03
    1.9900000887e+02    3.5351296585e-12    3.8117405366e-03
    2.0000012984e+02    3.5289369591e-12    3.8117302877e-03
    2.0100025478e+02    3.5248443672e-12    3.8117197416e-03
    2.0200010641e+02    3.5251585108e-12    3.8117090295e-03
    2.0300023876e+02    3.5146317944e-12    3.8116983479e-03
    2.0400009705e+02    3.5115601689e-12    3.8116878938e-03
    2.0500023583e+02    3.5085874405e-12    3.8116777645e-03
    2.0600010070e+02    3.5104373967e-12    3.8116679334e-03
    2.0700024656e+02    3.5123077141e-12    3.8116582428e-03
    2.0800011884e+02    3.5096374943e-12    3.8116485416e-03
    2.0900027154e+02    3.5122582656e-12    3.8116387154e-03
    2.1000015003e+02    3.5035175133e-12    3.8116287336e-03
    2.1100003225e+02    3.5052423938e-12    3.8116186313e-03
    2.1200019579e+02    3.5025605390e-12    3.8116085086e-03
    2.1300008558e+02    3.5056787043e-12    3.8115985095e-03
    2.1400025572e+02    3.4982788793e-12    3.8115887306e-03
    2.1500015174e+02    3.4904834662e-12    3.8115791867e-03
    2.1600005118e+02    3.4791772086e-12    3.8115697715e-03
    2.1700023146e+02    3.4743079841e-12    3.8115603342e-03
    2.1800013804e+02    3.4734673594e-12    3.8115507804e-03
    2.1900004777e+02    3.4687930202e-12    3.8115410927e-03
    2.2000023769e+02    3.4667947185e-12    3.8115312797e-03
    2.2100015378e+02    3.4568584755e-12    3.8115213404e-03
    2.2200007398e+02    3.4486383870e-12    3.8115112672e-03
    2.2300027533e+02    3.4425387671e-12    3.8115010914e-03
    2.2400020273e+02    3.4365787666e-12    3.8114908876e-03
    2.2500013326e+02    3.4297345103e-12    3.8114807612e-03
    2.2600006678e+02    3.4248158373e-12    3.8114708304e-03
    2.2700000328e+02    3.4323000156e-12    3.8114611767e-03
    2.2800022048e+02    3.4187831184e-12    3.8114518074e-03
    2.2900016436e+02    3.4225993803e-12    3.8114426593e-03
    2.3000011229e+02    3.4187714834e-12    3.8114335992e-03
    2.3100006360e+02    3.4203043874e-12    3.8114244765e-03
    2.3200001753e+02    3.4187831184e-12    3.8114151406e-03
    2.3300025167e+02    3.4195946558e-12    3.8114054717e-03
    2.3400021243e+02    3.4201589506e-12    3.8113954313e-03
    2.3500017727e+02    3.4186987650e-12    3.8113850892e-03
    2.3600014550e+02    3.4169709757e-12    3.8113746373e-03
    2.3700011692e+02    3.4169069835e-12    3.8113643056e-03
    2.3800009190e+02    3.4153537184e-12    3.8113542757e-03
    2.3900007036e+02    3.4143094821e-12    3.8113445781e-03
    2.4000005210e+02    3.4158976520e-12    3.8113351023e-03
    2.4100003724e+02    3.4177621520e-12    3.8113256743e-03
    2.4200002571e+02    3.4144956412e-12    3.8113161367e-03
    2.4300001741e+02    3.4086810775e-12    3.8113064119e-03
    2.4400001289e+02    3.4016215747e-12    3.8112965163e-03
    2.4500001260e+02    3.4026687197e-12    3.8112865473e-03
    2.4600001606e+02    3.3956499392e-12    3.8112766480e-03
    2.4700002256e+02    3.3916504269e-12    3.8112669453e-03
    2.4800003198e+02    3.3863594357e-12    3.8112574824e-03
    2.4900004449e+02    3.3834274296e-12    3.8112481911e-03
    2.5000006040e+02    3.3734824605e-12    3.8112389366e-03
    2.5100007999e+02    3.3652536457e-12    3.8112296093e-03
    2.5200010293e+02    3.3597008682e-12    3.8112201702e-03
    2.5300012880e+02    3.3527693498e-12    3.8112106100e-03
    2.5400015821e+02    3.3505412579e-12    3.8112009168e-03
    2.5500019189e+02    3.3507099646e-12    3.8111910850e-03
    2.5600022939e+02    3.3408958886e-12    3.8111811392e-03
    2.5700026987e+02    3.3386707054e-12    3.8111711503e-03
    2.5800003593e+02    3.3369080112e-12    3.8111612409e-03
    2.5900008252e+02    3.3363466251e-12    3.8111515441e-03
    2.6000013235e+02    3.3360004855e-12    3.8111421574e-03
    2.6100018569e+02    3.3419546686e-12    3.8111331083e-03
    2.6200024292e+02    3.3520072609e-12    3.8111243356e-03
    2.6300002671e+02    3.3540084715e-12    3.8111157032e-03
    2.6400009104e+02    3.3443572847e-12    3.8111070178e-03
    2.6500015802e+02    3.3347206416e-12    3.8110980944e-03
    2.6600022801e+02    3.3252207091e-12    3.8110887989e-03
    2.6700002453e+02    3.3268350577e-12    3.8110790907e-03
    2.6800010248e+02    3.3233271218e-12    3.8110690530e-03
    2.6900018399e+02    3.3167359255e-12    3.8110588931e-03
    2.7000026878e+02    3.3135886729e-12    3.8110488585e-03
    2.7100007955e+02    3.3082540507e-12    3.8110391452e-03
    2.7200017084e+02    3.3005866220e-12    3.8110297907e-03
    2.7300026534e+02    3.2979629419e-12    3.8110206988e-03
    2.7400008610e+02    3.2959791838e-12    3.8110116869e-03
    2.7500018776e+02    3.2917411552e-12    3.8110025853e-03
    2.7600001534e+02    3.2893792613e-12    3.8109933108e-03
    2.7700012385e+02    3.2856793489e-12    3.8109838564e-03
    2.7800023635e+02    3.2829684067e-12    3.8109742958e-03
    2.7900007520e+02    3.2769415053e-12    3.8109647558e-03
    2.8000019442e+02    3.2729507192e-12    3.8109553528e-03
    2.8100003911e+02    3.2648760674e-12    3.8109461315e-03
    2.8200016435e+02    3.2594600006e-12    3.8109370270e-03
    2.8300001593e+02    3.2531538604e-12    3.8109279283e-03
    2.8400014872e+02    3.2464114099e-12    3.8109187321e-03
    2.8500000750e+02    3.2426009654e-12    3.8109094035e-03
    2.8600014656e+02    3.2429674662e-12    3.8108999268e-03
    2.8700001183e+02    3.2406055724e-12    3.8108902839e-03
    2.8800015868e+02    3.2330574019e-12    3.8108804640e-03
    2.8900003175e+02    3.2301050346e-12    3.8108705155e-03
    2.9000018496e+02    3.2227721106e-12    3.8108605348e-03
    2.9100006389e+02    3.2166753995e-12    3.8108506700e-03
    2.9200022381e+02    3.2184002801e-12    3.8108410565e-03
    2.9300010989e+02    3.2186300702e-12    3.8108317879e-03
    2.9400027661e+02    3.2148283520e-12    3.8108228661e-03
    2.9500016946e+02    3.2076146861e-12    3.8108142149e-03
    2.9600006595e+02    3.2028676286e-12    3.8108056811e-03
    2.9700024297e+02    3.1990600929e-12    3.8107970800e-03
    2.9800014551e+02    3.1950489457e-12    3.8107882576e-03
    2.9900005150e+02    3.1853803065e-12    3.8107791011e-03
    3.0000023887e+02    3.1837572317e-12    3.8107695812e-03
    3.0100015260e+02    3.1714939997e-12    3.8107597861e-03
    3.0200006947e+02    3.1700629015e-12    3.8107498888e-03
    3.0300026684e+02    3.1646671958e-12    3.8107401128e-03
    3.0400019026e+02    3.1606066001e-12    3.8107306417e-03
    3.0500011712e+02    3.1597747015e-12    3.8107215475e-03
    3.0600004748e+02    3.1492159890e-12    3.8107127546e-03
    3.0700025883e+02    3.1468075554e-12    3.8107040894e-03
    3.0800019606e+02    3.1455218940e-12    3.8106953892e-03
    3.0900013634e+02    3.1412315081e-12    3.8106865418e-03
    3.1000008029e+02    3.1364873593e-12    3.8106775198e-03
    3.1100002832e+02    3.1398265885e-12    3.8106683846e-03
    3.1200025731e+02    3.1350824397e-12    3.8106592602e-03
    3.1300021190e+02    3.1343727081e-12    3.8106502648e-03
    3.1400016944e+02    3.1264754892e-12    3.8106414351e-03
    3.1500013024e+02    3.1220585327e-12    3.8106327210e-03
    3.1600009455e+02    3.1191878602e-12    3.8106240068e-03
    3.1700006253e+02    3.1137757513e-12    3.8106151944e-03
    3.1800003380e+02    3.1183072368e-12    3.8106062442e-03
    3.1900000795e+02    3.1163577602e-12    3.8105971482e-03
    3.2000026307e+02    3.1115495833e-12    3.8105879026e-03
    3.2100024509e+02    3.1109356745e-12    3.8105785296e-03
    3.2200023077e+02    3.1179035069e-12    3.8105690857e-03
    3.2300021925e+02    3.1198310345e-12    3.8105596634e-03
    3.2400021070e+02    3.1261616788e-12    3.8105503609e-03
    3.2500020561e+02    3.1252032360e-12    3.8105412611e-03
    3.2600020399e+02    3.1249139073e-12    3.8105324081e-03
    3.2700020573e+02    3.1164841337e-12    3.8105238013e-03
    3.2800021097e+02    3.1133527328e-12    3.8105153810e-03
    3.2900021980e+02    3.1252444736e-12    3.8105070364e-03
    3.3000023209e+02    3.1365542315e-12    3.8104986173e-03
    3.3100024774e+02    3.1236155865e-12    3.8104899639e-03
    3.3200026671e+02    3.1058222059e-12    3.8104809585e-03
    3.3300001155e+02    3.1145080521e-12    3.8104715766e-03
    3.3400003705e+02    3.1113759861e-12    3.8104619092e-03
    3.3500006601e+02    3.1093779555e-12    3.8104521431e-03
    3.3600009878e+02    3.1099832178e-12    3.8104425028e-03
    3.3700013532e+02    3.1020463005e-12    3.8104331806e-03
    3.3800017524e+02    3.1056519344e-12    3.8104242526e-03
    3.3900021830e+02    3.1087933121e-12    3.8104156407e-03
    3.4000026447e+02    3.1052994190e-12    3.8104071531e-03
    3.4100003652e+02    3.1096207255e-12    3.8103985836e-03
    3.4200008953e+02    3.1119639552e-12    3.8103897980e-03
    3.4300014628e+02    3.1067480577e-12    3.8103808097e-03
    3.4400020662e+02    3.1132276896e-12    3.8103717366e-03
    3.4500027024e+02    3.1056279899e-12    3.8103627360e-03
    3.4600005959e+02    3.0989501512e-12    3.8103539193e-03
    3.4700012950e+02    3.1008603855e-12    3.8103452852e-03
    3.4800020271e+02    3.1040057540e-12    3.8103367472e-03
    3.4900000204e+02    3.1085512071e-12    3.8103281856e-03
    3.5000008215e+02    3.1082392643e-12    3.8103195101e-03
    3.5100016531e+02    3.1086915482e-12    3.8103107014e-03
    3.5200025193e+02    3.1128844859e-12    3.8103017685e-03
    3.5300006517e+02    3.1105698566e-12    3.8102927554e-03
    3.5400015954e+02    3.1218164278e-12    3.8102837386e-03
    3.5500025670e+02    3.1272730999e-12    3.8102748204e-03
    3.5600007911e+02    3.1205207674e-12    3.8102660721e-03
    3.5700018237e+02    3.1173354916e-12    3.8102575119e-03
    3.5800001205e+02    3.1362309816e-12    3.8102491313e-03
    3.5900012261e+02    3.1408163421e-12    3.8102408870e-03
    3.6000023616e+02    3.1290356769e-12    3.8102327301e-03
    3.6100007546e+02    3.1269671432e-12    3.8102245844e-03
    3.6200019567e+02    3.1253056650e-12    3.8102163402e-03
    3.6300004178e+02    3.1291387710e-12    3.8102078909e-03
    3.6400016841e+02    3.1281284486e-12    3.8101991548e-03
    3.6500002090e+02    3.1300832462e-12    3.8101901406e-03
    3.6600015443e+02    3.1396563670e-12    3.8101809217e-03
    3.6700001422e+02    3.1394581602e-12    3.8101716566e-03
    3.6800015507e+02    3.1363879507e-12    3.8101625232e-03
    3.6900002182e+02    3.1517256958e-12    3.8101536715e-03
    3.7000016905e+02    3.1427418743e-12    3.8101451283e-03
    3.7100004191e+02    3.1354534523e-12    3.8101367931e-03
    3.7200019557e+02    3.1415719223e-12    3.8101284738e-03
    3.7300007542e+02    3.1481280434e-12    3.8101200116e-03
    3.7400023627e+02    3.1532182326e-12    3.8101113518e-03
    3.7500012313e+02    3.1534124486e-12    3.8101025682e-03
    3.7600001341e+02    3.1499804120e-12    3.8100937994e-03
    3.7700018446e+02    3.1636333996e-12    3.8100851557e-03
    3.7800008110e+02    3.1638395878e-12    3.8100766689e-03
    3.7900025816e+02    3.1663298097e-12    3.8100682681e-03
    3.8000016110e+02    3.1664940952e-12    3.8100598475e-03
    3.8100006753e+02    3.1575794466e-12    3.8100513175e-03
    3.8200025475e+02    3.1568059081e-12    3.8100426441e-03
    3.8300016797e+02    3.1583928925e-12    3.8100338342e-03
    3.8400008497e+02    3.1609396499e-12    3.8100249222e-03
    3.8500000556e+02    3.1591112257e-12    3.8100159831e-03
    3.8600020662e+02    3.1682639885e-12    3.8100071135e-03
    3.8700013313e+02    3.1677598250e-12    3.8099984028e-03
    3.8800006308e+02    3.1669829609e-12    3.8099898993e-03
    3.8900027414e+02    3.1675629485e-12    3.8099815929e-03
    3.9000021106e+02    3.1695862538e-12    3.8099734340e-03
    3.9100015103e+02    3.1713561471e-12    3.8099653528e-03
    3.9200009427e+02    3.1685213912e-12    3.8099572694e-03
    3.9300004100e+02    3.1611072610e-12    3.8099490936e-03
    3.9400026852e+02    3.1605532132e-12    3.8099407254e-03
    3.9500022174e+02    3.1656141370e-12    3.8099321019e-03
    3.9600017826e+02    3.1734286715e-12    3.8099232251e-03
    3.9700013832e+02    3.1712849789e-12    3.8099141774e-03
    3.9800010196e+02    3.1693308464e-12    3.8099051177e-03
    3.9900006903e+02    3.1700132630e-12    3.8098962259e-03
    4.0000003936e+02    3.1875312825e-12    3.8098876314e-03
    4.0100001274e+02    3.1983920821e-12    3.8098793545e-03
    4.0200026663e+02    3.1932606552e-12    3.8098712899e-03
    4.0300024637e+02    3.1862934879e-12    3.8098632611e-03
    4.0400022969e+02    3.1891681511e-12    3.8098551024e-03
    4.0500021672e+02    3.1985064833e-12    3.8098467495e-03
    4.0600020736e+02    3.2051444146e-12    3.8098382757e-03
    4.0700020136e+02    3.2062365472e-12    3.8098298207e-03
    4.0800019842e+02    3.2039146015e-12    3.8098215010e-03
    4.0900019835e+02    3.2085239065e-12    3.8098133444e-03
    4.1000020137e+02    3.2132077053e-12    3.8098052762e-03
    4.1100020792e+02    3.2160218423e-12    3.8097971792e-03
    4.1200021815e+02    3.2203305115e-12    3.8097889708e-03
    4.1300023177e+02    3.2263924460e-12    3.8097806242e-03
    4.1400024868e+02    3.2314507093e-12    3.8097721519e-03
    4.1500026917e+02    3.2349312999e-12    3.8097635818e-03
    4.1600001584e+02    3.2399835770e-12    3.8097549772e-03
    4.1700004315e+02    3.2424119425e-12    3.8097464285e-03
    4.1800007328e+02    3.2465955685e-12    3.8097380320e-03
    4.1900010652e+02    3.2656008039e-12    3.8097298315e-03
    4.2000014334e+02    3.2740312427e-12    3.8097218063e-03
    4.2100018367e+02    3.2758430388e-12    3.8097138899e-03
    4.2200022718e+02    3.2773655062e-12    3.8097060018e-03
    4.2300027393e+02    3.2793874812e-12    3.8096980615e-03
    4.2400004669e+02    3.2819754763e-12    3.8096899967e-03
    4.2500010026e+02    3.2843785670e-12    3.8096817459e-03
    4.2600015686e+02    3.2882635527e-12    3.8096732651e-03
    4.2700021664e+02    3.2818963266e-12    3.8096645534e-03
    4.2800000250e+02    3.2845328757e-12    3.8096556883e-03
    4.2900006956e+02    3.2886240496e-12    3.8096468072e-03
    4.3000014027e+02    3.2885495557e-12    3.8096380691e-03
    4.3100021438e+02    3.2941319362e-12    3.8096295774e-03
    4.3200001391e+02    3.3006654432e-12    3.8096213350e-03
    4.3300009388e+02    3.3180624102e-12    3.8096132186e-03
    4.3400017747e+02    3.3163763224e-12    3.8096050712e-03
    4.3500026498e+02    3.3149549538e-12    3.8095967931e-03
    4.3600007858e+02    3.3126729155e-12    3.8095884041e-03
    4.3700017297e+02    3.3175742096e-12    3.8095800213e-03
    4.3800027044e+02    3.3232723216e-12    3.8095717887e-03
    4.3900009315e+02    3.3320898622e-12    3.8095637760e-03
    4.4000019618e+02    3.3343479561e-12    3.8095559286e-03
    4.4100002535e+02    3.3398052934e-12    3.8095481182e-03
    4.4200013611e+02    3.3471529113e-12    3.8095402086e-03
    4.4300025045e+02    3.3415425956e-12    3.8095321294e-03
    4.4400009034e+02    3.3473743974e-12    3.8095238803e-03
    4.4500021105e+02    3.3593991629e-12    3.8095155077e-03
    4.4600005802e+02    3.3652735326e-12    3.8095071121e-03
    4.4700018593e+02    3.3712982201e-12    3.8094988069e-03
    4.4800003910e+02    3.3687853840e-12    3.8094907057e-03
    4.4900017265e+02    3.3771459848e-12    3.8094828512e-03
    4.5000003216e+02    3.3795065077e-12    3.8094752044e-03
    4.5100017288e+02    3.3801536727e-12    3.8094676486e-03
    4.5200003964e+02    3.3814120862e-12    3.8094600610e-03
    4.5300018738e+02    3.3855864005e-12    3.8094523515e-03
    4.5400006089e+02    3.3908229168e-12    3.8094444929e-03
    4.5500021489e+02    3.3927757190e-12    3.8094364637e-03
    4.5600009440e+02    3.4004372752e-12    3.8094282667e-03
    4.5700025490e+02    3.4116971489e-12    3.8094199225e-03
    4.5800014159e+02    3.4171471698e-12    3.8094115106e-03
    4.5900003194e+02    3.4257126286e-12    3.8094031412e-03
    4.6000020337e+02    3.4285314215e-12    3.8093949158e-03
    4.6100010035e+02    3.4336389039e-12    3.8093868725e-03
    4.6200000012e+02    3.4349126152e-12    3.8093789287e-03
    4.6300018091e+02    3.4425708457e-12    3.8093709239e-03
    4.6400008827e+02    3.4430071667e-12    3.8093627466e-03
    4.6500027660e+02    3.4424404816e-12    3.8093544209e-03
    4.6600019008e+02    3.4421059245e-12    3.8093460997e-03
    4.6700010647e+02    3.4437953379e-12    3.8093379376e-03
    4.6800002622e+02    3.4560941342e-12    3.8093300081e-03
    4.6900022693e+02    3.4569601249e-12    3.8093222595e-03
    4.7000015358e+02    3.4572926865e-12    3.8093145560e-03
    4.7100008376e+02    3.4637377321e-12    3.8093067326e-03
    4.7200001752e+02    3.4650553415e-12    3.8092986753e-03
    4.7300023230e+02    3.4687607438e-12    3.8092903628e-03
    4.7400017278e+02    3.4721063144e-12    3.8092818851e-03
    4.7500011624e+02    3.4781788908e-12    3.8092733925e-03
    4.7600006280e+02    3.4839388593e-12    3.8092650625e-03
    4.7700001269e+02    3.4822155246e-12    3.8092570362e-03
    4.7800024352e+02    3.4857207248e-12    3.8092493592e-03
    4.7900020027e+02    3.4830682128e-12    3.8092419603e-03
    4.8000016048e+02    3.4803984075e-12    3.8092346667e-03
    4.8100012403e+02    3.4785200991e-12    3.8092272861e-03
    4.8200009070e+02    3.4744169530e-12    3.8092196927e-03
    4.8300006034e+02    3.4729550118e-12    3.8092118509e-03
    4.8400003312e+02    3.4762846194e-12    3.8092038199e-03
    4.8500000948e+02    3.4798756205e-12    3.8091957041e-03
    4.8600026693e+02    3.4815031774e-12    3.8091876079e-03
    4.8700025007e+02    3.4851666770e-12    3.8091796254e-03
    4.8800023665e+02    3.4792264601e-12    3.8091718235e-03
    4.8900022688e+02    3.4704554782e-12    3.8091642198e-03
    4.9000022026e+02    3.4650147689e-12    3.8091567363e-03
    4.9100021657e+02    3.4672761884e-12    3.8091492045e-03
    4.9200021631e+02    3.4614024839e-12    3.8091414441e-03
    4.9300021960e+02    3.4613885163e-12    3.8091333957e-03
    4.9400022586e+02    3.4619113033e-12    3.8091251775e-03
    4.9500023515e+02    3.4626715393e-12    3.8091170187e-03
    4.9600024810e+02    3.4662518984e-12    3.8091091352e-03
    4.9700026472e+02    3.4642904496e-12    3.8091016137e-03
    4.9800000697e+02    3.4655994124e-12    3.8090943634e-03
    4.9900002977e+02    3.4650746301e-12    3.8090871513e-03
    5.0000005581e+02    3.4618281629e-12    3.8090797311e-03
    5.0100008520e+02    3.4667387687e-12    3.8090719504e-03
    5.0200011769e+02    3.4689157176e-12    3.8090638045e-03
    5.0300015322e+02    3.4662798336e-12    3.8090554366e-03
    5.0400019234e+02    3.4669875249e-12    3.8090470683e-03
    5.0500023539e+02    3.4690274583e-12    3.8090389065e-03
    5.0600000428e+02    3.4673992363e-12    3.8090310825e-03
    5.0700005373e+02    3.4673752918e-12    3.8090235626e-03
    5.0800010646e+02    3.4680377547e-12    3.8090161815e-03
    5.0900016287e+02    3.4630752692e-12    3.8090087232e-03
    5.1000022270e+02    3.4490072447e-12    3.8090010186e-03
    5.1100000777e+02    3.4497375501e-12    3.8089930340e-03
    5.1200007322e+02    3.4324676217e-12    3.8089848500e-03
    5.1300014197e+02    3.4321816186e-12    3.8089766149e-03
    5.1400021419e+02    3.4325181710e-12    3.8089684678e-03
    5.1500001222e+02    3.4303837901e-12    3.8089605167e-03
    5.1600009142e+02    3.4237026258e-12    3.8089527960e-03
    5.1700017422e+02    3.4242021335e-12    3.8089452832e-03
    5.1800025997e+02    3.4238622554e-12    3.8089378783e-03
    5.1900007080e+02    3.4178029815e-12    3.8089304027e-03
    5.2000016247e+02    3.4187913548e-12    3.8089226622e-03
    5.2100025780e+02    3.4270881038e-12    3.8089145682e-03
    5.2200007900e+02    3.4300645309e-12    3.8089062240e-03
    5.2300018122e+02    3.4299893720e-12    3.8088978984e-03
    5.2400000972e+02    3.4327662620e-12    3.8088899035e-03
    5.2500011955e+02    3.4339648144e-12    3.8088824096e-03
    5.2600023230e+02    3.4365887261e-12    3.8088753915e-03
    5.2700006989e+02    3.4385082722e-12    3.8088686187e-03
    5.2800018801e+02    3.4491788465e-12    3.8088617516e-03
    5.2900003225e+02    3.4474142742e-12    3.8088545451e-03
    5.3000015780e+02    3.4512746502e-12    3.8088469298e-03
    5.3100000895e+02    3.4546973751e-12    3.8088390338e-03
    5.3200014081e+02    3.4597004332e-12    3.8088310845e-03
    5.3300027604e+02    3.4630393525e-12    3.8088232986e-03
    5.3400013702e+02    3.4642166209e-12    3.8088157862e-03
    5.3500000129e+02    3.4685219645e-12    3.8088084986e-03
    5.3600014682e+02    3.4683457068e-12    3.8088012705e-03
    5.3700001860e+02    3.4696579952e-12    3.8087939562e-03
    5.3800017109e+02    3.4734119516e-12    3.8087865075e-03
    5.3900004847e+02    3.4742546629e-12    3.8087789924e-03
    5.4000020629e+02    3.4715190104e-12    3.8087715136e-03
    5.4100009003e+02    3.4746869931e-12    3.8087641652e-03
    5.4200025494e+02    3.4805487254e-12    3.8087569553e-03
    5.4300014575e+02    3.4827003995e-12    3.8087498399e-03
    5.4400004015e+02    3.4866093296e-12    3.8087427393e-03
    5.4500021542e+02    3.4878338217e-12    3.8087355612e-03
    5.4600011579e+02    3.4861211290e-12    3.8087282121e-03
    5.4700001900e+02    3.4846226061e-12    3.8087205812e-03
    5.4800020337e+02    3.4883167013e-12    3.8087126080e-03
    5.4900011388e+02    3.4957501202e-12    3.8087043799e-03
    5.5000002783e+02    3.4940866466e-12    3.8086961282e-03
    5.5100022299e+02    3.4975532696e-12    3.8086881482e-03
    5.5200014425e+02    3.5061918921e-12    3.8086806900e-03
    5.5300006834e+02    3.5055646807e-12    3.8086737939e-03
    5.5400027219e+02    3.5058706375e-12    3.8086672435e-03
    5.5500020146e+02    3.5051336808e-12    3.8086606602e-03
    5.5600013485e+02    3.5115660889e-12    3.8086536851e-03
    5.5700007192e+02    3.5212689087e-12    3.8086461705e-03
    5.5800001159e+02    3.5227222033e-12    3.8086382179e-03
    5.5900023170e+02    3.5232423298e-12    3.8086300731e-03
    5.6000017791e+02    3.5270534867e-12    3.8086219965e-03
    5.6100012793e+02    3.5329285215e-12    3.8086141391e-03
    5.6200008135e+02    3.5353203052e-12    3.8086065007e-03
    5.6300003805e+02    3.5364822757e-12    3.8085989929e-03
    5.6400027553e+02    3.5341929211e-12    3.8085915312e-03
    5.6500023817e+02    3.5262380455e-12    3.8085840911e-03
    5.6600020340e+02    3.5191165695e-12    3.8085766925e-03
    5.6700017159e+02    3.5249849530e-12    3.8085693678e-03
    5.6800014321e+02    3.5249450456e-12    3.8085621079e-03
    5.6900011842e+02    3.5243371229e-12    3.8085548753e-03
    5.7000009723e+02    3.5260830717e-12    3.8085476211e-03
    5.7100007949e+02    3.5242526522e-12    3.8085402948e-03
    5.7200006471e+02    3.5198402237e-12    3.8085328342e-03
    5.7300005266e+02    3.5201960647e-12    3.8085251509e-03
    5.7400004373e+02    3.5211259072e-12    3.8085171755e-03
    5.7500003812e+02    3.5257252354e-12    3.8085089498e-03
    5.7600003566e+02    3.5283138955e-12    3.8085006634e-03
    5.7700003656e+02    3.5328507021e-12    3.8084926019e-03
    5.7800004115e+02    3.5336867622e-12    3.8084850388e-03
    5.7900004891e+02    3.5354014502e-12    3.8084780915e-03
    5.8000005893e+02    3.5370935241e-12    3.8084716262e-03
    5.8100007165e+02    3.5404377645e-12    3.8084652944e-03
    5.8200008807e+02    3.5400998818e-12    3.8084586905e-03
    5.8300010803e+02    3.5380313481e-12    3.8084515563e-03
    5.8400013059e+02    3.5335630492e-12    3.8084438852e-03
    5.8500015584e+02    3.5390496520e-12    3.8084358771e-03
    5.8600018478e+02    3.5427457426e-12    3.8084278243e-03
    5.8700021779e+02    3.5437859955e-12    3.8084199749e-03
    5.8800025426e+02    3.5454122222e-12    3.8084124262e-03
    5.8900001605e+02    3.5502616367e-12    3.8084051446e-03
    5.9000005835e+02    3.5531349697e-12    3.8083980259e-03
    5.9100010334e+02    3.5471069565e-12    3.8083909884e-03
    5.9200015083e+02    3.5459077391e-12    3.8083840138e-03
    5.9300020107e+02    3.5421704108e-12    3.8083771081e-03
    5.9400025460e+02    3.5474621324e-12    3.8083702514e-03
    5.9500003416e+02    3.5605983191e-12    3.8083633963e-03
    5.9600009514e+02    3.5558985573e-12    3.8083564810e-03
    5.9700015964e+02    3.5586335447e-12    3.8083494619e-03
    5.9800022708e+02    3.5615374733e-12    3.8083423074e-03
    5.9900001946e+02    3.5609967280e-12    3.8083349665e-03
    6.0000009232e+02    3.5691391684e-12    3.8083273869e-03
    6.0100016831e+02    3.5665438570e-12    3.8083195878e-03
    6.0200024740e+02    3.5661155175e-12    3.8083117060e-03
    6.0300005206e+02    3.5631703512e-12    3.8083039758e-03
    6.0400013796e+02    3.5617330196e-12    3.8082966395e-03
    6.0500022715e+02    3.5597316634e-12    3.8082898188e-03
    6.0600004124e+02    3.5586973965e-12    3.8082834183e-03
    6.0700013557e+02    3.5574828812e-12    3.8082771260e-03
    6.0800023329e+02    3.5597303331e-12    3.8082705580e-03
    6.0900005688e+02    3.5596644859e-12    3.8082634511e-03
    6.1000016105e+02    3.5601333979e-12    3.8082557652e-03
    6.1100026814e+02    3.5610333098e-12    3.8082476892e-03
    6.1200010134e+02    3.5635601135e-12    3.8082395369e-03
    6.1300021625e+02    3.5639665039e-12    3.8082315868e-03
    6.1400005682e+02    3.5634869499e-12    3.8082239857e-03
    6.1500017777e+02    3.5672315945e-12    3.8082167192e-03
    6.1600002386e+02    3.5658973570e-12    3.8082096780e-03
    6.1700015050e+02    3.5672874649e-12    3.8082027452e-03
    6.1800000209e+02    3.5698136035e-12    3.8081958816e-03
    6.1900013392e+02    3.5665199125e-12    3.8081890761e-03
    6.2000026893e+02    3.5592122020e-12    3.8081823183e-03
    6.2100013018e+02    3.5543102427e-12    3.8081755659e-03
    6.2200027319e+02    3.5649788217e-12    3.8081687513e-03
    6.2300014216e+02    3.5716859258e-12    3.8081618338e-03
    6.2400001406e+02    3.5790076039e-12    3.8081547872e-03
    6.2500016617e+02    3.5787648339e-12    3.8081475886e-03
    6.2600004332e+02    3.5765666011e-12    3.8081402303e-03
    6.2700020118e+02    3.5774824760e-12    3.8081327353e-03
    6.2800008464e+02    3.5688551607e-12    3.8081252206e-03
    6.2900024915e+02    3.5668218785e-12    3.8081178847e-03
    6.3000013955e+02    3.5707527577e-12    3.8081109483e-03
    6.3100003329e+02    3.5673087489e-12    3.8081045211e-03
    6.3200020724e+02    3.5649262769e-12    3.8080985161e-03
    6.3300010593e+02    3.5676845436e-12    3.8080926392e-03
    6.3400000781e+02    3.5706829197e-12    3.8080865038e-03
    6.3500019102e+02    3.5734711169e-12    3.8080798214e-03
    6.3600009981e+02    3.5739546616e-12    3.8080725325e-03
    6.3700001166e+02    3.5781522553e-12    3.8080648061e-03
    6.3800020480e+02    3.5809663923e-12    3.8080569526e-03
    6.3900012414e+02    3.5814093644e-12    3.8080492617e-03
    6.4000004672e+02    3.5762313789e-12    3.8080418952e-03
    6.4100024955e+02    3.5761183080e-12    3.8080348607e-03
    6.4200017739e+02    3.5807302735e-12    3.8080280554e-03
    6.4300010815e+02    3.5809517595e-12    3.8080213577e-03
    6.4400004160e+02    3.5740737187e-12    3.8080147015e-03
    6.4500025538e+02    3.5663097335e-12    3.8080080560e-03
    6.4600019477e+02    3.5661062058e-12    3.8080013975e-03
    6.4700013820e+02    3.5704906991e-12    3.8079946715e-03
    6.4800008573e+02    3.5841842592e-12    3.8079878089e-03
    6.4900003675e+02    3.5880652541e-12    3.8079807610e-03
    6.5000026833e+02    3.5805333969e-12    3.8079735047e-03
    6.5100022483e+02    3.5795410329e-12    3.8079660468e-03
    6.5200018401e+02    3.5740697280e-12    3.8079584064e-03
    6.5300014618e+02    3.5706682870e-12    3.8079506394e-03
    6.5400011169e+02    3.5741621801e-12    3.8079428683e-03
    6.5500008070e+02    3.5689489431e-12    3.8079352982e-03
    6.5600005326e+02    3.5721096094e-12    3.8079281442e-03
    6.5700002902e+02    3.5709476388e-12    3.8079215202e-03
    6.5800000729e+02    3.5636878172e-12    3.8079153433e-03
    6.5900026561e+02    3.5606422173e-12    3.8079093136e-03
    6.6000024936e+02    3.5646362831e-12    3.8079030450e-03
    6.6100023673e+02    3.5660037768e-12    3.8078962482e-03
    6.6200022741e+02    3.5647433680e-12    3.8078888712e-03
    6.6300022117e+02    3.5664134928e-12    3.8078811027e-03
    6.6400021847e+02    3.5675009695e-12    3.8078732651e-03
    6.6500021948e+02    3.5662472119e-12    3.8078656410e-03
    6.6600022358e+02    3.5592501140e-12    3.8078583830e-03
    6.6700023027e+02    3.5595866665e-12    3.8078514931e-03
    6.6800023971e+02    3.5615501107e-12    3.8078448699e-03
    6.6900025205e+02    3.5637556598e-12    3.8078384045e-03
    6.7000026703e+02    3.5642072785e-12    3.8078320370e-03
    6.7100000698e+02    3.5547671825e-12    3.8078257364e-03
    6.7200002790e+02    3.5406911765e-12    3.8078194638e-03
    6.7300005270e+02    3.5395903973e-12    3.8078131611e-03
    6.7400008142e+02    3.5503148466e-12    3.8078067550e-03
    6.7500011361e+02    3.5544911563e-12    3.8078001936e-03
    6.7600014883e+02    3.5537561949e-12    3.8077934550e-03
    6.7700018679e+02    3.5533564558e-12    3.8077865362e-03
    6.7800022745e+02    3.5495280056e-12    3.8077794488e-03
    6.7900027103e+02    3.5485263298e-12    3.8077722267e-03
    6.8000004010e+02    3.5507152509e-12    3.8077649613e-03
    6.8100009028e+02    3.5541891903e-12    3.8077578212e-03
    6.8200014392e+02    3.5540847659e-12    3.8077510169e-03
    6.8300020081e+02    3.5557914725e-12    3.8077446832e-03
    6.8400026037e+02    3.5437327857e-12    3.8077387782e-03
    6.8500004460e+02    3.5457028811e-12    3.8077330408e-03
    6.8600010957e+02    3.5441970418e-12    3.8077270810e-03
    6.8700017807e+02    3.5453164444e-12    3.8077205848e-03
    6.8800024984e+02    3.5467324921e-12    3.8077134549e-03
    6.8900004695e+02    3.5513491134e-12    3.8077058404e-03
    6.9000012531e+02    3.5497840781e-12    3.8076980456e-03
    6.9100020744e+02    3.5495020658e-12    3.8076903799e-03
    6.9200001505e+02    3.5423300405e-12    3.8076830404e-03
    6.9300010302e+02    3.5421025683e-12    3.8076760669e-03
    6.9400019374e+02    3.5476716463e-12    3.8076693763e-03
    6.9500000971e+02    3.5458232684e-12    3.8076628433e-03
    6.9600010609e+02    3.5407902798e-12    3.8076563798e-03
    6.9700020497e+02    3.5359215767e-12    3.8076499423e-03
    6.9800002919e+02    3.5280272274e-12    3.8076435072e-03
    6.9900013486e+02    3.5266923248e-12    3.8076370369e-03
    7.0000024436e+02    3.5238954810e-12    3.8076304843e-03
    7.0100007964e+02    3.5250980240e-12    3.8076238137e-03
    7.0200019584e+02    3.5252077694e-12    3.8076170112e-03
    7.0300003723e+02    3.5263990053e-12    3.8076100765e-03
    7.0400015911e+02    3.5195761698e-12    3.8076030195e-03
    7.0500000606e+02    3.5125125595e-12    3.8075958599e-03
    7.0600013372e+02    3.5137177631e-12    3.8075886422e-03
    7.0700026457e+02    3.5074084027e-12    3.8075814936e-03
    7.0800012105e+02    3.5112867371e-12    3.8075746104e-03
    7.0900025874e+02    3.5105471199e-12    3.8075681647e-03
    7.1000012176e+02    3.5106282650e-12    3.8075622097e-03
    7.1100026503e+02    3.5128451212e-12    3.8075565831e-03
    7.1200013324e+02    3.5121121552e-12    3.8075509541e-03
    7.1300000480e+02    3.5116811553e-12    3.8075449659e-03
    7.1400015747e+02    3.5125225363e-12    3.8075384113e-03
    7.1500003539e+02    3.5104919147e-12    3.8075313223e-03
    7.1600019426e+02    3.5145431812e-12    3.8075239266e-03
    7.1700007916e+02    3.5144360963e-12    3.8075165346e-03
    7.1800024541e+02    3.5143210300e-12    3.8075093918e-03
    7.1900013674e+02    3.5117004439e-12    3.8075026195e-03
    7.2000003066e+02    3.5096904410e-12    3.8074961839e-03
    7.2100020528e+02    3.5093013438e-12    3.8074899572e-03
    7.2200010512e+02    3.5055187872e-12    3.8074838290e-03
    7.2300000749e+02    3.5077921789e-12    3.8074777350e-03
    7.2400019021e+02    3.5063023025e-12    3.8074716488e-03
    7.2500009843e+02    3.5059896945e-12    3.8074655515e-03
    7.2600001034e+02    3.5052647101e-12    3.8074593964e-03
    7.2700020367e+02    3.5086594998e-12    3.8074531305e-03
    7.2800012257e+02    3.5073857885e-12    3.8074467265e-03
    7.2900004453e+02    3.5054708983e-12    3.8074401823e-03
    7.3000024713e+02    3.5073498718e-12    3.8074335087e-03
    7.3100017475e+02    3.5003674066e-12    3.8074267075e-03
    7.3200010517e+02    3.4965209982e-12    3.8074197726e-03
    7.3300003854e+02    3.4978319563e-12    3.8074127513e-03
    7.3400025282e+02    3.4947923425e-12    3.8074057911e-03
    7.3500019274e+02    3.4905621578e-12    3.8073990975e-03
    7.3600013604e+02    3.4873542678e-12    3.8073928338e-03
    7.3700008225e+02    3.4873476166e-12    3.8073870153e-03
    7.3800003105e+02    3.4856462310e-12    3.8073814441e-03
    7.3900026059e+02    3.4835264828e-12    3.8073757671e-03
    7.4000021584e+02    3.4843439194e-12    3.8073696521e-03
    7.4100017426e+02    3.4824203826e-12    3.8073629449e-03
    7.4200013552e+02    3.4860705797e-12    3.8073557328e-03
    7.4300010009e+02    3.4795310866e-12    3.8073482805e-03
    7.4400006850e+02    3.4800645156e-12    3.8073408770e-03
    7.4500004037e+02    3.4792829956e-12    3.8073337382e-03
    7.4600001497e+02    3.4778257103e-12    3.8073269441e-03
    7.4700027005e+02    3.4852724316e-12    3.8073204443e-03
    7.4800025040e+02    3.4876741921e-12    3.8073141274e-03
    7.4900023366e+02    3.4838231278e-12    3.8073079011e-03
    7.5000021945e+02    3.4848407665e-12    3.8073017190e-03
    7.5100020805e+02    3.4805274415e-12    3.8072955596e-03
    7.5200020010e+02    3.4809763997e-12    3.8072893936e-03
    7.5300019580e+02    3.4901511116e-12    3.8072831704e-03
    7.5400019491e+02    3.4914088599e-12    3.8072768443e-03
    7.5500019720e+02    3.4870077385e-12    3.8072703954e-03
    7.5600020252e+02    3.4967258562e-12    3.8072638305e-03
    7.5700021079e+02    3.5009726689e-12    3.8072571582e-03
    7.5800022195e+02    3.5057868319e-12    3.8072503705e-03
    7.5900023604e+02    3.5053817718e-12    3.8072434691e-03
    7.6000025309e+02    3.5001292925e-12    3.8072365166e-03
    7.6100027317e+02    3.4990564485e-12    3.8072296826e-03
    7.6200001874e+02    3.4930430680e-12    3.8072231866e-03
    7.6300004539e+02    3.4936849121e-12    3.8072171853e-03
    7.6400007490e+02    3.4928521776e-12    3.8072116699e-03
    7.6500010711e+02    3.4918172456e-12    3.8072064089e-03
    7.6600014261e+02    3.4903792489e-12    3.8072010289e-03
    7.6700018177e+02    3.4821443564e-12    3.8071951995e-03
    7.6800022394e+02    3.4841430521e-12    3.8071887860e-03
    7.6900026862e+02    3.4847576261e-12    3.8071818958e-03
    7.7000003861e+02    3.4900273986e-12    3.8071748067e-03
    7.7100009013e+02    3.4905734649e-12    3.8071677982e-03
    7.7200014508e+02    3.4817738827e-12    3.8071610690e-03
    7.7300020288e+02    3.4776388106e-12    3.8071546724e-03
    7.7400026352e+02    3.4728911600e-12    3.8071485507e-03
    7.7500004948e+02    3.4698874628e-12    3.8071425978e-03
    7.7600011604e+02    3.4614310842e-12    3.8071367264e-03
    7.7700018509e+02    3.4549534476e-12    3.8071308973e-03
    7.7800025700e+02    3.4598800165e-12    3.8071250781e-03
    7.7900005456e+02    3.4687481065e-12    3.8071192238e-03
    7.8000013344e+02    3.4682452732e-12    3.8071132692e-03
    7.8100021556e+02    3.4663037781e-12    3.8071071722e-03
    7.8200002295e+02    3.4672036900e-12    3.8071009381e-03
    7.8300011116e+02    3.4632016426e-12    3.8070945995e-03
    7.8400020232e+02    3.4627267445e-12    3.8070881809e-03
    7.8500001867e+02    3.4641248339e-12    3.8070816583e-03
    7.8600011602e+02    3.4647453940e-12    3.8070749869e-03
    7.8700021644e+02    3.4634989528e-12    3.8070681926e-03
    7.8800004188e+02    3.4601866384e-12    3.8070614217e-03
    7.8900014807e+02    3.4580735414e-12    3.8070549036e-03
    7.9000025747e+02    3.4599165983e-12    3.8070488387e-03
    7.9100009207e+02    3.4554509599e-12    3.8070432703e-03
    7.9200020714e+02    3.4559937006e-12    3.8070380264e-03
    7.9300004746e+02    3.4578500599e-12    3.8070327693e-03
    7.9400016931e+02    3.4552367902e-12    3.8070271399e-03
    7.9500001674e+02    3.4572062205e-12    3.8070209479e-03
    7.9600014447e+02    3.4523780899e-12    3.8070142377e-03
    7.9700027477e+02    3.4538746175e-12    3.8070072451e-03
    7.9800013069e+02    3.4523175637e-12    3.8070002528e-03
    7.9900026803e+02    3.4446932544e-12    3.8069934803e-03
    8.0000013053e+02    3.4424956868e-12    3.8069870395e-03
    8.0100027364e+02    3.4405222657e-12    3.8069809050e-03
    8.0200014210e+02    3.4422090186e-12    3.8069749745e-03
    8.0300001373e+02    3.4423400479e-12    3.8069691364e-03
    8.0400016585e+02    3.4382083015e-12    3.8069633388e-03
    8.0500004275e+02    3.4340040567e-12    3.8069575757e-03
    8.0600020062e+02    3.4356921398e-12    3.8069518318e-03
    8.0700008413e+02    3.4327955275e-12    3.8069460668e-03
    8.0800024869e+02    3.4322587729e-12    3.8069402160e-03
    8.0900013841e+02    3.4232097694e-12    3.8069342503e-03
    8.1000003115e+02    3.4243431396e-12    3.8069281852e-03
    8.1100020471e+02    3.4244987785e-12    3.8069220562e-03
    8.1200010339e+02    3.4249437460e-12    3.8069158733e-03
    8.1300000525e+02    3.4184614536e-12    3.8069095930e-03
    8.1400018830e+02    3.4140736347e-12    3.8069031803e-03
    8.1500009656e+02    3.4102152540e-12    3.8068966946e-03
    8.1600000755e+02    3.4069455075e-12    3.8068903087e-03
    8.1700019932e+02    3.4056678055e-12    3.8068842441e-03
    8.1800011646e+02    3.4068856464e-12    3.8068786520e-03
    8.1900003652e+02    3.4134211486e-12    3.8068734969e-03
    8.2000023707e+02    3.4096911368e-12    3.8068685383e-03
    8.2100016296e+02    3.4180510725e-12    3.8068634227e-03
    8.2200009256e+02    3.4220311708e-12    3.8068578440e-03
    8.2300002531e+02    3.4195369581e-12    3.8068516905e-03
    8.2400023824e+02    3.4149948306e-12    3.8068450732e-03
    8.2500017595e+02    3.4143962195e-12    3.8068382534e-03
    8.2600011709e+02    3.4205399641e-12    3.8068314989e-03
    8.2700006164e+02    3.4182173533e-12    3.8068250083e-03
    8.2800000902e+02    3.4183583595e-12    3.8068188506e-03
    8.2900023706e+02    3.4212968745e-12    3.8068129564e-03
    8.3000019054e+02    3.4206463839e-12    3.8068071850e-03
    8.3100014715e+02    3.4184514767e-12    3.8068014119e-03
    8.3200010637e+02    3.4154218398e-12    3.8067955956e-03
    8.3300006813e+02    3.4143922288e-12    3.8067897518e-03
    8.3400003295e+02    3.4190500878e-12    3.8067839001e-03
    8.3500000110e+02    3.4154930080e-12    3.8067780248e-03
    8.3600025024e+02    3.4167906637e-12    3.8067720818e-03
    8.3700022453e+02    3.4097064346e-12    3.8067660462e-03
    8.3800020202e+02    3.4096385920e-12    3.8067599281e-03
    8.3900018256e+02    3.4120988834e-12    3.8067537488e-03
    8.4000016597e+02    3.4114577044e-12    3.8067474826e-03
    8.4100015249e+02    3.4113526149e-12    3.8067411039e-03
    8.4200014232e+02    3.4150480404e-12    3.8067346280e-03
    8.4300013517e+02    3.4098574176e-12    3.8067281088e-03
    8.4400013076e+02    3.4068809905e-12    3.8067216901e-03
    8.4500012930e+02    3.4089156029e-12    3.8067155814e-03
    8.4600013107e+02    3.4068118177e-12    3.8067099380e-03
    8.4700013571e+02    3.4025989262e-12    3.8067047453e-03
    8.4800014288e+02    3.4012493909e-12    3.8066997848e-03
    8.4900015306e+02    3.4013531501e-12    3.8066947210e-03
    8.5000016684e+02    3.3994775022e-12    3.8066892535e-03
    8.5100018385e+02    3.4002490453e-12    3.8066832471e-03
    8.5200020324e+02    3.4012959495e-12    3.8066767944e-03
    8.5300022518e+02    3.4014489279e-12    3.8066701549e-03
    8.5400025044e+02    3.4014888353e-12    3.8066636180e-03
    8.5500000121e+02    3.4022929694e-12    3.8066573942e-03
    8.5600003274e+02    3.3887450714e-12    3.8066515420e-03
    8.5700006717e+02    3.3789318411e-12    3.8066459810e-03
    8.5800010490e+02    3.3794054089e-12    3.8066405513e-03
    8.5900014581e+02    3.3739028432e-12    3.8066351092e-03
    8.6000018931e+02    3.3722101043e-12    3.8066295916e-03
    8.6100023530e+02    3.3769863552e-12    3.8066240082e-03
    8.6200000639e+02    3.3805607282e-12    3.8066183948e-03
    8.6300005861e+02    3.3880746270e-12    3.8066127649e-03
    8.6400011393e+02    3.3962603004e-12    3.8066071145e-03
    8.6500017227e+02    3.3962822495e-12    3.8066014406e-03
    8.6600023373e+02    3.3983960116e-12    3.8065957558e-03
    8.6700002031e+02    3.4029654092e-12    3.8065900692e-03
    8.6800008756e+02    3.3998539620e-12    3.8065843388e-03
    8.6900015780e+02    3.4076665012e-12    3.8065784743e-03
    8.7000023129e+02    3.4059963764e-12    3.8065723954e-03
    8.7100002992e+02    3.4039857084e-12    3.8065661264e-03
    8.7200010914e+02    3.4034875310e-12    3.8065598357e-03
    8.7300019125e+02    3.3930198193e-12    3.8065537725e-03
    8.7400027654e+02    3.3924032500e-12    3.8065481311e-03
    8.7500008698e+02    3.3896356716e-12    3.8065429444e-03
    8.7600017796e+02    3.3929313579e-12    3.8065380301e-03
    8.7700027178e+02    3.3948522342e-12    3.8065330732e-03
    8.7800009110e+02    3.3952679363e-12    3.8065277612e-03
    8.7900019162e+02    3.3971801660e-12    3.8065219273e-03
    8.8000001688e+02    3.3942655954e-12    3.8065156381e-03
    8.8100012251e+02    3.3916629676e-12    3.8065091128e-03
    8.8200023129e+02    3.3954282311e-12    3.8065026197e-03
    8.8300006560e+02    3.3962722726e-12    3.8064963808e-03
    8.8400018084e+02    3.3970790673e-12    3.8064904920e-03
    8.8500002105e+02    3.4002477151e-12    3.8064849101e-03
    8.8600014233e+02    3.3987013032e-12    3.8064794767e-03
    8.8700026686e+02    3.3980308588e-12    3.8064740206e-03
    8.8800011632e+02    3.3995978895e-12    3.8064684434e-03
    8.8900024618e+02    3.4001705607e-12    3.8064627391e-03
    8.9000010090e+02    3.3989420779e-12    3.8064569734e-03
    8.9100023660e+02    3.4027033506e-12    3.8064512135e-03
    8.9200009750e+02    3.3947770753e-12    3.8064455020e-03
    8.9300023941e+02    3.3976590549e-12    3.8064398512e-03
    8.9400010666e+02    3.3961166338e-12    3.8064342646e-03
    8.9500025489e+02    3.3974794716e-12    3.8064287273e-03
    8.9600012795e+02    3.3978200147e-12    3.8064231914e-03
    8.9700000377e+02    3.3963474316e-12    3.8064175539e-03
    8.9800016068e+02    3.3950131941e-12    3.8064117054e-03
    8.9900004287e+02    3.3923660030e-12    3.8064056250e-03
    9.0000020578e+02    3.3922542623e-12    3.8063994422e-03
    9.0100009364e+02    3.3892691886e-12    3.8063934010e-03
    9.0200026262e+02    3.3885388831e-12    3.8063877442e-03
    9.0300015695e+02    3.3838969871e-12    3.8063825924e-03
    9.0400005408e+02    3.3833628930e-12    3.8063778562e-03
    9.0500023171e+02    3.3796721234e-12    3.8063732630e-03
    9.0600013443e+02    3.3788161096e-12    3.8063684751e-03
    9.0700004044e+02    3.3766850543e-12    3.8063632372e-03
    9.0800022726e+02    3.3747196148e-12    3.8063574925e-03
    9.0900013868e+02    3.3734957877e-12    3.8063513837e-03
    9.1000005305e+02    3.3735603047e-12    3.8063451621e-03
    9.1100024889e+02    3.3752310946e-12    3.8063390801e-03
    9.1200017017e+02    3.3742094651e-12    3.8063333074e-03
    9.1300009428e+02    3.3704395458e-12    3.8063278667e-03
    9.1400002125e+02    3.3719613481e-12    3.8063226558e-03
    9.1500022929e+02    3.3713926676e-12    3.8063175122e-03
    9.1600016238e+02    3.3706058267e-12    3.8063122739e-03
    9.1700009795e+02    3.3705905288e-12    3.8063068706e-03
    9.1800003598e+02    3.3676872653e-12    3.8063013367e-03
    9.1900025483e+02    3.3659659260e-12    3.8062957611e-03
    9.2000019897e+02    3.3623563014e-12    3.8062902282e-03
    9.2100014638e+02    3.3619352783e-12    3.8062847671e-03
    9.2200009714e+02    3.3619346132e-12    3.8062793681e-03
    9.2300005111e+02    3.3592987293e-12    3.8062740023e-03
    9.2400000778e+02    3.3581866430e-12    3.8062686176e-03
    9.2500024480e+02    3.3561433840e-12    3.8062631153e-03
    9.2600020672e+02    3.3544147283e-12    3.8062573703e-03
    9.2700017177e+02    3.3509647334e-12    3.8062513198e-03
    9.2800013975e+02    3.3520522101e-12    3.8062450460e-03
    9.2900011057e+02    3.3493072459e-12    3.8062387824e-03
    9.3000008459e+02    3.3482210994e-12    3.8062328242e-03
    9.3100006204e+02    3.3467658095e-12    3.8062273807e-03
    9.3200004240e+02    3.3453071939e-12    3.8062224547e-03
    9.3300002512e+02    3.3440560969e-12    3.8062178278e-03
    9.3400001036e+02    3.3421232483e-12    3.8062131420e-03
    9.3500027666e+02    3.3445715675e-12    3.8062080595e-03
    9.3600026825e+02    3.3408555232e-12    3.8062024198e-03
    9.3700026278e+02    3.3407224985e-12    3.8061962734e-03
    9.3800026041e+02    3.3389984987e-12    3.8061898546e-03
    9.3900026168e+02    3.3398817825e-12    3.8061834686e-03
    9.4000026651e+02    3.3341470888e-12    3.8061773748e-03
    9.4100027413e+02    3.3326365936e-12    3.8061716983e-03
    9.4200000619e+02    3.3322647896e-12    3.8061664106e-03
    9.4300001879e+02    3.3353902044e-12    3.8061613489e-03
    9.4400003415e+02    3.3369765236e-12    3.8061563125e-03
    9.4500005213e+02    3.3335511383e-12    3.8061511647e-03
    9.4600007279e+02    3.3307463130e-12    3.8061458798e-03
    9.4700009667e+02    3.3317080814e-12    3.8061405216e-03
    9.4800012420e+02    3.3283591852e-12    3.8061351820e-03
    9.4900015530e+02    3.3254765405e-12    3.8061299125e-03
    9.5000018965e+02    3.3188106740e-12    3.8061247156e-03
    9.5100022684e+02    3.3140743304e-12    3.8061195572e-03
    9.5200026637e+02    3.3118947211e-12    3.8061143806e-03
    9.5300003020e+02    3.3109176549e-12    3.8061090964e-03
    9.5400007474e+02    3.3052042451e-12    3.8061036038e-03
    9.5500012266e+02    3.3056179518e-12    3.8060978560e-03
    9.5600017395e+02    3.3044859118e-12    3.8060919321e-03
    9.5700022839e+02    3.3018207625e-12    3.8060860599e-03
    9.5800000804e+02    3.2996251902e-12    3.8060805300e-03
    9.5900006868e+02    3.2960953804e-12    3.8060755442e-03
    9.6000013183e+02    3.2917900368e-12    3.8060710906e-03
    9.6100019708e+02    3.2843798973e-12    3.8060669085e-03
    9.6200026484e+02    3.2852458879e-12    3.8060625941e-03
    9.6300005798e+02    3.2876303552e-12    3.8060577773e-03
    9.6400013274e+02    3.2862249495e-12    3.8060522796e-03
    9.6500021094e+02    3.2864311378e-12    3.8060462099e-03
    9.6600001455e+02    3.2853270330e-12    3.8060398885e-03
    9.6700009949e+02    3.2843985207e-12    3.8060336805e-03
    9.6800018727e+02    3.2846333093e-12    3.8060278603e-03
    9.6900027704e+02    3.2867756717e-12    3.8060225102e-03
    9.7000009074e+02    3.2801224426e-12    3.8060175195e-03
    9.7100018509e+02    3.2803831709e-12    3.8060126686e-03
    9.7200000489e+02    3.2801882898e-12    3.8060077605e-03
    9.7300010603e+02    3.2810276755e-12    3.8060026990e-03
    9.7400021037e+02    3.2793023454e-12    3.8059975172e-03
    9.7500004005e+02    3.2822654701e-12    3.8059923015e-03
    9.7600015110e+02    3.2840852476e-12    3.8059871168e-03
    9.7700026525e+02    3.2829379098e-12    3.8059819709e-03
    9.7800010404e+02    3.2857467258e-12    3.8059768186e-03
    9.7900022315e+02    3.2809558421e-12    3.8059715942e-03
    9.8000006681e+02    3.2800792095e-12    3.8059662527e-03
    9.8100019143e+02    3.2811187974e-12    3.8059607519e-03
    9.8200004148e+02    3.2786119474e-12    3.8059550811e-03
    9.8300017274e+02    3.2753814431e-12    3.8059492820e-03
    9.8400002884e+02    3.2715709513e-12    3.8059434912e-03
    9.8500016557e+02    3.2706357878e-12    3.8059379034e-03
    9.8600002718e+02    3.2684588390e-12    3.8059327052e-03
    9.8700016967e+02    3.2653686758e-12    3.8059279543e-03
    9.8800003695e+02    3.2613719495e-12    3.8059235351e-03
    9.8900018510e+02    3.2574676752e-12    3.8059191625e-03
    9.9000005863e+02    3.2589602121e-12    3.8059145008e-03
    9.9100021378e+02    3.2615774726e-12    3.8059093258e-03
    9.9200009427e+02    3.2573240086e-12    3.8059036466e-03
    9.9300025535e+02    3.2551816462e-12    3.8058976930e-03
    9.9400014070e+02    3.2508935958e-12    3.8058917963e-03
    9.9500002842e+02    3.2586449436e-12    3.8058862066e-03
    9.9600019683e+02    3.2566894809e-12    3.8058810077e-03
    9.9700009030e+02    3.2579266104e-12    3.8058761312e-03
    9.9800026507e+02    3.2524759243e-12    3.8058714266e-03
    9.9900016521e+02    3.2526455308e-12    3.8058667727e-03
    1.0000000684e+03    3.2516132593e-12    3.8058621163e-03
    1.0010002522e+03    3.2507592409e-12    3.8058574613e-03
    1.0020001607e+03    3.2434122880e-12    3.8058528092e-03
    1.0030000720e+03    3.2386120926e-12    3.8058481046e-03
    1.0040002642e+03    3.2380167627e-12    3.8058432529e-03
    1.0050001813e+03    3.2543931078e-12    3.8058381768e-03
    1.0060001013e+03    3.2571312188e-12    3.8058328721e-03
    1.0070000243e+03    3.2562824625e-12    3.8058274306e-03
    1.0080002281e+03    3.2517799849e-12    3.8058219762e-03
    1.0090001566e+03    3.2523526048e-12    3.8058165821e-03
    1.0100000878e+03    3.2472978543e-12    3.8058112285e-03
    1.0110000218e+03    3.2498935370e-12    3.8058058573e-03
    1.0120002372e+03    3.2505678912e-12    3.8058004574e-03
    1.0130001777e+03    3.2537827009e-12    3.8057951153e-03
    1.0140001213e+03    3.2438882957e-12    3.8057899521e-03
    1.0150000674e+03    3.2580555492e-12    3.8057850233e-03
    1.0160000161e+03    3.2578898673e-12    3.8057802619e-03
    1.0170002458e+03    3.2495970536e-12    3.8057754983e-03
    1.0180002006e+03    3.2510910972e-12    3.8057705544e-03
    1.0190001583e+03    3.2556633355e-12    3.8057653421e-03
    1.0200001189e+03    3.2598344493e-12    3.8057599139e-03
    1.0210000824e+03    3.2621249286e-12    3.8057544115e-03
    1.0220000491e+03    3.2682958516e-12    3.8057489784e-03
    1.0230000187e+03    3.2796494200e-12    3.8057436975e-03
    1.0240002688e+03    3.2850616945e-12    3.8057385833e-03
    1.0250002436e+03    3.2892269949e-12    3.8057336156e-03
    1.0260002214e+03    3.2934213623e-12    3.8057287609e-03
    1.0270002022e+03    3.2920988140e-12    3.8057239962e-03
    1.0280001861e+03    3.2979325600e-12    3.8057192839e-03
    1.0290001728e+03    3.2989964120e-12    3.8057145497e-03
    1.0300001624e+03    3.3061323593e-12    3.8057097076e-03
    1.0310001552e+03    3.3121782944e-12    3.8057046954e-03
    1.0320001510e+03    3.3177678775e-12    3.8056994997e-03
    1.0330001499e+03    3.3198984883e-12    3.8056941578e-03
    1.0340001513e+03    3.3249038249e-12    3.8056887280e-03
    1.0350001554e+03    3.3339669140e-12    3.8056832511e-03
    1.0360001623e+03    3.3316822482e-12    3.8056777406e-03
    1.0370001724e+03    3.3326065786e-12    3.8056722194e-03
    1.0380001857e+03    3.3357661610e-12    3.8056667777e-03
    1.0390002018e+03    3.3375043673e-12    3.8056615890e-03
    1.0400002203e+03    3.3459803031e-12    3.8056568298e-03
    1.0410002414e+03    3.3434572879e-12    3.8056525482e-03
    1.0420002654e+03    3.3449106377e-12    3.8056485933e-03
    1.0430000147e+03    3.3456053389e-12    3.8056446558e-03
    1.0440000453e+03    3.3637693042e-12    3.8056404162e-03
    1.0450000789e+03    3.3756780522e-12    3.8056357032e-03
    1.0460001154e+03    3.3737945109e-12    3.8056305560e-03
    1.0470001546e+03    3.3689345093e-12    3.8056251694e-03
    1.0480001964e+03    3.3650075582e-12    3.8056197648e-03
    1.0490002410e+03    3.3671904896e-12    3.8056144853e-03
    1.0500000106e+03    3.3933449719e-12    3.8056093802e-03
    1.0510000613e+03    3.4023615538e-12    3.8056044305e-03
    1.0520001150e+03    3.4086603717e-12    3.8055996055e-03
    1.0530001716e+03    3.3871159148e-12    3.8055948804e-03
    1.0540002312e+03    3.3767825980e-12    3.8055902149e-03
    1.0550000159e+03    3.3913916698e-12    3.8055855334e-03
    1.0560000814e+03    3.4059891148e-12    3.8055807266e-03
    1.0570001496e+03    3.4136540814e-12    3.8055756961e-03
    1.0580002202e+03    3.4184530424e-12    3.8055703930e-03
    1.0590000155e+03    3.4206156268e-12    3.8055648513e-03
    1.0600000919e+03    3.4325156547e-12    3.8055591707e-03
    1.0610001716e+03    3.4285189428e-12    3.8055534932e-03
    1.0620002547e+03    3.4424536603e-12    3.8055479789e-03
    1.0630000628e+03    3.4502581486e-12    3.8055427837e-03
    1.0640001514e+03    3.4499035312e-12    3.8055380258e-03
    1.0650002425e+03    3.4498395838e-12    3.8055337171e-03
    1.0660000585e+03    3.4463806114e-12    3.8055297164e-03
    1.0670001559e+03    3.4443633619e-12    3.8055257513e-03
    1.0680002564e+03    3.4522056372e-12    3.8055215284e-03
    1.0690000817e+03    3.4614663819e-12    3.8055168651e-03
    1.0700001877e+03    3.4691604156e-12    3.8055117640e-03
    1.0710000186e+03    3.4763922840e-12    3.8055064031e-03
    1.0720001305e+03    3.4808918548e-12    3.8055010290e-03
    1.0730002452e+03    3.4918210450e-12    3.8054958407e-03
    1.0740000847e+03    3.4989279254e-12    3.8054908986e-03
    1.0750002052e+03    3.4999510836e-12    3.8054861273e-03
    1.0760000508e+03    3.5049040996e-12    3.8054813817e-03
    1.0770001778e+03    3.5132201669e-12    3.8054765427e-03
    1.0780000296e+03    3.5249486995e-12    3.8054715814e-03
    1.0790001619e+03    3.5270647768e-12    3.8054665547e-03
    1.0800000187e+03    3.5258381496e-12    3.8054615650e-03
    1.0810001564e+03    3.5260503386e-12    3.8054566849e-03
    1.0820000191e+03    3.5284919662e-12    3.8054519321e-03
    1.0830001625e+03    3.5307301249e-12    3.8054472551e-03
    1.0840000309e+03    3.5360784520e-12    3.8054425823e-03
    1.0850001806e+03    3.5347471836e-12    3.8054378659e-03
    1.0860000555e+03    3.5288349568e-12    3.8054331245e-03
    1.0870002114e+03    3.5209316408e-12    3.8054284294e-03
    1.0880000917e+03    3.5252655298e-12    3.8054238586e-03
    1.0890002526e+03    3.5232657205e-12    3.8054194387e-03
    1.0900001384e+03    3.5220739737e-12    3.8054151259e-03
    1.0910000271e+03    3.5305731631e-12    3.8054108251e-03
    1.0920001965e+03    3.5316922424e-12    3.8054064416e-03
    1.0930000907e+03    3.5378515387e-12    3.8054019150e-03
    1.0940002660e+03    3.5422348416e-12    3.8053972440e-03
    1.0950001664e+03    3.5419528917e-12    3.8053924920e-03
    1.0960000697e+03    3.5439032871e-12    3.8053877192e-03
    1.0970002537e+03    3.5487691021e-12    3.8053829296e-03
    1.0980001625e+03    3.5511787560e-12    3.8053780789e-03
    1.0990000744e+03    3.5517194021e-12    3.8053730974e-03
    1.1000002675e+03    3.5589774309e-12    3.8053679443e-03
    1.1010001852e+03    3.5532512328e-12    3.8053626633e-03
    1.1020001054e+03    3.5565648702e-12    3.8053573835e-03
    1.1030000285e+03    3.5544139126e-12    3.8053522733e-03
    1.1040002325e+03    3.5556841403e-12    3.8053474587e-03
    1.1050001614e+03    3.5612620967e-12    3.8053429614e-03
    1.1060000928e+03    3.5695461903e-12    3.8053386686e-03
    1.1070000270e+03    3.5834314939e-12    3.8053343873e-03
    1.1080002425e+03    3.5780831668e-12    3.8053299336e-03
    1.1090001830e+03    3.5819955844e-12    3.8053252170e-03
    1.1100001264e+03    3.5819258236e-12    3.8053202617e-03
    1.1110000724e+03    3.5874805264e-12    3.8053151816e-03
    1.1120000211e+03    3.5929015210e-12    3.8053101289e-03
    1.1130002506e+03    3.5983341424e-12    3.8053052403e-03
    1.1140002048e+03    3.5974301589e-12    3.8053005989e-03
    1.1150001616e+03    3.6054090491e-12    3.8052962060e-03
    1.1160001211e+03    3.6107864432e-12    3.8052919781e-03
    1.1170000837e+03    3.6055950778e-12    3.8052877705e-03
    1.1180000492e+03    3.6157946865e-12    3.8052834387e-03
    1.1190000178e+03    3.6152976408e-12    3.8052788812e-03
    1.1200002670e+03    3.6141872816e-12    3.8052740517e-03
    1.1210002409e+03    3.6150331312e-12    3.8052689616e-03
    1.1220002179e+03    3.6176491607e-12    3.8052636558e-03
    1.1230001979e+03    3.6214133366e-12    3.8052582140e-03
    1.1240001807e+03    3.6261047497e-12    3.8052527634e-03
    1.1250001660e+03    3.6303427176e-12    3.8052474721e-03
    1.1260001539e+03    3.6380164043e-12    3.8052425017e-03
    1.1270001446e+03    3.6511343393e-12    3.8052379389e-03
    1.1280001380e+03    3.6563983721e-12    3.8052337431e-03
    1.1290001337e+03    3.6722834850e-12    3.8052297466e-03
    1.1300001321e+03    3.6775591446e-12    3.8052257063e-03
    1.1310001334e+03    3.6823900792e-12    3.8052214128e-03
    1.1320001379e+03    3.6869245305e-12    3.8052167611e-03
    1.1330001453e+03    3.6906509193e-12    3.8052117907e-03
    1.1340001555e+03    3.6971822731e-12    3.8052066654e-03
    1.1350001685e+03    3.6928541975e-12    3.8052016101e-03
    1.1360001841e+03    3.7027922032e-12    3.8051968306e-03
    1.1370002022e+03    3.7089049923e-12    3.8051924428e-03
    1.1380002228e+03    3.7080126356e-12    3.8051884309e-03
    1.1390002460e+03    3.7119483067e-12    3.8051846582e-03
    1.1400002721e+03    3.7099979113e-12    3.8051808849e-03
    1.1410000231e+03    3.7125499935e-12    3.8051768902e-03
    1.1420000553e+03    3.7144306281e-12    3.8051725513e-03
    1.1430000902e+03    3.7172937271e-12    3.8051678694e-03
    1.1440001276e+03    3.7114861415e-12    3.8051629470e-03
    1.1450001677e+03    3.7168286552e-12    3.8051579055e-03
    1.1460002106e+03    3.7190406535e-12    3.8051528367e-03
    1.1470002562e+03    3.7245953563e-12    3.8051478155e-03
    1.1480000262e+03    3.7271590653e-12    3.8051429195e-03
    1.1490000770e+03    3.7310366025e-12    3.8051382232e-03
    1.1500001308e+03    3.7338909814e-12    3.8051337768e-03
    1.1510001875e+03    3.7338095938e-12    3.8051295651e-03
    1.1520002467e+03    3.7328329428e-12    3.8051254920e-03
    1.1530000302e+03    3.7338822613e-12    3.8051214027e-03
    1.1540000943e+03    3.7411170364e-12    3.8051171334e-03
    1.1550001612e+03    3.7501743122e-12    3.8051125934e-03
    1.1560002309e+03    3.7513282719e-12    3.8051077827e-03
    1.1570000254e+03    3.7602809064e-12    3.8051027844e-03
    1.1580001010e+03    3.7680476075e-12    3.8050977327e-03
    1.1590001797e+03    3.7585049130e-12    3.8050927935e-03
    1.1600002615e+03    3.7631469121e-12    3.8050881174e-03
    1.1610000676e+03    3.7701782183e-12    3.8050837960e-03
    1.1620001540e+03    3.7726140325e-12    3.8050798136e-03
    1.1630002426e+03    3.7716693551e-12    3.8050760426e-03
    1.1640000557e+03    3.7713990321e-12    3.8050722665e-03
    1.1650001499e+03    3.7783140702e-12    3.8050682566e-03
    1.1660002472e+03    3.7803720135e-12    3.8050638772e-03
    1.1670000695e+03    3.7899990023e-12    3.8050591318e-03
    1.1680001728e+03    3.7921644935e-12    3.8050541290e-03
    1.1690000008e+03    3.7930365033e-12    3.8050490367e-03
    1.1700001097e+03    3.8007915777e-12    3.8050440126e-03
    1.1710002209e+03    3.7971378564e-12    3.8050391765e-03
    1.1720000564e+03    3.8065584695e-12    3.8050345932e-03
    1.1730001727e+03    3.8059364358e-12    3.8050302644e-03
    1.1740000139e+03    3.8072241037e-12    3.8050261310e-03
    1.1750001362e+03    3.8063753475e-12    3.8050220713e-03
    1.1760002614e+03    3.8325618035e-12    3.8050179464e-03
    1.1770001113e+03    3.8391164109e-12    3.8050136467e-03
    1.1780002421e+03    3.8370642810e-12    3.8050091318e-03
    1.1790000973e+03    3.8402413036e-12    3.8050044521e-03
    1.1800002328e+03    3.8403139711e-12    3.8049997206e-03
    1.1810000926e+03    3.8460634228e-12    3.8049950693e-03
    1.1820002331e+03    3.8568240244e-12    3.8049905755e-03
    1.1830000988e+03    3.8456826451e-12    3.8049862532e-03
    1.1840002460e+03    3.8478859234e-12    3.8049820699e-03
    1.1850001182e+03    3.8529842743e-12    3.8049779919e-03
    1.1860002711e+03    3.8656923646e-12    3.8049739999e-03
    1.1870001482e+03    3.8665207740e-12    3.8049700875e-03
    1.1880000275e+03    3.8750490304e-12    3.8049662207e-03
    1.1890001874e+03    3.8673491834e-12    3.8049623233e-03
    1.1900000718e+03    3.8724969482e-12    3.8049582933e-03
    1.1910002372e+03    3.8778045816e-12    3.8049540488e-03
    1.1920001276e+03    3.8910911051e-12    3.8049495819e-03
    1.1930000212e+03    3.8912160932e-12    3.8049449429e-03
    1.1940001959e+03    3.8949541087e-12    3.8049402342e-03
    1.1950000953e+03    3.8963812982e-12    3.8049355915e-03
    1.1960002752e+03    3.9016656780e-12    3.8049311454e-03
    1.1970001793e+03    3.9032004153e-12    3.8049269745e-03
    1.1980000858e+03    3.9036131666e-12    3.8049230512e-03
    1.1990002733e+03    3.9024417667e-12    3.8049192375e-03
    1.2000001854e+03    3.8997763233e-12    3.8049153283e-03
    1.2010001006e+03    3.9066855480e-12    3.8049111304e-03
    1.2020000190e+03    3.9099962788e-12    3.8049065521e-03
    1.2030002186e+03    3.9198703371e-12    3.8049016444e-03
    1.2040001429e+03    3.9176496186e-12    3.8048965894e-03
    1.2050000695e+03    3.9191581957e-12    3.8048916331e-03
    1.2060002762e+03    3.9154114600e-12    3.8048869902e-03
    1.2070002069e+03    3.9225619408e-12    3.8048827608e-03
    1.2080001405e+03    3.9046973656e-12    3.8048788702e-03
    1.2090000774e+03    3.9005495053e-12    3.8048751182e-03
    1.2100000176e+03    3.9045462172e-12    3.8048712785e-03
    1.2110002390e+03    3.9121210761e-12    3.8048672038e-03
    1.2120001849e+03    3.9160160535e-12    3.8048628930e-03
    1.2130001333e+03    3.9164694986e-12    3.8048584524e-03
    1.2140000841e+03    3.9187309109e-12    3.8048540209e-03
    1.2150000374e+03    3.9193442245e-12    3.8048496854e-03
    1.2160002715e+03    3.9238961159e-12    3.8048454407e-03
    1.2170002303e+03    3.9401387529e-12    3.8048412228e-03
    1.2180001919e+03    3.9330929132e-12    3.8048369605e-03
    1.2190001564e+03    3.9084150342e-12    3.8048326352e-03
    1.2200001238e+03    3.9114728821e-12    3.8048282948e-03
    1.2210000939e+03    3.9183850136e-12    3.8048240283e-03
    1.2220000668e+03    3.9333719564e-12    3.8048199179e-03
    1.2230000422e+03    3.9368163953e-12    3.8048159857e-03
    1.2240000200e+03    3.9407171861e-12    3.8048121733e-03
    1.2250000002e+03    3.9444435748e-12    3.8048083547e-03
    1.2260002612e+03    3.9516405629e-12    3.8048043834e-03
    1.2270002468e+03    3.9612820852e-12    3.8048001473e-03
    1.2280002357e+03    3.9623837243e-12    3.8047956131e-03
    1.2290002279e+03    3.9571981724e-12    3.8047908565e-03
    1.2300002229e+03    3.9612937120e-12    3.8047860493e-03
    1.2310002203e+03    3.9658136297e-12    3.8047814272e-03
    1.2320002200e+03    3.9790274858e-12    3.8047771982e-03
    1.2330002219e+03    3.9714700670e-12    3.8047734385e-03
    1.2340002267e+03    3.9719758327e-12    3.8047700349e-03
    1.2350002344e+03    3.9747924246e-12    3.8047667092e-03
    1.2360002451e+03    3.9788472704e-12    3.8047631541e-03
    1.2370002586e+03    3.9814138861e-12    3.8047591860e-03
    1.2380002749e+03    3.9796814932e-12    3.8047548237e-03
    1.2390000157e+03    3.9801785388e-12    3.8047502622e-03
    1.2400000372e+03    3.9831026785e-12    3.8047457463e-03
    1.2410000613e+03    3.9968223003e-12    3.8047414430e-03
    1.2420000881e+03    4.0144398061e-12    3.8047373775e-03
    1.2430001178e+03    4.0168727136e-12    3.8047334634e-03
    1.2440001502e+03    4.0203258726e-12    3.8047295758e-03
    1.2450001853e+03    4.0219826914e-12    3.8047256230e-03
    1.2460002231e+03    4.0259735898e-12    3.8047215777e-03
    1.2470002635e+03    4.0253079556e-12    3.8047174709e-03
    1.2480000284e+03    4.0279007316e-12    3.8047133515e-03
    1.2490000742e+03    4.0334176473e-12    3.8047092547e-03
    1.2500001228e+03    4.0321764866e-12    3.8047051900e-03
    1.2510001740e+03    4.0329235084e-12    3.8047011347e-03
    1.2520002276e+03    4.0394345153e-12    3.8046970407e-03
    1.2530000055e+03    4.0455560245e-12    3.8046928441e-03
    1.2540000643e+03    4.0320660320e-12    3.8046884849e-03
    1.2550001262e+03    4.0249242713e-12    3.8046839540e-03
    1.2560001910e+03    4.0214129782e-12    3.8046793272e-03
    1.2570002585e+03    4.0363098133e-12    3.8046747532e-03
    1.2580000504e+03    4.0384375174e-12    3.8046704160e-03
    1.2590001230e+03    4.0453903426e-12    3.8046664396e-03
    1.2600001985e+03    4.0451839670e-12    3.8046628027e-03
    1.2610002769e+03    4.0375829477e-12    3.8046593231e-03
    1.2620000800e+03    4.0391351252e-12    3.8046557406e-03
    1.2630001640e+03    4.0515990528e-12    3.8046518488e-03
    1.2640002505e+03    4.0538604650e-12    3.8046476115e-03
    1.2650000614e+03    4.0457275198e-12    3.8046431683e-03
    1.2660001530e+03    4.0379433784e-12    3.8046387378e-03
    1.2670002470e+03    4.0413936308e-12    3.8046345006e-03
    1.2680000653e+03    4.0457275198e-12    3.8046305132e-03
    1.2690001648e+03    4.0382311417e-12    3.8046267127e-03
    1.2700002674e+03    4.0429690619e-12    3.8046229961e-03
    1.2710000946e+03    4.0432306649e-12    3.8046192930e-03
    1.2720002027e+03    4.0480993866e-12    3.8046155838e-03
    1.2730000352e+03    4.0487795543e-12    3.8046118871e-03
    1.2740001486e+03    4.0466344100e-12    3.8046082062e-03
    1.2750002645e+03    4.0477127955e-12    3.8046045201e-03
    1.2760001049e+03    4.0472680705e-12    3.8046007810e-03
    1.2770002260e+03    4.0461431778e-12    3.8045969395e-03
    1.2780000716e+03    4.0548923434e-12    3.8045929847e-03
    1.2790001980e+03    4.0499509542e-12    3.8045889388e-03
    1.2800000487e+03    4.0513287297e-12    3.8045848445e-03
    1.2810001800e+03    4.0560172361e-12    3.8045807349e-03
    1.2820000359e+03    4.0537994243e-12    3.8045766277e-03
    1.2830001730e+03    4.0570520211e-12    3.8045725431e-03
    1.2840000348e+03    4.0547441017e-12    3.8045685365e-03
    1.2850001774e+03    4.0560492098e-12    3.8045646896e-03
    1.2860000445e+03    4.0533953931e-12    3.8045610602e-03
    1.2870001924e+03    4.0545377260e-12    3.8045576132e-03
    1.2880000650e+03    4.0588047609e-12    3.8045541967e-03
    1.2890002187e+03    4.0609673454e-12    3.8045505869e-03
    1.2900000972e+03    4.0661935911e-12    3.8045466210e-03
    1.2910002566e+03    4.0816514192e-12    3.8045422890e-03
    1.2920001404e+03    4.0834012523e-12    3.8045377625e-03
    1.2930000263e+03    4.0653971554e-12    3.8045332952e-03
    1.2940001927e+03    4.0519304166e-12    3.8045290901e-03
    1.2950000834e+03    4.0494451885e-12    3.8045252053e-03
    1.2960002548e+03    4.0484365637e-12    3.8045215406e-03
    1.2970001508e+03    4.0517066007e-12    3.8045179353e-03
    1.2980000498e+03    4.0580344856e-12    3.8045142604e-03
    1.2990002299e+03    4.0547586352e-12    3.8045104849e-03
    1.3000001345e+03    4.0500526887e-12    3.8045066692e-03
    1.3010000419e+03    4.0542644963e-12    3.8045028859e-03
    1.3020002303e+03    4.0449601511e-12    3.8044991483e-03
    1.3030001434e+03    4.0477680228e-12    3.8044953896e-03
    1.3040000590e+03    4.0462071252e-12    3.8044915050e-03
    1.3050002555e+03    4.0471082020e-12    3.8044874355e-03
    1.3060001764e+03    4.0453874359e-12    3.8044832121e-03
    1.3070000999e+03    4.0416290734e-12    3.8044789358e-03
    1.3080000260e+03    4.0436463229e-12    3.8044747160e-03
    1.3090002327e+03    4.0452246607e-12    3.8044706068e-03
    1.3100001638e+03    4.0553021880e-12    3.8044666072e-03
    1.3110000978e+03    4.0558544609e-12    3.8044627059e-03
    1.3120000344e+03    4.0477767429e-12    3.8044589273e-03
    1.3130002520e+03    4.0448845769e-12    3.8044553437e-03
    1.3140001941e+03    4.0522268999e-12    3.8044520171e-03
    1.3150001390e+03    4.0560114227e-12    3.8044488921e-03
    1.3160000866e+03    4.0594674884e-12    3.8044457878e-03
    1.3170000370e+03    4.0533459792e-12    3.8044424692e-03
    1.3180002683e+03    4.0520176175e-12    3.8044387640e-03
    1.3190002242e+03    4.0465937162e-12    3.8044346606e-03
    1.3200001830e+03    4.0460240031e-12    3.8044303173e-03
    1.3210001442e+03    4.0449543377e-12    3.8044259911e-03
    1.3220001079e+03    4.0489423294e-12    3.8044219107e-03
    1.3230000738e+03    4.0398269197e-12    3.8044181882e-03
    1.3240000420e+03    4.0394955560e-12    3.8044147881e-03
    1.3250000130e+03    4.0471256422e-12    3.8044115644e-03
    1.3260002651e+03    4.0459600557e-12    3.8044083493e-03
    1.3270002418e+03    4.0447508687e-12    3.8044050414e-03
    1.3280002213e+03    4.0515292920e-12    3.8044016337e-03
    1.3290002033e+03    4.0627491522e-12    3.8043981934e-03
    1.3300001879e+03    4.0645571193e-12    3.8043947852e-03
    1.3310001754e+03    4.0673330173e-12    3.8043913972e-03
    1.3320001657e+03    4.0578920573e-12    3.8043879350e-03
    1.3330001588e+03    4.0568572722e-12    3.8043842739e-03
    1.3340001547e+03    4.0633363055e-12    3.8043803475e-03
    1.3350001533e+03    4.0693996807e-12    3.8043762029e-03
    1.3360001544e+03    4.0711204468e-12    3.8043719785e-03
    1.3370001582e+03    4.0569880737e-12    3.8043678159e-03
    1.3380001647e+03    4.0435707487e-12    3.8043637838e-03
    1.3390001739e+03    4.0453467421e-12    3.8043598706e-03
    1.3400001858e+03    4.0550057046e-12    3.8043560407e-03
    1.3410002004e+03    4.0744021106e-12    3.8043523006e-03
    1.3420002177e+03    4.0609382784e-12    3.8043487129e-03
    1.3430002375e+03    4.0700827551e-12    3.8043453419e-03
    1.3440002597e+03    4.0736463687e-12    3.8043421813e-03
    1.3450000062e+03    4.0758409268e-12    3.8043391106e-03
    1.3460000336e+03    4.0825147089e-12    3.8043359210e-03
    1.3470000639e+03    4.0773233436e-12    3.8043324216e-03
    1.3480000973e+03    4.0784017291e-12    3.8043285326e-03
    1.3490001335e+03    4.0824623884e-12    3.8043243242e-03
    1.3500001725e+03    4.0794045405e-12    3.8043199772e-03
    1.3510002141e+03    4.0785267172e-12    3.8043157026e-03
    1.3520002583e+03    4.0728237727e-12    3.8043116674e-03
    1.3530000266e+03    4.0743992039e-12    3.8043079491e-03
    1.3540000755e+03    4.0671121082e-12    3.8043045098e-03
    1.3550001269e+03    4.0543313504e-12    3.8043012309e-03
    1.3560001813e+03    4.0572293298e-12    3.8042979680e-03
    1.3570002388e+03    4.0581158731e-12    3.8042946091e-03
    1.3580000209e+03    4.0571799159e-12    3.8042911271e-03
    1.3590000839e+03    4.0546859677e-12    3.8042875870e-03
    1.3600001495e+03    4.0414808318e-12    3.8042840987e-03
    1.3610002175e+03    4.0390130439e-12    3.8042807324e-03
    1.3620000098e+03    4.0407512502e-12    3.8042774622e-03
    1.3630000830e+03    4.0331763912e-12    3.8042741662e-03
    1.3640001591e+03    4.0344931261e-12    3.8042707041e-03
    1.3650002381e+03    4.0436724832e-12    3.8042669966e-03
    1.3660000416e+03    4.0570258608e-12    3.8042630801e-03
    1.3670001259e+03    4.0609993191e-12    3.8042590774e-03
    1.3680002127e+03    4.0557730733e-12    3.8042551270e-03
    1.3690000239e+03    4.0586419858e-12    3.8042513210e-03
    1.3700001160e+03    4.0582728349e-12    3.8042476881e-03
    1.3710002107e+03    4.0574327988e-12    3.8042442344e-03
    1.3720000296e+03    4.0630340087e-12    3.8042409755e-03
    1.3730001293e+03    4.0675655533e-12    3.8042379220e-03
    1.3740002316e+03    4.0725447296e-12    3.8042350415e-03
    1.3750000582e+03    4.0713093823e-12    3.8042322238e-03
    1.3760001656e+03    4.0675132327e-12    3.8042293032e-03
    1.3770002756e+03    4.0717366671e-12    3.8042261325e-03
    1.3780001099e+03    4.0713849565e-12    3.8042226446e-03
    1.3790002252e+03    4.0709780185e-12    3.8042188954e-03
    1.3800000650e+03    4.0715942388e-12    3.8042150366e-03
    1.3810001860e+03    4.0723354472e-12    3.8042112305e-03
    1.3820000316e+03    4.0694171209e-12    3.8042075935e-03
    1.3830001583e+03    4.0755211899e-12    3.8042041611e-03
    1.3840000093e+03    4.0748497423e-12    3.8042009115e-03
    1.3850001411e+03    4.0720273371e-12    3.8041977902e-03
    1.3860002752e+03    4.0596215435e-12    3.8041947319e-03
    1.3870001336e+03    4.0650890453e-12    3.8041916575e-03
    1.3880002730e+03    4.0708966309e-12    3.8041884696e-03
    1.3890001369e+03    4.0708355903e-12    3.8041850948e-03
    1.3900000036e+03    4.0688415944e-12    3.8041815203e-03
    1.3910001511e+03    4.0678707567e-12    3.8041778081e-03
    1.3920000229e+03    4.0698124320e-12    3.8041740677e-03
    1.3930001756e+03    4.0679957448e-12    3.8041704005e-03
    1.3940000526e+03    4.0676672878e-12    3.8041668637e-03
    1.3950002105e+03    4.0664232204e-12    3.8041634476e-03
    1.3960000928e+03    4.0651471793e-12    3.8041600952e-03
    1.3970002559e+03    4.0619062093e-12    3.8041567194e-03
    1.3980001433e+03    4.0635455878e-12    3.8041532370e-03
    1.3990000334e+03    4.0554446163e-12    3.8041495757e-03
    1.4000002045e+03    4.0599790675e-12    3.8041457073e-03
    1.4010001000e+03    4.0674173116e-12    3.8041416836e-03
    1.4020002764e+03    4.0699606737e-12    3.8041376384e-03
    1.4030001771e+03    4.0771140612e-12    3.8041337657e-03
    1.4040000802e+03    4.0739283185e-12    3.8041302367e-03
    1.4050002643e+03    4.0739690123e-12    3.8041271133e-03
    1.4060001730e+03    4.0759339412e-12    3.8041243097e-03
    1.4070000844e+03    4.0758351134e-12    3.8041216169e-03
    1.4080002769e+03    4.0810758927e-12    3.8041187892e-03
    1.4090001938e+03    4.0830146613e-12    3.8041156505e-03
    1.4100001133e+03    4.0728470263e-12    3.8041121663e-03
    1.4110000354e+03    4.0728295861e-12    3.8041084555e-03
    1.4120002382e+03    4.0805904739e-12    3.8041047127e-03
    1.4130001652e+03    4.0897378573e-12    3.8041011256e-03
    1.4140000948e+03    4.0884472827e-12    3.8040977882e-03
    1.4150000270e+03    4.0932985642e-12    3.8040946887e-03
    1.4160002400e+03    4.1078349685e-12    3.8040917467e-03
    1.4170001773e+03    4.1087127918e-12    3.8040888854e-03
    1.4180001173e+03    4.1111486060e-12    3.8040860675e-03
    1.4190000601e+03    4.1107271345e-12    3.8040832868e-03
    1.4200000055e+03    4.1133780445e-12    3.8040805275e-03
    1.4210002317e+03    4.1144535233e-12    3.8040777436e-03
    1.4220001821e+03    4.1064775398e-12    3.8040748732e-03
    1.4230001352e+03    4.1069600519e-12    3.8040718546e-03
    1.4240000910e+03    4.1069803988e-12    3.8040686512e-03
    1.4250000495e+03    4.1064513795e-12    3.8040652583e-03
    1.4260000107e+03    4.1021203972e-12    3.8040617012e-03
    1.4270002527e+03    4.1072856023e-12    3.8040580420e-03
    1.4280002191e+03    4.1115671707e-12    3.8040543781e-03
    1.4290001882e+03    4.1162731172e-12    3.8040508222e-03
    1.4300001600e+03    4.1143750424e-12    3.8040474704e-03
    1.4310001345e+03    4.1108317757e-12    3.8040443518e-03
    1.4320001116e+03    4.1010507318e-12    3.8040413974e-03
    1.4330000914e+03    4.1004577651e-12    3.8040384628e-03
    1.4340000739e+03    4.1056578506e-12    3.8040353951e-03
    1.4350000590e+03    4.1026145362e-12    3.8040321167e-03
    1.4360000465e+03    4.1057363314e-12    3.8040286606e-03
    1.4370000367e+03    4.1012803611e-12    3.8040251415e-03
    1.4380000292e+03    4.1008792365e-12    3.8040216820e-03
    1.4390000242e+03    4.0902494364e-12    3.8040183443e-03
    1.4400000216e+03    4.0827734052e-12    3.8040151108e-03
    1.4410000217e+03    4.0808927706e-12    3.8040119085e-03
    1.4420000248e+03    4.0824682018e-12    3.8040086499e-03
    1.4430000309e+03    4.0817066465e-12    3.8040052732e-03
    1.4440000398e+03    4.0848226284e-12    3.8040017719e-03
    1.4450000515e+03    4.0947054067e-12    3.8039982085e-03
    1.4460000656e+03    4.0962023570e-12    3.8039947014e-03
    1.4470000821e+03    4.0962430508e-12    3.8039913590e-03
    1.4480001010e+03    4.0845900924e-12    3.8039882163e-03
    1.4490001224e+03    4.0749689170e-12    3.8039852103e-03
    1.4500001464e+03    4.0705739873e-12    3.8039822178e-03
    1.4510001729e+03    4.0746549934e-12    3.8039791409e-03
    1.4520002020e+03    4.0735242873e-12    3.8039759784e-03
    1.4530002338e+03    4.0736667156e-12    3.8039728337e-03
    1.4540002683e+03    4.0753903884e-12    3.8039698337e-03
    1.4550000272e+03    4.0724255549e-12    3.8039670415e-03
    1.4560000671e+03    4.0674492853e-12    3.8039644434e-03
    1.4570001097e+03    4.0697310444e-12    3.8039619472e-03
    1.4580001548e+03    4.0690857571e-12    3.8039593956e-03
    1.4590002026e+03    4.0686846326e-12    3.8039566271e-03
    1.4600002528e+03    4.0651268324e-12    3.8039535271e-03
    1.4610000272e+03    4.0640019397e-12    3.8039500798e-03
    1.4620000826e+03    4.0628014728e-12    3.8039463467e-03
    1.4630001407e+03    4.0723267271e-12    3.8039424627e-03
    1.4640002013e+03    4.0746375532e-12    3.8039386175e-03
    1.4650002643e+03    4.0711117267e-12    3.8039350216e-03
    1.4660000514e+03    4.0679288907e-12    3.8039318350e-03
    1.4670001196e+03    4.0794917414e-12    3.8039290945e-03
    1.4680001905e+03    4.0794568610e-12    3.8039266967e-03
    1.4690002642e+03    4.0802242297e-12    3.8039244428e-03
    1.4700000621e+03    4.0686090584e-12    3.8039221400e-03
    1.4710001408e+03    4.0648797629e-12    3.8039196801e-03
    1.4720002219e+03    4.0638333511e-12    3.8039170433e-03
    1.4730000272e+03    4.0683736158e-12    3.8039142374e-03
    1.4740001135e+03    4.0622840803e-12    3.8039112448e-03
    1.4750002027e+03    4.0566479899e-12    3.8039080315e-03
    1.4760000162e+03    4.0507909903e-12    3.8039045984e-03
    1.4770001107e+03    4.0491806788e-12    3.8039010256e-03
    1.4780002078e+03    4.0510787536e-12    3.8038974677e-03
    1.4790000294e+03    4.0547150347e-12    3.8038940762e-03
    1.4800001321e+03    4.0473291112e-12    3.8038909246e-03
    1.4810002375e+03    4.0428731408e-12    3.8038879953e-03
    1.4820000672e+03    4.0450299119e-12    3.8038852109e-03
    1.4830001775e+03    4.0537412904e-12    3.8038824764e-03
    1.4840000119e+03    4.0553138148e-12    3.8038797176e-03
    1.4850001271e+03    4.0523693282e-12    3.8038768710e-03
    1.4860002447e+03    4.0502852246e-12    3.8038738948e-03
    1.4870000865e+03    4.0509421387e-12    3.8038707760e-03
    1.4880002092e+03    4.0538808119e-12    3.8038675454e-03
    1.4890000562e+03    4.0525321034e-12    3.8038642993e-03
    1.4900001841e+03    4.0470791350e-12    3.8038611689e-03
    1.4910000359e+03    4.0460734170e-12    3.8038582763e-03
    1.4920001686e+03    4.0457972806e-12    3.8038556645e-03
    1.4930000256e+03    4.0437713110e-12    3.8038532676e-03
    1.4940001637e+03    4.0308103378e-12    3.8038509141e-03
    1.4950000261e+03    4.0272786979e-12    3.8038483895e-03
    1.4960001696e+03    4.0280809470e-12    3.8038455135e-03
    1.4970000372e+03    4.0200119491e-12    3.8038421984e-03
    1.4980001858e+03    4.0158146750e-12    3.8038384723e-03
    1.4990000589e+03    4.0098385007e-12    3.8038344878e-03
    1.5000002129e+03    4.0075334880e-12    3.8038304675e-03
    1.5010000909e+03    4.0076235957e-12    3.8038266437e-03
    1.5020002498e+03    4.0097193261e-12    3.8038231994e-03
    1.5030001330e+03    4.0034263216e-12    3.8038202270e-03
    1.5040000190e+03    4.0090972924e-12    3.8038176962e-03
    1.5050001861e+03    4.0159890769e-12    3.8038154830e-03
    1.5060000776e+03    4.0159919836e-12    3.8038134361e-03
    1.5070002499e+03    4.0136462771e-12    3.8038114224e-03
    1.5080001463e+03    4.0132887531e-12    3.8038093583e-03
    1.5090000450e+03    4.0107599245e-12    3.8038071854e-03
    1.5100002243e+03    4.0051412743e-12    3.8038048366e-03
    1.5110001276e+03    4.0001155908e-12    3.8038022314e-03
    1.5120000335e+03    3.9964938432e-12    3.8037993060e-03
    1.5130002204e+03    3.9985953870e-12    3.8037960697e-03
    1.5140001314e+03    4.0029670631e-12    3.8037926389e-03
    1.5150000450e+03    4.0026211658e-12    3.8037892058e-03
    1.5160002395e+03    3.9995778514e-12    3.8037859670e-03
    1.5170001582e+03    3.9903200134e-12    3.8037830485e-03
    1.5180000797e+03    3.9839281812e-12    3.8037804568e-03
    1.5190000039e+03    3.9797861344e-12    3.8037780991e-03
    1.5200002091e+03    3.9842217578e-12    3.8037758306e-03
    1.5210001384e+03    3.9882417233e-12    3.8037735063e-03
    1.5220000701e+03    3.9803325939e-12    3.8037710113e-03
    1.5230000043e+03    3.9736006778e-12    3.8037682744e-03
    1.5240002194e+03    3.9686244082e-12    3.8037652825e-03
    1.5250001586e+03    3.9718537514e-12    3.8037620971e-03
    1.5260001006e+03    3.9723827707e-12    3.8037588457e-03
    1.5270000452e+03    3.9783269712e-12    3.8037556937e-03
    1.5280002707e+03    3.9733943021e-12    3.8037527967e-03
    1.5290002204e+03    3.9685924345e-12    3.8037502506e-03
    1.5300001726e+03    3.9727257612e-12    3.8037480372e-03
    1.5310001274e+03    3.9755801402e-12    3.8037460091e-03
    1.5320000849e+03    3.9716415623e-12    3.8037439211e-03
    1.5330000451e+03    3.9665839051e-12    3.8037415132e-03
    1.5340000079e+03    3.9701649589e-12    3.8037386173e-03
    1.5350002516e+03    3.9791379404e-12    3.8037352199e-03
    1.5360002195e+03    3.9744785010e-12    3.8037314647e-03
    1.5370001899e+03    3.9627179948e-12    3.8037275824e-03
    1.5380001627e+03    3.9576341773e-12    3.8037238090e-03
    1.5390001378e+03    3.9488733849e-12    3.8037203182e-03
    1.5400001154e+03    3.9469288029e-12    3.8037171926e-03
    1.5410000956e+03    3.9477688391e-12    3.8037144316e-03
    1.5420000787e+03    3.9408189205e-12    3.8037119804e-03
    1.5430000646e+03    3.9360577467e-12    3.8037097659e-03
    1.5440000532e+03    3.9326772552e-12    3.8037077132e-03
    1.5450000444e+03    3.9313111064e-12    3.8037057489e-03
    1.5460000380e+03    3.9246722047e-12    3.8037037883e-03
    1.5470000341e+03    3.9272620740e-12    3.8037017320e-03
    1.5480000325e+03    3.9208789618e-12    3.8036994715e-03
    1.5490000335e+03    3.9282794188e-12    3.8036969145e-03
    1.5500000371e+03    3.9288375051e-12    3.8036940236e-03
    1.5510000433e+03    3.9236345130e-12    3.8036908447e-03
    1.5520000522e+03    3.9270905787e-12    3.8036875059e-03
    1.5530000637e+03    3.9308315010e-12    3.8036841781e-03
    1.5540000777e+03    3.9316744438e-12    3.8036810170e-03
    1.5550000944e+03    3.9392173291e-12    3.8036781161e-03
    1.5560001139e+03    3.9410747101e-12    3.8036754872e-03
    1.5570001361e+03    3.9343922079e-12    3.8036730788e-03
    1.5580001608e+03    3.9262708894e-12    3.8036707999e-03
    1.5590001882e+03    3.9333661430e-12    3.8036685509e-03
    1.5600002180e+03    3.9373308811e-12    3.8036662425e-03
    1.5610002502e+03    3.9365460722e-12    3.8036638051e-03
    1.5620000064e+03    3.9333893966e-12    3.8036611958e-03
    1.5630000435e+03    3.9234891780e-12    3.8036584114e-03
    1.5640000832e+03    3.9201755405e-12    3.8036555196e-03
    1.5650001254e+03    3.9209516293e-12    3.8036526583e-03
    1.5660001700e+03    3.9189372865e-12    3.8036500033e-03
    1.5670002170e+03    3.9133186363e-12    3.8036477054e-03
    1.5680002665e+03    3.9153882064e-12    3.8036458187e-03
    1.5690000401e+03    3.9149783618e-12    3.8036442578e-03
    1.5700000948e+03    3.9177280995e-12    3.8036428009e-03
    1.5710001522e+03    3.9183792002e-12    3.8036411584e-03
    1.5720002126e+03    3.9237333407e-12    3.8036390743e-03
    1.5730002757e+03    3.9215039022e-12    3.8036364210e-03
    1.5740000630e+03    3.9157893309e-12    3.8036332492e-03
    1.5750001312e+03    3.9095108600e-12    3.8036297465e-03
    1.5760002018e+03    3.8946372785e-12    3.8036261544e-03
    1.5770002750e+03    3.8951052571e-12    3.8036226741e-03
    1.5780000722e+03    3.9023981662e-12    3.8036194190e-03
    1.5790001503e+03    3.9118449397e-12    3.8036164148e-03
    1.5800002309e+03    3.9010552711e-12    3.8036136405e-03
    1.5810000356e+03    3.9004506776e-12    3.8036110664e-03
    1.5820001214e+03    3.9061623421e-12    3.8036086688e-03
    1.5830002098e+03    3.9092870441e-12    3.8036064286e-03
    1.5840000225e+03    3.9077087063e-12    3.8036043015e-03
    1.5850001163e+03    3.9045287770e-12    3.8036021948e-03
    1.5860002127e+03    3.9059937535e-12    3.8035999835e-03
    1.5870000332e+03    3.9021016829e-12    3.8035975512e-03
    1.5880001347e+03    3.8974916574e-12    3.8035948331e-03
    1.5890002385e+03    3.8909254232e-12    3.8035918486e-03
    1.5900000664e+03    3.8840539855e-12    3.8035886929e-03
    1.5910001752e+03    3.8776795935e-12    3.8035854918e-03
    1.5920000080e+03    3.8741741139e-12    3.8035823577e-03
    1.5930001217e+03    3.8742467813e-12    3.8035793519e-03
    1.5940002378e+03    3.8673143030e-12    3.8035764957e-03
    1.5950000782e+03    3.8712819478e-12    3.8035737943e-03
    1.5960001997e+03    3.8712354406e-12    3.8035712583e-03
    1.5970000457e+03    3.8665614678e-12    3.8035689116e-03
    1.5980001729e+03    3.8603324107e-12    3.8035667631e-03
    1.5990000242e+03    3.8518739151e-12    3.8035647837e-03
    1.6000001564e+03    3.8522198123e-12    3.8035628922e-03
    1.6010000126e+03    3.8521413315e-12    3.8035609733e-03
    1.6020001497e+03    3.8453338412e-12    3.8035589041e-03
    1.6030000110e+03    3.8287598405e-12    3.8035566110e-03
    1.6040001533e+03    3.8278296966e-12    3.8035541116e-03
    1.6050000195e+03    3.8303904989e-12    3.8035515408e-03
    1.6060001667e+03    3.8352243402e-12    3.8035491107e-03
    1.6070000377e+03    3.8233911665e-12    3.8035470284e-03
    1.6080001895e+03    3.8177579828e-12    3.8035453874e-03
    1.6090000652e+03    3.8125142968e-12    3.8035441012e-03
    1.6100002218e+03    3.8176969421e-12    3.8035429160e-03
    1.6110001027e+03    3.8206443354e-12    3.8035415083e-03
    1.6120002650e+03    3.8109824662e-12    3.8035396134e-03
    1.6130001518e+03    3.8070933022e-12    3.8035371272e-03
    1.6140000413e+03    3.8118428493e-12    3.8035341282e-03
    1.6150002116e+03    3.8149297642e-12    3.8035308299e-03
    1.6160001058e+03    3.8115754329e-12    3.8035274813e-03
    1.6170000024e+03    3.8074130392e-12    3.8035242703e-03
    1.6180001799e+03    3.8015327860e-12    3.8035212768e-03
    1.6190000814e+03    3.7985185386e-12    3.8035184792e-03
    1.6200002641e+03    3.7907663710e-12    3.8035157994e-03
    1.6210001710e+03    3.7876649226e-12    3.8035131793e-03
    1.6220000806e+03    3.7880805806e-12    3.8035106189e-03
    1.6230002713e+03    3.7882491692e-12    3.8035081706e-03
    1.6240001861e+03    3.7851535342e-12    3.8035058862e-03
    1.6250001034e+03    3.7800115828e-12    3.8035037533e-03
    1.6260000233e+03    3.7775263547e-12    3.8035016728e-03
    1.6270002240e+03    3.7785814866e-12    3.8034994902e-03
    1.6280001487e+03    3.7705560892e-12    3.8034970806e-03
    1.6290000757e+03    3.7700881106e-12    3.8034944180e-03
    1.6300000050e+03    3.7729541163e-12    3.8034915774e-03
    1.6310002150e+03    3.7724890444e-12    3.8034886834e-03
    1.6320001491e+03    3.7695794382e-12    3.8034858401e-03
    1.6330000857e+03    3.7589292911e-12    3.8034830784e-03
    1.6340000248e+03    3.7513050183e-12    3.8034803700e-03
    1.6350002450e+03    3.7494011301e-12    3.8034776805e-03
    1.6360001895e+03    3.7535548037e-12    3.8034750276e-03
    1.6370001367e+03    3.7466920861e-12    3.8034724878e-03
    1.6380000868e+03    3.7440208293e-12    3.8034701599e-03
    1.6390000396e+03    3.7352832905e-12    3.8034681005e-03
    1.6400002736e+03    3.7361930874e-12    3.8034662707e-03
    1.6410002317e+03    3.7287839104e-12    3.8034645334e-03
    1.6420001921e+03    3.7199242902e-12    3.8034627027e-03
    1.6430001551e+03    3.7065912595e-12    3.8034606200e-03
    1.6440001206e+03    3.6982228716e-12    3.8034582273e-03
    1.6450000885e+03    3.7053530055e-12    3.8034556023e-03
    1.6460000590e+03    3.7015859229e-12    3.8034529325e-03
    1.6470000320e+03    3.6930867335e-12    3.8034504563e-03
    1.6480000073e+03    3.6886656435e-12    3.8034483640e-03
    1.6490002634e+03    3.6826400554e-12    3.8034467099e-03
    1.6500002433e+03    3.6828028306e-12    3.8034453838e-03
    1.6510002255e+03    3.6796926621e-12    3.8034441511e-03
    1.6520002104e+03    3.6774690370e-12    3.8034427448e-03
    1.6530001981e+03    3.6693360917e-12    3.8034409581e-03
    1.6540001885e+03    3.6724520736e-12    3.8034387116e-03
    1.6550001816e+03    3.6744606029e-12    3.8034360632e-03
    1.6560001771e+03    3.6746175647e-12    3.8034331724e-03
    1.6570001749e+03    3.6712283531e-12    3.8034302288e-03
    1.6580001750e+03    3.6659439733e-12    3.8034273889e-03
    1.6590001775e+03    3.6634500251e-12    3.8034247341e-03
    1.6600001825e+03    3.6643423819e-12    3.8034222589e-03
    1.6610001904e+03    3.6617379791e-12    3.8034199020e-03
    1.6620002009e+03    3.6546892328e-12    3.8034176079e-03
    1.6630002142e+03    3.6525092081e-12    3.8034153797e-03
    1.6640002301e+03    3.6481375321e-12    3.8034132800e-03
    1.6650002485e+03    3.6471114671e-12    3.8034113720e-03
    1.6660002695e+03    3.6434199587e-12    3.8034096502e-03
    1.6670000145e+03    3.6397633307e-12    3.8034080087e-03
    1.6680000403e+03    3.6370252198e-12    3.8034062688e-03
    1.6690000686e+03    3.6396790364e-12    3.8034042689e-03
    1.6700000993e+03    3.6310083518e-12    3.8034019419e-03
    1.6710001323e+03    3.6213057887e-12    3.8033993643e-03
    1.6720001675e+03    3.6251978594e-12    3.8033966778e-03
    1.6730002050e+03    3.6258751204e-12    3.8033939983e-03
    1.6740002450e+03    3.6169253926e-12    3.8033913615e-03
    1.6750000092e+03    3.6065659155e-12    3.8033887238e-03
    1.6760000545e+03    3.6111207136e-12    3.8033860087e-03
    1.6770001025e+03    3.5990550039e-12    3.8033831921e-03
    1.6780001531e+03    3.5883031224e-12    3.8033803548e-03
    1.6790002064e+03    3.5812485626e-12    3.8033776355e-03
    1.6800002625e+03    3.5796760382e-12    3.8033751596e-03
    1.6810000427e+03    3.5770977957e-12    3.8033729739e-03
    1.6820001039e+03    3.5810567204e-12    3.8033710071e-03
    1.6830001676e+03    3.5903465321e-12    3.8033690967e-03
    1.6840002338e+03    3.5825158836e-12    3.8033670543e-03
    1.6850000240e+03    3.5733510600e-12    3.8033647511e-03
    1.6860000952e+03    3.5730778302e-12    3.8033621740e-03
    1.6870001689e+03    3.5775803078e-12    3.8033594412e-03
    1.6880002453e+03    3.5776646021e-12    3.8033567564e-03
    1.6890000458e+03    3.5673429121e-12    3.8033543342e-03
    1.6900001271e+03    3.5625352311e-12    3.8033523222e-03
    1.6910002109e+03    3.5584513182e-12    3.8033507538e-03
    1.6920000185e+03    3.5571956240e-12    3.8033495348e-03
    1.6930001070e+03    3.5464030487e-12    3.8033484737e-03
    1.6940001981e+03    3.5382584766e-12    3.8033473413e-03
    1.6950000133e+03    3.5367062991e-12    3.8033459360e-03
    1.6960001097e+03    3.5323491565e-12    3.8033441433e-03
    1.6970002088e+03    3.5255794533e-12    3.8033419726e-03
    1.6980000318e+03    3.5183592117e-12    3.8033395430e-03
    1.6990001356e+03    3.5111680371e-12    3.8033370256e-03
    1.7000002418e+03    3.5085868879e-12    3.8033345809e-03
    1.7010000719e+03    3.5001923397e-12    3.8033323041e-03
    1.7020001830e+03    3.5032908814e-12    3.8033302099e-03
    1.7030000182e+03    3.5033373886e-12    3.8033282660e-03
    1.7040001345e+03    3.5006748518e-12    3.8033264374e-03
    1.7050002533e+03    3.4982245041e-12    3.8033247282e-03
    1.7060000961e+03    3.4952800175e-12    3.8033231596e-03
    1.7070002200e+03    3.4904054824e-12    3.8033217296e-03
    1.7080000679e+03    3.4834526571e-12    3.8033203813e-03
    1.7090001969e+03    3.4798105626e-12    3.8033189874e-03
    1.7100000499e+03    3.4806680390e-12    3.8033173880e-03
    1.7110001840e+03    3.4829585182e-12    3.8033154556e-03
    1.7120000422e+03    3.4885451947e-12    3.8033131647e-03
    1.7130001814e+03    3.4881760438e-12    3.8033106055e-03
    1.7140000444e+03    3.4842345593e-12    3.8033079416e-03
    1.7150001884e+03    3.4794385051e-12    3.8033053181e-03
    1.7160000563e+03    3.4840717841e-12    3.8033027937e-03
    1.7170002053e+03    3.4897572884e-12    3.8033003184e-03
    1.7180000785e+03    3.4918472053e-12    3.8032977917e-03
    1.7190002327e+03    3.4985413343e-12    3.8032951437e-03
    1.7200001109e+03    3.4989250187e-12    3.8032924058e-03
    1.7210002700e+03    3.5011951510e-12    3.8032897015e-03
    1.7220001530e+03    3.5013521128e-12    3.8032871907e-03
    1.7230000385e+03    3.5012300314e-12    3.8032849729e-03
    1.7240002048e+03    3.5017212636e-12    3.8032830247e-03
    1.7250000951e+03    3.5008318136e-12    3.8032812025e-03
    1.7260002663e+03    3.5007126389e-12    3.8032793070e-03
    1.7270001614e+03    3.5059010975e-12    3.8032771852e-03
    1.7280000587e+03    3.5086682755e-12    3.8032747986e-03
    1.7290002370e+03    3.5058778439e-12    3.8032722385e-03
    1.7300001392e+03    3.5047296976e-12    3.8032696836e-03
    1.7310000439e+03    3.5033809891e-12    3.8032673205e-03
    1.7320002297e+03    3.4983843726e-12    3.8032652799e-03
    1.7330001395e+03    3.5014683808e-12    3.8032636023e-03
    1.7340000516e+03    3.4999220166e-12    3.8032622266e-03
    1.7350002447e+03    3.4922832103e-12    3.8032610102e-03
    1.7360001617e+03    3.4929401244e-12    3.8032597659e-03
    1.7370000814e+03    3.4907862600e-12    3.8032583067e-03
    1.7380000037e+03    3.4896061400e-12    3.8032565022e-03
    1.7390002073e+03    3.4896177668e-12    3.8032543257e-03
    1.7400001349e+03    3.4851821433e-12    3.8032518653e-03
    1.7410000649e+03    3.4957712497e-12    3.8032492838e-03
    1.7420002758e+03    3.4989802460e-12    3.8032467570e-03
    1.7430002106e+03    3.4942713927e-12    3.8032444095e-03
    1.7440001477e+03    3.4945097421e-12    3.8032422797e-03
    1.7450000871e+03    3.4955590606e-12    3.8032403401e-03
    1.7460000288e+03    3.4980094083e-12    3.8032385476e-03
    1.7470002512e+03    3.5009945887e-12    3.8032368870e-03
    1.7480001972e+03    3.5093135628e-12    3.8032353759e-03
    1.7490001455e+03    3.5072352726e-12    3.8032340311e-03
    1.7500000960e+03    3.5098513022e-12    3.8032328172e-03
    1.7510000487e+03    3.5143828468e-12    3.8032316202e-03
    1.7520000038e+03    3.5134875833e-12    3.8032302755e-03
    1.7530002399e+03    3.5095519121e-12    3.8032286403e-03
    1.7540001998e+03    3.5111476902e-12    3.8032266721e-03
    1.7550001620e+03    3.5122900231e-12    3.8032244550e-03
    1.7560001264e+03    3.5118133244e-12    3.8032221585e-03
    1.7570000931e+03    3.5101361587e-12    3.8032199480e-03
    1.7580000621e+03    3.5108076063e-12    3.8032178955e-03
    1.7590000336e+03    3.5043925205e-12    3.8032159459e-03
    1.7600000077e+03    3.4925419065e-12    3.8032139584e-03
    1.7610002630e+03    3.4978582600e-12    3.8032118025e-03
    1.7620002421e+03    3.5042210252e-12    3.8032094471e-03
    1.7630002238e+03    3.5075695431e-12    3.8032069887e-03
    1.7640002079e+03    3.5010556294e-12    3.8032046087e-03
    1.7650001944e+03    3.4909228749e-12    3.8032024700e-03
    1.7660001834e+03    3.4923326242e-12    3.8032006210e-03
    1.7670001746e+03    3.4936609858e-12    3.8031989657e-03
    1.7680001681e+03    3.4972245995e-12    3.8031973168e-03
    1.7690001638e+03    3.5027473286e-12    3.8031954931e-03
    1.7700001616e+03    3.5036745657e-12    3.8031934012e-03
    1.7710001618e+03    3.5002039665e-12    3.8031910643e-03
    1.7720001642e+03    3.5057935497e-12    3.8031885947e-03
    1.7730001690e+03    3.5063167556e-12    3.8031861371e-03
    1.7740001761e+03    3.5016689430e-12    3.8031838167e-03
    1.7750001853e+03    3.5004423158e-12    3.8031817118e-03
    1.7760001966e+03    3.5032153072e-12    3.8031798508e-03
    1.7770002101e+03    3.5042268386e-12    3.8031782090e-03
    1.7780002257e+03    3.5091885747e-12    3.8031767002e-03
    1.7790002438e+03    3.5092612422e-12    3.8031751863e-03
    1.7800002644e+03    3.5084328328e-12    3.8031735151e-03
    1.7810000092e+03    3.5007707729e-12    3.8031715837e-03
    1.7820000351e+03    3.5002243134e-12    3.8031693779e-03
    1.7830000635e+03    3.4973902813e-12    3.8031669791e-03
    1.7840000942e+03    3.4953701252e-12    3.8031645255e-03
    1.7850001273e+03    3.4914024803e-12    3.8031621494e-03
    1.7860001628e+03    3.4936755193e-12    3.8031599317e-03
    1.7870002006e+03    3.4891003743e-12    3.8031578958e-03
    1.7880002407e+03    3.4809528955e-12    3.8031560408e-03
    1.7890000046e+03    3.4740727378e-12    3.8031543712e-03
    1.7900000493e+03    3.4658671250e-12    3.8031529083e-03
    1.7910000964e+03    3.4636783803e-12    3.8031516670e-03
    1.7920001458e+03    3.4563505908e-12    3.8031506075e-03
    1.7930001976e+03    3.4531648481e-12    3.8031496177e-03
    1.7940002519e+03    3.4512813068e-12    3.8031485374e-03
    1.7950000300e+03    3.4469270709e-12    3.8031472213e-03
    1.7960000890e+03    3.4495489139e-12    3.8031456034e-03
    1.7970001503e+03    3.4549670018e-12    3.8031437342e-03
    1.7980002138e+03    3.4656462158e-12    3.8031417555e-03
    1.7990000009e+03    3.4604984510e-12    3.8031398300e-03
    1.8000000689e+03    3.4600973264e-12    3.8031380552e-03
    1.8010001392e+03    3.4583329598e-12    3.8031364113e-03
    1.8020002121e+03    3.4512522398e-12    3.8031347707e-03
    1.8030000090e+03    3.4495779809e-12    3.8031329800e-03
    1.8040000870e+03    3.4433431104e-12    3.8031309571e-03
    1.8050001675e+03    3.4418141864e-12    3.8031287579e-03
    1.8060002504e+03    3.4316058577e-12    3.8031265572e-03
    1.8070000572e+03    3.4301205342e-12    3.8031245538e-03
    1.8080001450e+03    3.4270743131e-12    3.8031228626e-03
    1.8090002352e+03    3.4218916679e-12    3.8031214532e-03
    1.8100000492e+03    3.4200255668e-12    3.8031201656e-03
    1.8110001442e+03    3.4163224316e-12    3.8031187939e-03
    1.8120002415e+03    3.4167409963e-12    3.8031171789e-03
    1.8130000626e+03    3.4099683864e-12    3.8031152565e-03
    1.8140001645e+03    3.4061431699e-12    3.8031130564e-03
    1.8150002688e+03    3.4070180864e-12    3.8031106736e-03
    1.8160000966e+03    3.4023295801e-12    3.8031082332e-03
    1.8170002053e+03    3.4010041251e-12    3.8031058623e-03
    1.8180000377e+03    3.4024952620e-12    3.8031036761e-03
    1.8190001509e+03    3.4045212315e-12    3.8031017500e-03
    1.8200002665e+03    3.4050240906e-12    3.8031000957e-03
    1.8210001060e+03    3.3998065649e-12    3.8030986361e-03
    1.8220002266e+03    3.3962865518e-12    3.8030972114e-03
    1.8230000712e+03    3.3963853796e-12    3.8030956416e-03
    1.8240001969e+03    3.3918770886e-12    3.8030938003e-03
    1.8250000465e+03    3.3955860372e-12    3.8030916683e-03
    1.8260001771e+03    3.3941879147e-12    3.8030893292e-03
    1.8270000314e+03    3.3922694930e-12    3.8030869247e-03
    1.8280001666e+03    3.3844853517e-12    3.8030845842e-03
    1.8290000256e+03    3.3692920333e-12    3.8030823945e-03
    1.8300001656e+03    3.3710273329e-12    3.8030804000e-03
    1.8310000293e+03    3.3496805316e-12    3.8030786278e-03
    1.8320001741e+03    3.3487387610e-12    3.8030771019e-03
    1.8330000428e+03    3.3424690101e-12    3.8030758368e-03
    1.8340001924e+03    3.3410156603e-12    3.8030748024e-03
    1.8350000658e+03    3.3469889279e-12    3.8030739078e-03
    1.8360002202e+03    3.3442740705e-12    3.8030730119e-03
    1.8370000985e+03    3.3429253619e-12    3.8030719628e-03
    1.8380002577e+03    3.3309265063e-12    3.8030706484e-03
    1.8390001406e+03    3.3320833727e-12    3.8030690424e-03
    1.8400000258e+03    3.3271419835e-12    3.8030672149e-03
    1.8410001917e+03    3.3300486830e-12    3.8030653042e-03
    1.8420000813e+03    3.3316996884e-12    3.8030634566e-03
    1.8430002517e+03    3.3274471870e-12    3.8030617529e-03
    1.8440001458e+03    3.3291941134e-12    3.8030601740e-03
    1.8450000424e+03    3.3267553925e-12    3.8030586187e-03
    1.8460002200e+03    3.3236859178e-12    3.8030569733e-03
    1.8470001213e+03    3.3213750917e-12    3.8030551898e-03
    1.8480000250e+03    3.3169104012e-12    3.8030533229e-03
    1.8490002096e+03    3.3132886536e-12    3.8030515081e-03
    1.8500001179e+03    3.3075595488e-12    3.8030498852e-03
    1.8510000287e+03    3.3026297864e-12    3.8030485129e-03
    1.8520002205e+03    3.2972116985e-12    3.8030473371e-03
    1.8530001361e+03    3.2910494955e-12    3.8030462177e-03
    1.8540000541e+03    3.2850878548e-12    3.8030449905e-03
    1.8550002528e+03    3.2837187993e-12    3.8030435304e-03
    1.8560001752e+03    3.2802598269e-12    3.8030417859e-03
    1.8570000998e+03    3.2777978524e-12    3.8030397763e-03
    1.8580000268e+03    3.2776292638e-12    3.8030375760e-03
    1.8590002347e+03    3.2775159025e-12    3.8030352955e-03
    1.8600001665e+03    3.2805679370e-12    3.8030330707e-03
    1.8610001007e+03    3.2813236789e-12    3.8030310345e-03
    1.8620000373e+03    3.2784780201e-12    3.8030292816e-03
    1.8630002549e+03    3.2696707205e-12    3.8030278249e-03
    1.8640001961e+03    3.2548058591e-12    3.8030265715e-03
    1.8650001397e+03    3.2414205078e-12    3.8030253393e-03
    1.8660000857e+03    3.2408566081e-12    3.8030239323e-03
    1.8670000341e+03    3.2493296372e-12    3.8030222172e-03
    1.8680002635e+03    3.2569015895e-12    3.8030201725e-03
    1.8690002166e+03    3.2543989212e-12    3.8030178861e-03
    1.8700001719e+03    3.2456061552e-12    3.8030155000e-03
    1.8710001295e+03    3.2359181256e-12    3.8030131529e-03
    1.8720000894e+03    3.2331829214e-12    3.8030109462e-03
    1.8730000517e+03    3.2320725622e-12    3.8030089466e-03
    1.8740000163e+03    3.2290176210e-12    3.8030072065e-03
    1.8750002617e+03    3.2299157911e-12    3.8030057646e-03
    1.8760002308e+03    3.2236576670e-12    3.8030046212e-03
    1.8770002021e+03    3.2179489092e-12    3.8030037067e-03
    1.8780001758e+03    3.2169054041e-12    3.8030028809e-03
    1.8790001518e+03    3.2141295060e-12    3.8030019644e-03
    1.8800001304e+03    3.2108304020e-12    3.8030007938e-03
    1.8810001114e+03    3.2062261900e-12    3.8029992802e-03
    1.8820000949e+03    3.2015057100e-12    3.8029974463e-03
    1.8830000807e+03    3.2034909858e-12    3.8029954242e-03
    1.8840000689e+03    3.2051332710e-12    3.8029934088e-03
    1.8850000592e+03    3.2000232932e-12    3.8029915800e-03
    1.8860000518e+03    3.1986949315e-12    3.8029900228e-03
    1.8870000468e+03    3.1983257807e-12    3.8029886903e-03
    1.8880000441e+03    3.1932012694e-12    3.8029874342e-03
    1.8890000437e+03    3.1836236945e-12    3.8029860833e-03
    1.8900000456e+03    3.1889778350e-12    3.8029845394e-03
    1.8910000498e+03    3.1898789119e-12    3.8029828314e-03
    1.8920000564e+03    3.1877773681e-12    3.8029810998e-03
    1.8930000654e+03    3.1845887187e-12    3.8029795220e-03
    1.8940000768e+03    3.1763104385e-12    3.8029782236e-03
    1.8950000906e+03    3.1769731660e-12    3.8029772181e-03
    1.8960001067e+03    3.1725724229e-12    3.8029764016e-03
    1.8970001250e+03    3.1691396108e-12    3.8029755981e-03
    1.8980001454e+03    3.1651312721e-12    3.8029746253e-03
    1.8990001680e+03    3.1635122405e-12    3.8029733527e-03
    1.9000001929e+03    3.1606404214e-12    3.8029717341e-03
    1.9010002204e+03    3.1537917325e-12    3.8029698139e-03
    1.9020002504e+03    3.1539852679e-12    3.8029677151e-03
    1.9030000042e+03    3.1527487322e-12    3.8029656102e-03
    1.9040000391e+03    3.1528139051e-12    3.8029636775e-03
    1.9050000764e+03    3.1536469193e-12    3.8029620538e-03
    1.9060001159e+03    3.1529140563e-12    3.8029607784e-03
    1.9070001577e+03    3.1520925460e-12    3.8029597688e-03
    1.9080002017e+03    3.1518611155e-12    3.8029588449e-03
    1.9090002482e+03    3.1519835977e-12    3.8029577941e-03
    1.9100000186e+03    3.1539839145e-12    3.8029564498e-03
    1.9110000699e+03    3.1551194123e-12    3.8029547470e-03
    1.9120001236e+03    3.1538255674e-12    3.8029527319e-03
    1.9130001796e+03    3.1523199162e-12    3.8029505227e-03
    1.9140002379e+03    3.1533789473e-12    3.8029482545e-03
    1.9150000197e+03    3.1520228462e-12    3.8029460452e-03
    1.9160000824e+03    3.1542146682e-12    3.8029439935e-03
    1.9170001472e+03    3.1570189012e-12    3.8029421856e-03
    1.9180002143e+03    3.1581388350e-12    3.8029406791e-03
    1.9190000049e+03    3.1577903360e-12    3.8029394728e-03
    1.9200000764e+03    3.1577977796e-12    3.8029384830e-03
    1.9210001504e+03    3.1579879315e-12    3.8029375525e-03
    1.9220002270e+03    3.1575074766e-12    3.8029364925e-03
    1.9230000275e+03    3.1578025165e-12    3.8029351487e-03
    1.9240001092e+03    3.1609457748e-12    3.8029334586e-03
    1.9250001934e+03    3.1586551549e-12    3.8029314796e-03
    1.9260000012e+03    3.1572083764e-12    3.8029293706e-03
    1.9270000901e+03    3.1560613748e-12    3.8029273336e-03
    1.9280001811e+03    3.1567360418e-12    3.8029255360e-03
    1.9290002744e+03    3.1569397277e-12    3.8029240354e-03
    1.9300000913e+03    3.1529262369e-12    3.8029227582e-03
    1.9310001892e+03    3.1535460915e-12    3.8029215338e-03
    1.9320000109e+03    3.1571698047e-12    3.8029201850e-03
    1.9330001136e+03    3.1637337671e-12    3.8029186180e-03
    1.9340002189e+03    3.1631125591e-12    3.8029168804e-03
    1.9350000479e+03    3.1644977581e-12    3.8029151425e-03
    1.9360001579e+03    3.1642088085e-12    3.8029136206e-03
    1.9370002702e+03    3.1646723460e-12    3.8029124821e-03
    1.9380001059e+03    3.1645938491e-12    3.8029117653e-03
    1.9390002223e+03    3.1637371505e-12    3.8029113557e-03
    1.9400000622e+03    3.1646067064e-12    3.8029110250e-03
    1.9410001829e+03    3.1640071527e-12    3.8029105094e-03
    1.9420000271e+03    3.1620122495e-12    3.8029095999e-03
    1.9430001524e+03    3.1629251140e-12    3.8029082046e-03
    1.9440000014e+03    3.1633548167e-12    3.8029063756e-03
    1.9450001316e+03    3.1697211834e-12    3.8029042836e-03
    1.9460002642e+03    3.1712464588e-12    3.8029021736e-03
    1.9470001205e+03    3.1720815031e-12    3.8029002939e-03
    1.9480002578e+03    3.1732285048e-12    3.8028988237e-03
    1.9490001185e+03    3.1754656656e-12    3.8028978162e-03
    1.9500002603e+03    3.1762980031e-12    3.8028971699e-03
    1.9510001257e+03    3.1758019840e-12    3.8028966597e-03
    1.9520002724e+03    3.1777813232e-12    3.8028960098e-03
    1.9530001430e+03    3.1757573220e-12    3.8028949968e-03
    1.9540000162e+03    3.1790379498e-12    3.8028935274e-03
    1.9550001705e+03    3.1836997165e-12    3.8028916535e-03
    1.9560000484e+03    3.1907170659e-12    3.8028895230e-03
    1.9570002073e+03    3.1916874497e-12    3.8028873049e-03
    1.9580000897e+03    3.1915013579e-12    3.8028851517e-03
    1.9590002528e+03    3.1918369997e-12    3.8028831827e-03
    1.9600001394e+03    3.1938352864e-12    3.8028814907e-03
    1.9610000281e+03    3.1940836343e-12    3.8028801250e-03
    1.9620001977e+03    3.1931139272e-12    3.8028790682e-03
    1.9630000909e+03    3.1946946918e-12    3.8028782201e-03
    1.9640002652e+03    3.1962233507e-12    3.8028774068e-03
    1.9650001632e+03    3.1978555442e-12    3.8028764328e-03
    1.9660000636e+03    3.1985525422e-12    3.8028751509e-03
    1.9670002451e+03    3.1971165909e-12    3.8028735189e-03
    1.9680001502e+03    3.1964933528e-12    3.8028716171e-03
    1.9690000574e+03    3.1969562137e-12    3.8028696123e-03
    1.9700002456e+03    3.1976938136e-12    3.8028676911e-03
    1.9710001571e+03    3.1951203343e-12    3.8028659894e-03
    1.9720000708e+03    3.1968831304e-12    3.8028645378e-03
    1.9730002655e+03    3.1950939431e-12    3.8028632481e-03
    1.9740001839e+03    3.1968059869e-12    3.8028619519e-03
    1.9750001048e+03    3.1957848509e-12    3.8028604863e-03
    1.9760000283e+03    3.1946019843e-12    3.8028587923e-03
    1.9770002330e+03    3.1957591364e-12    3.8028569502e-03
    1.9780001615e+03    3.1977520095e-12    3.8028551501e-03
    1.9790000924e+03    3.2006969955e-12    3.8028536114e-03
    1.9800000254e+03    3.1997760107e-12    3.8028524928e-03
    1.9810002394e+03    3.1951602594e-12    3.8028518195e-03
    1.9820001769e+03    3.2015435436e-12    3.8028514584e-03
    1.9830001167e+03    3.2067947135e-12    3.8028511543e-03
    1.9840000587e+03    3.2047964269e-12    3.8028506167e-03
    1.9850000031e+03    3.2060341059e-12    3.8028496228e-03
    1.9860002285e+03    3.2073205072e-12    3.8028480911e-03
    1.9870001776e+03    3.2059474887e-12    3.8028461044e-03
    1.9880001290e+03    3.2088112710e-12    3.8028438772e-03
    1.9890000827e+03    3.2081690855e-12    3.8028416908e-03
    1.9900000386e+03    3.2074111846e-12    3.8028398157e-03
    1.9910002753e+03    3.2050691358e-12    3.8028384384e-03
    1.9920002354e+03    3.2065531327e-12    3.8028376065e-03
    1.9930001977e+03    3.2055150792e-12    3.8028372039e-03
    1.9940001625e+03    3.2022364815e-12    3.8028369735e-03
    1.9950001299e+03    3.2023799413e-12    3.8028365987e-03
    1.9960000998e+03    3.2045183043e-12    3.8028358205e-03
    1.9970000722e+03    3.2046752981e-12    3.8028345338e-03
    1.9980000469e+03    3.2043186787e-12    3.8028328060e-03
    1.9990000240e+03    3.2095015021e-12    3.8028308317e-03
    2.0000000000e+03    3.2124728793e-12    3.8028288455e-03
